"model","estimator","x","y"
"gpt-6-sol","student_linear",0.049998,0.242688156318192
"gpt-6-sol","student_linear",0.0526735852842809,0.298738038768381
"gpt-6-sol","student_linear",0.0553491705685619,0.354787921218569
"gpt-6-sol","student_linear",0.0580247558528428,0.410837803668757
"gpt-6-sol","student_linear",0.0607003411371237,0.466887686118946
"gpt-6-sol","student_linear",0.0633759264214047,0.522937568569135
"gpt-6-sol","student_linear",0.0660515117056856,0.578987451019323
"gpt-6-sol","student_linear",0.0687270969899666,0.635037333469511
"gpt-6-sol","student_linear",0.0714026822742475,0.6910872159197
"gpt-6-sol","student_linear",0.0740782675585284,0.747137098369889
"gpt-6-sol","student_linear",0.0767538528428094,0.803186980820077
"gpt-6-sol","student_linear",0.0794294381270903,0.859236863270265
"gpt-6-sol","student_linear",0.0821050234113712,0.915286745720454
"gpt-6-sol","student_linear",0.0847806086956522,0.971336628170642
"gpt-6-sol","student_linear",0.0874561939799331,1.02738651062083
"gpt-6-sol","student_linear",0.090131779264214,1.08343639307102
"gpt-6-sol","student_linear",0.092807364548495,1.13948627552121
"gpt-6-sol","student_linear",0.0954829498327759,1.1955361579714
"gpt-6-sol","student_linear",0.0981585351170569,1.25158604042158
"gpt-6-sol","student_linear",0.100834120401338,1.30763592287177
"gpt-6-sol","student_linear",0.103509705685619,1.36368580532196
"gpt-6-sol","student_linear",0.1061852909699,1.41973568777215
"gpt-6-sol","student_linear",0.108860876254181,1.47578557022234
"gpt-6-sol","student_linear",0.111536461538462,1.53183545267253
"gpt-6-sol","student_linear",0.114212046822742,1.58788533512272
"gpt-6-sol","student_linear",0.116887632107023,1.6439352175729
"gpt-6-sol","student_linear",0.119563217391304,1.69998510002309
"gpt-6-sol","student_linear",0.122238802675585,1.75603498247328
"gpt-6-sol","student_linear",0.124914387959866,1.81208486492347
"gpt-6-sol","student_linear",0.127589973244147,1.86813474737366
"gpt-6-sol","student_linear",0.130265558528428,1.92418462982385
"gpt-6-sol","student_linear",0.132941143812709,1.98023451227404
"gpt-6-sol","student_linear",0.13561672909699,2.03628439472422
"gpt-6-sol","student_linear",0.138292314381271,2.09233427717441
"gpt-6-sol","student_linear",0.140967899665552,2.1483841596246
"gpt-6-sol","student_linear",0.143643484949833,2.20443404207479
"gpt-6-sol","student_linear",0.146319070234114,2.26048392452498
"gpt-6-sol","student_linear",0.148994655518395,2.31653380697517
"gpt-6-sol","student_linear",0.151670240802676,2.37258368942536
"gpt-6-sol","student_linear",0.154345826086957,2.42863357187554
"gpt-6-sol","student_linear",0.157021411371237,2.48468345432573
"gpt-6-sol","student_linear",0.159696996655518,2.54073333677592
"gpt-6-sol","student_linear",0.162372581939799,2.59678321922611
"gpt-6-sol","student_linear",0.16504816722408,2.6528331016763
"gpt-6-sol","student_linear",0.167723752508361,2.70888298412649
"gpt-6-sol","student_linear",0.170399337792642,2.76493286657667
"gpt-6-sol","student_linear",0.173074923076923,2.82098274902686
"gpt-6-sol","student_linear",0.175750508361204,2.87703263147705
"gpt-6-sol","student_linear",0.178426093645485,2.93308251392724
"gpt-6-sol","student_linear",0.181101678929766,2.98913239637743
"gpt-6-sol","student_linear",0.183777264214047,3.04518227882762
"gpt-6-sol","student_linear",0.186452849498328,3.10123216127781
"gpt-6-sol","student_linear",0.189128434782609,3.15728204372799
"gpt-6-sol","student_linear",0.19180402006689,3.21333192617818
"gpt-6-sol","student_linear",0.194479605351171,3.26938180862837
"gpt-6-sol","student_linear",0.197155190635452,3.32543169107856
"gpt-6-sol","student_linear",0.199830775919732,3.38148157352875
"gpt-6-sol","student_linear",0.202506361204013,3.43753145597894
"gpt-6-sol","student_linear",0.205181946488294,3.49358133842912
"gpt-6-sol","student_linear",0.207857531772575,3.54963122087931
"gpt-6-sol","student_linear",0.210533117056856,3.6056811033295
"gpt-6-sol","student_linear",0.213208702341137,3.66173098577969
"gpt-6-sol","student_linear",0.215884287625418,3.71778086822988
"gpt-6-sol","student_linear",0.218559872909699,3.77383075068007
"gpt-6-sol","student_linear",0.22123545819398,3.82988063313026
"gpt-6-sol","student_linear",0.223911043478261,3.88593051558044
"gpt-6-sol","student_linear",0.226586628762542,3.94198039803063
"gpt-6-sol","student_linear",0.229262214046823,3.99803028048082
"gpt-6-sol","student_linear",0.231937799331104,4.05408016293101
"gpt-6-sol","student_linear",0.234613384615385,4.1101300453812
"gpt-6-sol","student_linear",0.237288969899666,4.16617992783139
"gpt-6-sol","student_linear",0.239964555183946,4.22222981028157
"gpt-6-sol","student_linear",0.242640140468227,4.27827969273176
"gpt-6-sol","student_linear",0.245315725752508,4.33432957518195
"gpt-6-sol","student_linear",0.247991311036789,4.39037945763214
"gpt-6-sol","student_linear",0.25066689632107,4.44642934008233
"gpt-6-sol","student_linear",0.253342481605351,4.50247922253252
"gpt-6-sol","student_linear",0.256018066889632,4.55852910498271
"gpt-6-sol","student_linear",0.258693652173913,4.61457898743289
"gpt-6-sol","student_linear",0.261369237458194,4.67062886988308
"gpt-6-sol","student_linear",0.264044822742475,4.72667875233327
"gpt-6-sol","student_linear",0.266720408026756,4.78272863478346
"gpt-6-sol","student_linear",0.269395993311037,4.83877851723365
"gpt-6-sol","student_linear",0.272071578595318,4.89482839968384
"gpt-6-sol","student_linear",0.274747163879599,4.95087828213402
"gpt-6-sol","student_linear",0.27742274916388,5.00692816458421
"gpt-6-sol","student_linear",0.280098334448161,5.0629780470344
"gpt-6-sol","student_linear",0.282773919732441,5.11902792948459
"gpt-6-sol","student_linear",0.285449505016722,5.17507781193478
"gpt-6-sol","student_linear",0.288125090301003,5.23112769438497
"gpt-6-sol","student_linear",0.290800675585284,5.28717757683516
"gpt-6-sol","student_linear",0.293476260869565,5.34322745928534
"gpt-6-sol","student_linear",0.296151846153846,5.39927734173553
"gpt-6-sol","student_linear",0.298827431438127,5.45532722418572
"gpt-6-sol","student_linear",0.301503016722408,5.51137710663591
"gpt-6-sol","student_linear",0.304178602006689,5.5674269890861
"gpt-6-sol","student_linear",0.30685418729097,5.62347687153629
"gpt-6-sol","student_linear",0.309529772575251,5.67952675398648
"gpt-6-sol","student_linear",0.312205357859532,5.73557663643666
"gpt-6-sol","student_linear",0.314880943143813,5.79162651888685
"gpt-6-sol","student_linear",0.317556528428094,5.84767640133704
"gpt-6-sol","student_linear",0.320232113712375,5.90372628378723
"gpt-6-sol","student_linear",0.322907698996656,5.95977616623742
"gpt-6-sol","student_linear",0.325583284280936,6.01582604868761
"gpt-6-sol","student_linear",0.328258869565217,6.0718759311378
"gpt-6-sol","student_linear",0.330934454849498,6.12792581358798
"gpt-6-sol","student_linear",0.333610040133779,6.18397569603817
"gpt-6-sol","student_linear",0.33628562541806,6.24002557848836
"gpt-6-sol","student_linear",0.338961210702341,6.29607546093855
"gpt-6-sol","student_linear",0.341636795986622,6.35212534338874
"gpt-6-sol","student_linear",0.344312381270903,6.40817522583893
"gpt-6-sol","student_linear",0.346987966555184,6.46422510828911
"gpt-6-sol","student_linear",0.349663551839465,6.5202749907393
"gpt-6-sol","student_linear",0.352339137123746,6.57632487318949
"gpt-6-sol","student_linear",0.355014722408027,6.63237475563968
"gpt-6-sol","student_linear",0.357690307692308,6.68842463808987
"gpt-6-sol","student_linear",0.360365892976589,6.74447452054006
"gpt-6-sol","student_linear",0.36304147826087,6.80052440299024
"gpt-6-sol","student_linear",0.365717063545151,6.85657428544043
"gpt-6-sol","student_linear",0.368392648829431,6.91262416789062
"gpt-6-sol","student_linear",0.371068234113712,6.96867405034081
"gpt-6-sol","student_linear",0.373743819397993,7.024723932791
"gpt-6-sol","student_linear",0.376419404682274,7.08077381524119
"gpt-6-sol","student_linear",0.379094989966555,7.13682369769138
"gpt-6-sol","student_linear",0.381770575250836,7.19287358014156
"gpt-6-sol","student_linear",0.384446160535117,7.24892346259175
"gpt-6-sol","student_linear",0.387121745819398,7.30497334504194
"gpt-6-sol","student_linear",0.389797331103679,7.36102322749213
"gpt-6-sol","student_linear",0.39247291638796,7.41707310994232
"gpt-6-sol","student_linear",0.395148501672241,7.47312299239251
"gpt-6-sol","student_linear",0.397824086956522,7.5291728748427
"gpt-6-sol","student_linear",0.400499672240803,7.58522275729288
"gpt-6-sol","student_linear",0.403175257525084,7.64127263974307
"gpt-6-sol","student_linear",0.405850842809365,7.69732252219326
"gpt-6-sol","student_linear",0.408526428093646,7.75337240464345
"gpt-6-sol","student_linear",0.411202013377926,7.80942228709364
"gpt-6-sol","student_linear",0.413877598662207,7.86547216954383
"gpt-6-sol","student_linear",0.416553183946488,7.92152205199402
"gpt-6-sol","student_linear",0.419228769230769,7.9775719344442
"gpt-6-sol","student_linear",0.42190435451505,8.03362181689439
"gpt-6-sol","student_linear",0.424579939799331,8.08967169934458
"gpt-6-sol","student_linear",0.427255525083612,8.14572158179477
"gpt-6-sol","student_linear",0.429931110367893,8.20177146424496
"gpt-6-sol","student_linear",0.432606695652174,8.25782134669515
"gpt-6-sol","student_linear",0.435282280936455,8.31387122914533
"gpt-6-sol","student_linear",0.437957866220736,8.36992111159552
"gpt-6-sol","student_linear",0.440633451505017,8.42597099404571
"gpt-6-sol","student_linear",0.443309036789298,8.4820208764959
"gpt-6-sol","student_linear",0.445984622073579,8.53807075894609
"gpt-6-sol","student_linear",0.44866020735786,8.59412064139628
"gpt-6-sol","student_linear",0.451335792642141,8.65017052384647
"gpt-6-sol","student_linear",0.454011377926421,8.70622040629665
"gpt-6-sol","student_linear",0.456686963210702,8.76227028874684
"gpt-6-sol","student_linear",0.459362548494983,8.81832017119703
"gpt-6-sol","student_linear",0.462038133779264,8.87437005364722
"gpt-6-sol","student_linear",0.464713719063545,8.93041993609741
"gpt-6-sol","student_linear",0.467389304347826,8.9864698185476
"gpt-6-sol","student_linear",0.470064889632107,9.04251970099778
"gpt-6-sol","student_linear",0.472740474916388,9.09856958344797
"gpt-6-sol","student_linear",0.475416060200669,9.15461946589816
"gpt-6-sol","student_linear",0.47809164548495,9.21066934834835
"gpt-6-sol","student_linear",0.480767230769231,9.26671923079854
"gpt-6-sol","student_linear",0.483442816053512,9.32276911324873
"gpt-6-sol","student_linear",0.486118401337793,9.37881899569892
"gpt-6-sol","student_linear",0.488793986622074,9.43486887814911
"gpt-6-sol","student_linear",0.491469571906355,9.49091876059929
"gpt-6-sol","student_linear",0.494145157190636,9.54696864304948
"gpt-6-sol","student_linear",0.496820742474916,9.60301852549967
"gpt-6-sol","student_linear",0.499496327759197,9.65906840794986
"gpt-6-sol","student_linear",0.502171913043478,9.71511829040005
"gpt-6-sol","student_linear",0.504847498327759,9.77116817285023
"gpt-6-sol","student_linear",0.50752308361204,9.82721805530043
"gpt-6-sol","student_linear",0.510198668896321,9.88326793775061
"gpt-6-sol","student_linear",0.512874254180602,9.9393178202008
"gpt-6-sol","student_linear",0.515549839464883,9.99536770265099
"gpt-6-sol","student_linear",0.518225424749164,10.0514175851012
"gpt-6-sol","student_linear",0.520901010033445,10.1074674675514
"gpt-6-sol","student_linear",0.523576595317726,10.1635173500016
"gpt-6-sol","student_linear",0.526252180602007,10.2195672324517
"gpt-6-sol","student_linear",0.528927765886288,10.2756171149019
"gpt-6-sol","student_linear",0.531603351170569,10.3316669973521
"gpt-6-sol","student_linear",0.53427893645485,10.3877168798023
"gpt-6-sol","student_linear",0.53695452173913,10.4437667622525
"gpt-6-sol","student_linear",0.539630107023411,10.4998166447027
"gpt-6-sol","student_linear",0.542305692307692,10.5558665271529
"gpt-6-sol","student_linear",0.544981277591973,10.6119164096031
"gpt-6-sol","student_linear",0.547656862876254,10.6679662920533
"gpt-6-sol","student_linear",0.550332448160535,10.7240161745034
"gpt-6-sol","student_linear",0.553008033444816,10.7800660569536
"gpt-6-sol","student_linear",0.555683618729097,10.8361159394038
"gpt-6-sol","student_linear",0.558359204013378,10.892165821854
"gpt-6-sol","student_linear",0.561034789297659,10.9482157043042
"gpt-6-sol","student_linear",0.56371037458194,11.0042655867544
"gpt-6-sol","student_linear",0.566385959866221,11.0603154692046
"gpt-6-sol","student_linear",0.569061545150502,11.1163653516548
"gpt-6-sol","student_linear",0.571737130434783,11.1724152341049
"gpt-6-sol","student_linear",0.574412715719064,11.2284651165551
"gpt-6-sol","student_linear",0.577088301003345,11.2845149990053
"gpt-6-sol","student_linear",0.579763886287625,11.3405648814555
"gpt-6-sol","student_linear",0.582439471571906,11.3966147639057
"gpt-6-sol","student_linear",0.585115056856187,11.4526646463559
"gpt-6-sol","student_linear",0.587790642140468,11.5087145288061
"gpt-6-sol","student_linear",0.590466227424749,11.5647644112563
"gpt-6-sol","student_linear",0.59314181270903,11.6208142937065
"gpt-6-sol","student_linear",0.595817397993311,11.6768641761566
"gpt-6-sol","student_linear",0.598492983277592,11.7329140586068
"gpt-6-sol","student_linear",0.601168568561873,11.788963941057
"gpt-6-sol","student_linear",0.603844153846154,11.8450138235072
"gpt-6-sol","student_linear",0.606519739130435,11.9010637059574
"gpt-6-sol","student_linear",0.609195324414716,11.9571135884076
"gpt-6-sol","student_linear",0.611870909698997,12.0131634708578
"gpt-6-sol","student_linear",0.614546494983278,12.069213353308
"gpt-6-sol","student_linear",0.617222080267559,12.1252632357582
"gpt-6-sol","student_linear",0.61989766555184,12.1813131182083
"gpt-6-sol","student_linear",0.62257325083612,12.2373630006585
"gpt-6-sol","student_linear",0.625248836120401,12.2934128831087
"gpt-6-sol","student_linear",0.627924421404682,12.3494627655589
"gpt-6-sol","student_linear",0.630600006688963,12.4055126480091
"gpt-6-sol","student_linear",0.633275591973244,12.4615625304593
"gpt-6-sol","student_linear",0.635951177257525,12.5176124129095
"gpt-6-sol","student_linear",0.638626762541806,12.5736622953597
"gpt-6-sol","student_linear",0.641302347826087,12.6297121778098
"gpt-6-sol","student_linear",0.643977933110368,12.68576206026
"gpt-6-sol","student_linear",0.646653518394649,12.7418119427102
"gpt-6-sol","student_linear",0.64932910367893,12.7978618251604
"gpt-6-sol","student_linear",0.652004688963211,12.8539117076106
"gpt-6-sol","student_linear",0.654680274247492,12.9099615900608
"gpt-6-sol","student_linear",0.657355859531773,12.966011472511
"gpt-6-sol","student_linear",0.660031444816054,13.0220613549612
"gpt-6-sol","student_linear",0.662707030100334,13.0781112374114
"gpt-6-sol","student_linear",0.665382615384615,13.1341611198615
"gpt-6-sol","student_linear",0.668058200668896,13.1902110023117
"gpt-6-sol","student_linear",0.670733785953177,13.2462608847619
"gpt-6-sol","student_linear",0.673409371237458,13.3023107672121
"gpt-6-sol","student_linear",0.676084956521739,13.3583606496623
"gpt-6-sol","student_linear",0.67876054180602,13.4144105321125
"gpt-6-sol","student_linear",0.681436127090301,13.4704604145627
"gpt-6-sol","student_linear",0.684111712374582,13.5265102970129
"gpt-6-sol","student_linear",0.686787297658863,13.5825601794631
"gpt-6-sol","student_linear",0.689462882943144,13.6386100619132
"gpt-6-sol","student_linear",0.692138468227425,13.6946599443634
"gpt-6-sol","student_linear",0.694814053511706,13.7507098268136
"gpt-6-sol","student_linear",0.697489638795987,13.8067597092638
"gpt-6-sol","student_linear",0.700165224080268,13.862809591714
"gpt-6-sol","student_linear",0.702840809364549,13.9188594741642
"gpt-6-sol","student_linear",0.70551639464883,13.9749093566144
"gpt-6-sol","student_linear",0.70819197993311,14.0309592390646
"gpt-6-sol","student_linear",0.710867565217391,14.0870091215148
"gpt-6-sol","student_linear",0.713543150501672,14.1430590039649
"gpt-6-sol","student_linear",0.716218735785953,14.1991088864151
"gpt-6-sol","student_linear",0.718894321070234,14.2551587688653
"gpt-6-sol","student_linear",0.721569906354515,14.3112086513155
"gpt-6-sol","student_linear",0.724245491638796,14.3672585337657
"gpt-6-sol","student_linear",0.726921076923077,14.4233084162159
"gpt-6-sol","student_linear",0.729596662207358,14.4793582986661
"gpt-6-sol","student_linear",0.732272247491639,14.5354081811163
"gpt-6-sol","student_linear",0.73494783277592,14.5914580635664
"gpt-6-sol","student_linear",0.737623418060201,14.6475079460166
"gpt-6-sol","student_linear",0.740299003344482,14.7035578284668
"gpt-6-sol","student_linear",0.742974588628763,14.759607710917
"gpt-6-sol","student_linear",0.745650173913044,14.8156575933672
"gpt-6-sol","student_linear",0.748325759197324,14.8717074758174
"gpt-6-sol","student_linear",0.751001344481605,14.9277573582676
"gpt-6-sol","student_linear",0.753676929765886,14.9838072407178
"gpt-6-sol","student_linear",0.756352515050167,15.039857123168
"gpt-6-sol","student_linear",0.759028100334448,15.0959070056181
"gpt-6-sol","student_linear",0.761703685618729,15.1519568880683
"gpt-6-sol","student_linear",0.76437927090301,15.2080067705185
"gpt-6-sol","student_linear",0.767054856187291,15.2640566529687
"gpt-6-sol","student_linear",0.769730441471572,15.3201065354189
"gpt-6-sol","student_linear",0.772406026755853,15.3761564178691
"gpt-6-sol","student_linear",0.775081612040134,15.4322063003193
"gpt-6-sol","student_linear",0.777757197324415,15.4882561827695
"gpt-6-sol","student_linear",0.780432782608696,15.5443060652197
"gpt-6-sol","student_linear",0.783108367892977,15.6003559476698
"gpt-6-sol","student_linear",0.785783953177258,15.65640583012
"gpt-6-sol","student_linear",0.788459538461538,15.7124557125702
"gpt-6-sol","student_linear",0.79113512374582,15.7685055950204
"gpt-6-sol","student_linear",0.7938107090301,15.8245554774706
"gpt-6-sol","student_linear",0.796486294314381,15.8806053599208
"gpt-6-sol","student_linear",0.799161879598662,15.936655242371
"gpt-6-sol","student_linear",0.801837464882943,15.9927051248212
"gpt-6-sol","student_linear",0.804513050167224,16.0487550072713
"gpt-6-sol","student_linear",0.807188635451505,16.1048048897215
"gpt-6-sol","student_linear",0.809864220735786,16.1608547721717
"gpt-6-sol","student_linear",0.812539806020067,16.2169046546219
"gpt-6-sol","student_linear",0.815215391304348,16.2729545370721
"gpt-6-sol","student_linear",0.817890976588629,16.3290044195223
"gpt-6-sol","student_linear",0.82056656187291,16.3850543019725
"gpt-6-sol","student_linear",0.823242147157191,16.4411041844227
"gpt-6-sol","student_linear",0.825917732441472,16.4971540668729
"gpt-6-sol","student_linear",0.828593317725753,16.553203949323
"gpt-6-sol","student_linear",0.831268903010034,16.6092538317732
"gpt-6-sol","student_linear",0.833944488294314,16.6653037142234
"gpt-6-sol","student_linear",0.836620073578595,16.7213535966736
"gpt-6-sol","student_linear",0.839295658862876,16.7774034791238
"gpt-6-sol","student_linear",0.841971244147157,16.833453361574
"gpt-6-sol","student_linear",0.844646829431438,16.8895032440242
"gpt-6-sol","student_linear",0.847322414715719,16.9455531264744
"gpt-6-sol","student_linear",0.849998,17.0016030089246
"gpt-6-sol","student_quadratic",0.049998,1.3206428239114
"gpt-6-sol","student_quadratic",0.0526735852842809,1.34955562530366
"gpt-6-sol","student_quadratic",0.0553491705685619,1.37863589586596
"gpt-6-sol","student_quadratic",0.0580247558528428,1.40788363559831
"gpt-6-sol","student_quadratic",0.0607003411371237,1.4372988445007
"gpt-6-sol","student_quadratic",0.0633759264214047,1.46688152257314
"gpt-6-sol","student_quadratic",0.0660515117056856,1.49663166981562
"gpt-6-sol","student_quadratic",0.0687270969899666,1.52654928622814
"gpt-6-sol","student_quadratic",0.0714026822742475,1.55663437181071
"gpt-6-sol","student_quadratic",0.0740782675585284,1.58688692656333
"gpt-6-sol","student_quadratic",0.0767538528428094,1.61730695048598
"gpt-6-sol","student_quadratic",0.0794294381270903,1.64789444357869
"gpt-6-sol","student_quadratic",0.0821050234113712,1.67864940584143
"gpt-6-sol","student_quadratic",0.0847806086956522,1.70957183727422
"gpt-6-sol","student_quadratic",0.0874561939799331,1.74066173787706
"gpt-6-sol","student_quadratic",0.090131779264214,1.77191910764994
"gpt-6-sol","student_quadratic",0.092807364548495,1.80334394659286
"gpt-6-sol","student_quadratic",0.0954829498327759,1.83493625470583
"gpt-6-sol","student_quadratic",0.0981585351170569,1.86669603198885
"gpt-6-sol","student_quadratic",0.100834120401338,1.8986232784419
"gpt-6-sol","student_quadratic",0.103509705685619,1.93071799406501
"gpt-6-sol","student_quadratic",0.1061852909699,1.96298017885815
"gpt-6-sol","student_quadratic",0.108860876254181,1.99540983282134
"gpt-6-sol","student_quadratic",0.111536461538462,2.02800695595458
"gpt-6-sol","student_quadratic",0.114212046822742,2.06077154825786
"gpt-6-sol","student_quadratic",0.116887632107023,2.09370360973118
"gpt-6-sol","student_quadratic",0.119563217391304,2.12680314037455
"gpt-6-sol","student_quadratic",0.122238802675585,2.16007014018796
"gpt-6-sol","student_quadratic",0.124914387959866,2.19350460917142
"gpt-6-sol","student_quadratic",0.127589973244147,2.22710654732492
"gpt-6-sol","student_quadratic",0.130265558528428,2.26087595464847
"gpt-6-sol","student_quadratic",0.132941143812709,2.29481283114206
"gpt-6-sol","student_quadratic",0.13561672909699,2.32891717680569
"gpt-6-sol","student_quadratic",0.138292314381271,2.36318899163937
"gpt-6-sol","student_quadratic",0.140967899665552,2.3976282756431
"gpt-6-sol","student_quadratic",0.143643484949833,2.43223502881687
"gpt-6-sol","student_quadratic",0.146319070234114,2.46700925116068
"gpt-6-sol","student_quadratic",0.148994655518395,2.50195094267454
"gpt-6-sol","student_quadratic",0.151670240802676,2.53706010335844
"gpt-6-sol","student_quadratic",0.154345826086957,2.57233673321238
"gpt-6-sol","student_quadratic",0.157021411371237,2.60778083223637
"gpt-6-sol","student_quadratic",0.159696996655518,2.64339240043041
"gpt-6-sol","student_quadratic",0.162372581939799,2.67917143779449
"gpt-6-sol","student_quadratic",0.16504816722408,2.71511794432861
"gpt-6-sol","student_quadratic",0.167723752508361,2.75123192003278
"gpt-6-sol","student_quadratic",0.170399337792642,2.78751336490699
"gpt-6-sol","student_quadratic",0.173074923076923,2.82396227895125
"gpt-6-sol","student_quadratic",0.175750508361204,2.86057866216555
"gpt-6-sol","student_quadratic",0.178426093645485,2.8973625145499
"gpt-6-sol","student_quadratic",0.181101678929766,2.93431383610429
"gpt-6-sol","student_quadratic",0.183777264214047,2.97143262682872
"gpt-6-sol","student_quadratic",0.186452849498328,3.0087188867232
"gpt-6-sol","student_quadratic",0.189128434782609,3.04617261578772
"gpt-6-sol","student_quadratic",0.19180402006689,3.08379381402229
"gpt-6-sol","student_quadratic",0.194479605351171,3.1215824814269
"gpt-6-sol","student_quadratic",0.197155190635452,3.15953861800156
"gpt-6-sol","student_quadratic",0.199830775919732,3.19766222374626
"gpt-6-sol","student_quadratic",0.202506361204013,3.23595329866101
"gpt-6-sol","student_quadratic",0.205181946488294,3.2744118427458
"gpt-6-sol","student_quadratic",0.207857531772575,3.31303785600063
"gpt-6-sol","student_quadratic",0.210533117056856,3.35183133842551
"gpt-6-sol","student_quadratic",0.213208702341137,3.39079229002043
"gpt-6-sol","student_quadratic",0.215884287625418,3.4299207107854
"gpt-6-sol","student_quadratic",0.218559872909699,3.46921660072041
"gpt-6-sol","student_quadratic",0.22123545819398,3.50867995982547
"gpt-6-sol","student_quadratic",0.223911043478261,3.54831078810057
"gpt-6-sol","student_quadratic",0.226586628762542,3.58810908554571
"gpt-6-sol","student_quadratic",0.229262214046823,3.6280748521609
"gpt-6-sol","student_quadratic",0.231937799331104,3.66820808794614
"gpt-6-sol","student_quadratic",0.234613384615385,3.70850879290141
"gpt-6-sol","student_quadratic",0.237288969899666,3.74897696702674
"gpt-6-sol","student_quadratic",0.239964555183946,3.7896126103221
"gpt-6-sol","student_quadratic",0.242640140468227,3.83041572278752
"gpt-6-sol","student_quadratic",0.245315725752508,3.87138630442297
"gpt-6-sol","student_quadratic",0.247991311036789,3.91252435522847
"gpt-6-sol","student_quadratic",0.25066689632107,3.95382987520402
"gpt-6-sol","student_quadratic",0.253342481605351,3.99530286434961
"gpt-6-sol","student_quadratic",0.256018066889632,4.03694332266524
"gpt-6-sol","student_quadratic",0.258693652173913,4.07875125015092
"gpt-6-sol","student_quadratic",0.261369237458194,4.12072664680664
"gpt-6-sol","student_quadratic",0.264044822742475,4.16286951263241
"gpt-6-sol","student_quadratic",0.266720408026756,4.20517984762822
"gpt-6-sol","student_quadratic",0.269395993311037,4.24765765179407
"gpt-6-sol","student_quadratic",0.272071578595318,4.29030292512997
"gpt-6-sol","student_quadratic",0.274747163879599,4.33311566763592
"gpt-6-sol","student_quadratic",0.27742274916388,4.37609587931191
"gpt-6-sol","student_quadratic",0.280098334448161,4.41924356015794
"gpt-6-sol","student_quadratic",0.282773919732441,4.46255871017402
"gpt-6-sol","student_quadratic",0.285449505016722,4.50604132936014
"gpt-6-sol","student_quadratic",0.288125090301003,4.54969141771631
"gpt-6-sol","student_quadratic",0.290800675585284,4.59350897524252
"gpt-6-sol","student_quadratic",0.293476260869565,4.63749400193877
"gpt-6-sol","student_quadratic",0.296151846153846,4.68164649780507
"gpt-6-sol","student_quadratic",0.298827431438127,4.72596646284142
"gpt-6-sol","student_quadratic",0.301503016722408,4.77045389704781
"gpt-6-sol","student_quadratic",0.304178602006689,4.81510880042424
"gpt-6-sol","student_quadratic",0.30685418729097,4.85993117297072
"gpt-6-sol","student_quadratic",0.309529772575251,4.90492101468724
"gpt-6-sol","student_quadratic",0.312205357859532,4.95007832557381
"gpt-6-sol","student_quadratic",0.314880943143813,4.99540310563042
"gpt-6-sol","student_quadratic",0.317556528428094,5.04089535485707
"gpt-6-sol","student_quadratic",0.320232113712375,5.08655507325377
"gpt-6-sol","student_quadratic",0.322907698996656,5.13238226082052
"gpt-6-sol","student_quadratic",0.325583284280936,5.1783769175573
"gpt-6-sol","student_quadratic",0.328258869565217,5.22453904346414
"gpt-6-sol","student_quadratic",0.330934454849498,5.27086863854101
"gpt-6-sol","student_quadratic",0.333610040133779,5.31736570278794
"gpt-6-sol","student_quadratic",0.33628562541806,5.3640302362049
"gpt-6-sol","student_quadratic",0.338961210702341,5.41086223879191
"gpt-6-sol","student_quadratic",0.341636795986622,5.45786171054897
"gpt-6-sol","student_quadratic",0.344312381270903,5.50502865147607
"gpt-6-sol","student_quadratic",0.346987966555184,5.55236306157321
"gpt-6-sol","student_quadratic",0.349663551839465,5.5998649408404
"gpt-6-sol","student_quadratic",0.352339137123746,5.64753428927763
"gpt-6-sol","student_quadratic",0.355014722408027,5.69537110688491
"gpt-6-sol","student_quadratic",0.357690307692308,5.74337539366223
"gpt-6-sol","student_quadratic",0.360365892976589,5.79154714960959
"gpt-6-sol","student_quadratic",0.36304147826087,5.839886374727
"gpt-6-sol","student_quadratic",0.365717063545151,5.88839306901446
"gpt-6-sol","student_quadratic",0.368392648829431,5.93706723247196
"gpt-6-sol","student_quadratic",0.371068234113712,5.9859088650995
"gpt-6-sol","student_quadratic",0.373743819397993,6.03491796689709
"gpt-6-sol","student_quadratic",0.376419404682274,6.08409453786472
"gpt-6-sol","student_quadratic",0.379094989966555,6.1334385780024
"gpt-6-sol","student_quadratic",0.381770575250836,6.18295008731012
"gpt-6-sol","student_quadratic",0.384446160535117,6.23262906578789
"gpt-6-sol","student_quadratic",0.387121745819398,6.2824755134357
"gpt-6-sol","student_quadratic",0.389797331103679,6.33248943025355
"gpt-6-sol","student_quadratic",0.39247291638796,6.38267081624145
"gpt-6-sol","student_quadratic",0.395148501672241,6.43301967139939
"gpt-6-sol","student_quadratic",0.397824086956522,6.48353599572738
"gpt-6-sol","student_quadratic",0.400499672240803,6.53421978922541
"gpt-6-sol","student_quadratic",0.403175257525084,6.58507105189349
"gpt-6-sol","student_quadratic",0.405850842809365,6.63608978373161
"gpt-6-sol","student_quadratic",0.408526428093646,6.68727598473977
"gpt-6-sol","student_quadratic",0.411202013377926,6.73862965491798
"gpt-6-sol","student_quadratic",0.413877598662207,6.79015079426624
"gpt-6-sol","student_quadratic",0.416553183946488,6.84183940278454
"gpt-6-sol","student_quadratic",0.419228769230769,6.89369548047288
"gpt-6-sol","student_quadratic",0.42190435451505,6.94571902733127
"gpt-6-sol","student_quadratic",0.424579939799331,6.9979100433597
"gpt-6-sol","student_quadratic",0.427255525083612,7.05026852855817
"gpt-6-sol","student_quadratic",0.429931110367893,7.1027944829267
"gpt-6-sol","student_quadratic",0.432606695652174,7.15548790646526
"gpt-6-sol","student_quadratic",0.435282280936455,7.20834879917387
"gpt-6-sol","student_quadratic",0.437957866220736,7.26137716105252
"gpt-6-sol","student_quadratic",0.440633451505017,7.31457299210122
"gpt-6-sol","student_quadratic",0.443309036789298,7.36793629231996
"gpt-6-sol","student_quadratic",0.445984622073579,7.42146706170875
"gpt-6-sol","student_quadratic",0.44866020735786,7.47516530026758
"gpt-6-sol","student_quadratic",0.451335792642141,7.52903100799646
"gpt-6-sol","student_quadratic",0.454011377926421,7.58306418489538
"gpt-6-sol","student_quadratic",0.456686963210702,7.63726483096434
"gpt-6-sol","student_quadratic",0.459362548494983,7.69163294620335
"gpt-6-sol","student_quadratic",0.462038133779264,7.7461685306124
"gpt-6-sol","student_quadratic",0.464713719063545,7.8008715841915
"gpt-6-sol","student_quadratic",0.467389304347826,7.85574210694065
"gpt-6-sol","student_quadratic",0.470064889632107,7.91078009885983
"gpt-6-sol","student_quadratic",0.472740474916388,7.96598555994906
"gpt-6-sol","student_quadratic",0.475416060200669,8.02135849020834
"gpt-6-sol","student_quadratic",0.47809164548495,8.07689888963766
"gpt-6-sol","student_quadratic",0.480767230769231,8.13260675823702
"gpt-6-sol","student_quadratic",0.483442816053512,8.18848209600643
"gpt-6-sol","student_quadratic",0.486118401337793,8.24452490294589
"gpt-6-sol","student_quadratic",0.488793986622074,8.30073517905538
"gpt-6-sol","student_quadratic",0.491469571906355,8.35711292433493
"gpt-6-sol","student_quadratic",0.494145157190636,8.41365813878451
"gpt-6-sol","student_quadratic",0.496820742474916,8.47037082240414
"gpt-6-sol","student_quadratic",0.499496327759197,8.52725097519382
"gpt-6-sol","student_quadratic",0.502171913043478,8.58429859715354
"gpt-6-sol","student_quadratic",0.504847498327759,8.6415136882833
"gpt-6-sol","student_quadratic",0.50752308361204,8.69889624858311
"gpt-6-sol","student_quadratic",0.510198668896321,8.75644627805297
"gpt-6-sol","student_quadratic",0.512874254180602,8.81416377669286
"gpt-6-sol","student_quadratic",0.515549839464883,8.8720487445028
"gpt-6-sol","student_quadratic",0.518225424749164,8.93010118148279
"gpt-6-sol","student_quadratic",0.520901010033445,8.98832108763282
"gpt-6-sol","student_quadratic",0.523576595317726,9.0467084629529
"gpt-6-sol","student_quadratic",0.526252180602007,9.10526330744301
"gpt-6-sol","student_quadratic",0.528927765886288,9.16398562110318
"gpt-6-sol","student_quadratic",0.531603351170569,9.22287540393339
"gpt-6-sol","student_quadratic",0.53427893645485,9.28193265593364
"gpt-6-sol","student_quadratic",0.53695452173913,9.34115737710394
"gpt-6-sol","student_quadratic",0.539630107023411,9.40054956744428
"gpt-6-sol","student_quadratic",0.542305692307692,9.46010922695466
"gpt-6-sol","student_quadratic",0.544981277591973,9.5198363556351
"gpt-6-sol","student_quadratic",0.547656862876254,9.57973095348557
"gpt-6-sol","student_quadratic",0.550332448160535,9.63979302050609
"gpt-6-sol","student_quadratic",0.553008033444816,9.70002255669665
"gpt-6-sol","student_quadratic",0.555683618729097,9.76041956205726
"gpt-6-sol","student_quadratic",0.558359204013378,9.82098403658791
"gpt-6-sol","student_quadratic",0.561034789297659,9.88171598028861
"gpt-6-sol","student_quadratic",0.56371037458194,9.94261539315935
"gpt-6-sol","student_quadratic",0.566385959866221,10.0036822752001
"gpt-6-sol","student_quadratic",0.569061545150502,10.064916626411
"gpt-6-sol","student_quadratic",0.571737130434783,10.1263184467918
"gpt-6-sol","student_quadratic",0.574412715719064,10.1878877363428
"gpt-6-sol","student_quadratic",0.577088301003345,10.2496244950637
"gpt-6-sol","student_quadratic",0.579763886287625,10.3115287229547
"gpt-6-sol","student_quadratic",0.582439471571906,10.3736004200158
"gpt-6-sol","student_quadratic",0.585115056856187,10.4358395862469
"gpt-6-sol","student_quadratic",0.587790642140468,10.498246221648
"gpt-6-sol","student_quadratic",0.590466227424749,10.5608203262192
"gpt-6-sol","student_quadratic",0.59314181270903,10.6235618999604
"gpt-6-sol","student_quadratic",0.595817397993311,10.6864709428717
"gpt-6-sol","student_quadratic",0.598492983277592,10.749547454953
"gpt-6-sol","student_quadratic",0.601168568561873,10.8127914362044
"gpt-6-sol","student_quadratic",0.603844153846154,10.8762028866258
"gpt-6-sol","student_quadratic",0.606519739130435,10.9397818062173
"gpt-6-sol","student_quadratic",0.609195324414716,11.0035281949787
"gpt-6-sol","student_quadratic",0.611870909698997,11.0674420529103
"gpt-6-sol","student_quadratic",0.614546494983278,11.1315233800119
"gpt-6-sol","student_quadratic",0.617222080267559,11.1957721762835
"gpt-6-sol","student_quadratic",0.61989766555184,11.2601884417252
"gpt-6-sol","student_quadratic",0.62257325083612,11.3247721763369
"gpt-6-sol","student_quadratic",0.625248836120401,11.3895233801187
"gpt-6-sol","student_quadratic",0.627924421404682,11.4544420530705
"gpt-6-sol","student_quadratic",0.630600006688963,11.5195281951923
"gpt-6-sol","student_quadratic",0.633275591973244,11.5847818064842
"gpt-6-sol","student_quadratic",0.635951177257525,11.6502028869462
"gpt-6-sol","student_quadratic",0.638626762541806,11.7157914365781
"gpt-6-sol","student_quadratic",0.641302347826087,11.7815474553802
"gpt-6-sol","student_quadratic",0.643977933110368,11.8474709433522
"gpt-6-sol","student_quadratic",0.646653518394649,11.9135619004944
"gpt-6-sol","student_quadratic",0.64932910367893,11.9798203268065
"gpt-6-sol","student_quadratic",0.652004688963211,12.0462462222887
"gpt-6-sol","student_quadratic",0.654680274247492,12.112839586941
"gpt-6-sol","student_quadratic",0.657355859531773,12.1796004207633
"gpt-6-sol","student_quadratic",0.660031444816054,12.2465287237556
"gpt-6-sol","student_quadratic",0.662707030100334,12.313624495918
"gpt-6-sol","student_quadratic",0.665382615384615,12.3808877372504
"gpt-6-sol","student_quadratic",0.668058200668896,12.4483184477529
"gpt-6-sol","student_quadratic",0.670733785953177,12.5159166274254
"gpt-6-sol","student_quadratic",0.673409371237458,12.583682276268
"gpt-6-sol","student_quadratic",0.676084956521739,12.6516153942806
"gpt-6-sol","student_quadratic",0.67876054180602,12.7197159814632
"gpt-6-sol","student_quadratic",0.681436127090301,12.7879840378159
"gpt-6-sol","student_quadratic",0.684111712374582,12.8564195633387
"gpt-6-sol","student_quadratic",0.686787297658863,12.9250225580315
"gpt-6-sol","student_quadratic",0.689462882943144,12.9937930218943
"gpt-6-sol","student_quadratic",0.692138468227425,13.0627309549272
"gpt-6-sol","student_quadratic",0.694814053511706,13.1318363571301
"gpt-6-sol","student_quadratic",0.697489638795987,13.201109228503
"gpt-6-sol","student_quadratic",0.700165224080268,13.270549569046
"gpt-6-sol","student_quadratic",0.702840809364549,13.3401573787591
"gpt-6-sol","student_quadratic",0.70551639464883,13.4099326576422
"gpt-6-sol","student_quadratic",0.70819197993311,13.4798754056953
"gpt-6-sol","student_quadratic",0.710867565217391,13.5499856229185
"gpt-6-sol","student_quadratic",0.713543150501672,13.6202633093117
"gpt-6-sol","student_quadratic",0.716218735785953,13.690708464875
"gpt-6-sol","student_quadratic",0.718894321070234,13.7613210896083
"gpt-6-sol","student_quadratic",0.721569906354515,13.8321011835117
"gpt-6-sol","student_quadratic",0.724245491638796,13.9030487465851
"gpt-6-sol","student_quadratic",0.726921076923077,13.9741637788286
"gpt-6-sol","student_quadratic",0.729596662207358,14.0454462802421
"gpt-6-sol","student_quadratic",0.732272247491639,14.1168962508256
"gpt-6-sol","student_quadratic",0.73494783277592,14.1885136905792
"gpt-6-sol","student_quadratic",0.737623418060201,14.2602985995028
"gpt-6-sol","student_quadratic",0.740299003344482,14.3322509775965
"gpt-6-sol","student_quadratic",0.742974588628763,14.4043708248602
"gpt-6-sol","student_quadratic",0.745650173913044,14.476658141294
"gpt-6-sol","student_quadratic",0.748325759197324,14.5491129268978
"gpt-6-sol","student_quadratic",0.751001344481605,14.6217351816716
"gpt-6-sol","student_quadratic",0.753676929765886,14.6945249056155
"gpt-6-sol","student_quadratic",0.756352515050167,14.7674820987294
"gpt-6-sol","student_quadratic",0.759028100334448,14.8406067610134
"gpt-6-sol","student_quadratic",0.761703685618729,14.9138988924675
"gpt-6-sol","student_quadratic",0.76437927090301,14.9873584930915
"gpt-6-sol","student_quadratic",0.767054856187291,15.0609855628856
"gpt-6-sol","student_quadratic",0.769730441471572,15.1347801018498
"gpt-6-sol","student_quadratic",0.772406026755853,15.208742109984
"gpt-6-sol","student_quadratic",0.775081612040134,15.2828715872883
"gpt-6-sol","student_quadratic",0.777757197324415,15.3571685337626
"gpt-6-sol","student_quadratic",0.780432782608696,15.4316329494069
"gpt-6-sol","student_quadratic",0.783108367892977,15.5062648342213
"gpt-6-sol","student_quadratic",0.785783953177258,15.5810641882057
"gpt-6-sol","student_quadratic",0.788459538461538,15.6560310113602
"gpt-6-sol","student_quadratic",0.79113512374582,15.7311653036847
"gpt-6-sol","student_quadratic",0.7938107090301,15.8064670651793
"gpt-6-sol","student_quadratic",0.796486294314381,15.8819362958439
"gpt-6-sol","student_quadratic",0.799161879598662,15.9575729956785
"gpt-6-sol","student_quadratic",0.801837464882943,16.0333771646832
"gpt-6-sol","student_quadratic",0.804513050167224,16.1093488028579
"gpt-6-sol","student_quadratic",0.807188635451505,16.1854879102027
"gpt-6-sol","student_quadratic",0.809864220735786,16.2617944867175
"gpt-6-sol","student_quadratic",0.812539806020067,16.3382685324024
"gpt-6-sol","student_quadratic",0.815215391304348,16.4149100472573
"gpt-6-sol","student_quadratic",0.817890976588629,16.4917190312823
"gpt-6-sol","student_quadratic",0.82056656187291,16.5686954844773
"gpt-6-sol","student_quadratic",0.823242147157191,16.6458394068423
"gpt-6-sol","student_quadratic",0.825917732441472,16.7231507983774
"gpt-6-sol","student_quadratic",0.828593317725753,16.8006296590826
"gpt-6-sol","student_quadratic",0.831268903010034,16.8782759889578
"gpt-6-sol","student_quadratic",0.833944488294314,16.956089788003
"gpt-6-sol","student_quadratic",0.836620073578595,17.0340710562183
"gpt-6-sol","student_quadratic",0.839295658862876,17.1122197936036
"gpt-6-sol","student_quadratic",0.841971244147157,17.1905360001589
"gpt-6-sol","student_quadratic",0.844646829431438,17.2690196758843
"gpt-6-sol","student_quadratic",0.847322414715719,17.3476708207798
"gpt-6-sol","student_quadratic",0.849998,17.4264894348453
"gpt-6-sol","frontier_exponential",0.049998,1.0652659183194
"gpt-6-sol","frontier_exponential",0.0526735852842809,1.09427397652757
"gpt-6-sol","frontier_exponential",0.0553491705685619,1.12345024241759
"gpt-6-sol","frontier_exponential",0.0580247558528428,1.15279471598947
"gpt-6-sol","frontier_exponential",0.0607003411371237,1.18230739724319
"gpt-6-sol","frontier_exponential",0.0633759264214047,1.21198828617876
"gpt-6-sol","frontier_exponential",0.0660515117056856,1.24183738279618
"gpt-6-sol","frontier_exponential",0.0687270969899666,1.27185468709545
"gpt-6-sol","frontier_exponential",0.0714026822742475,1.30204019907656
"gpt-6-sol","frontier_exponential",0.0740782675585284,1.33239391873953
"gpt-6-sol","frontier_exponential",0.0767538528428094,1.36291584608435
"gpt-6-sol","frontier_exponential",0.0794294381270903,1.39360598111101
"gpt-6-sol","frontier_exponential",0.0821050234113712,1.42446432381952
"gpt-6-sol","frontier_exponential",0.0847806086956522,1.45549087420989
"gpt-6-sol","frontier_exponential",0.0874561939799331,1.4866856322821
"gpt-6-sol","frontier_exponential",0.090131779264214,1.51804859803616
"gpt-6-sol","frontier_exponential",0.092807364548495,1.54957977147207
"gpt-6-sol","frontier_exponential",0.0954829498327759,1.58127915258983
"gpt-6-sol","frontier_exponential",0.0981585351170569,1.61314674138944
"gpt-6-sol","frontier_exponential",0.100834120401338,1.64518253787089
"gpt-6-sol","frontier_exponential",0.103509705685619,1.6773865420342
"gpt-6-sol","frontier_exponential",0.1061852909699,1.70975875387935
"gpt-6-sol","frontier_exponential",0.108860876254181,1.74229917340636
"gpt-6-sol","frontier_exponential",0.111536461538462,1.77500780061521
"gpt-6-sol","frontier_exponential",0.114212046822742,1.80788463550591
"gpt-6-sol","frontier_exponential",0.116887632107023,1.84092967807846
"gpt-6-sol","frontier_exponential",0.119563217391304,1.87414292833286
"gpt-6-sol","frontier_exponential",0.122238802675585,1.90752438626911
"gpt-6-sol","frontier_exponential",0.124914387959866,1.94107405188721
"gpt-6-sol","frontier_exponential",0.127589973244147,1.97479192518715
"gpt-6-sol","frontier_exponential",0.130265558528428,2.00867800616895
"gpt-6-sol","frontier_exponential",0.132941143812709,2.04273229483259
"gpt-6-sol","frontier_exponential",0.13561672909699,2.07695479117809
"gpt-6-sol","frontier_exponential",0.138292314381271,2.11134549520543
"gpt-6-sol","frontier_exponential",0.140967899665552,2.14590440691462
"gpt-6-sol","frontier_exponential",0.143643484949833,2.18063152630566
"gpt-6-sol","frontier_exponential",0.146319070234114,2.21552685337855
"gpt-6-sol","frontier_exponential",0.148994655518395,2.25059038813329
"gpt-6-sol","frontier_exponential",0.151670240802676,2.28582213056988
"gpt-6-sol","frontier_exponential",0.154345826086957,2.32122208068832
"gpt-6-sol","frontier_exponential",0.157021411371237,2.3567902384886
"gpt-6-sol","frontier_exponential",0.159696996655518,2.39252660397074
"gpt-6-sol","frontier_exponential",0.162372581939799,2.42843117713472
"gpt-6-sol","frontier_exponential",0.16504816722408,2.46450395798055
"gpt-6-sol","frontier_exponential",0.167723752508361,2.50074494650824
"gpt-6-sol","frontier_exponential",0.170399337792642,2.53715414271777
"gpt-6-sol","frontier_exponential",0.173074923076923,2.57373154660915
"gpt-6-sol","frontier_exponential",0.175750508361204,2.61047715818237
"gpt-6-sol","frontier_exponential",0.178426093645485,2.64739097743745
"gpt-6-sol","frontier_exponential",0.181101678929766,2.68447300437438
"gpt-6-sol","frontier_exponential",0.183777264214047,2.72172323899316
"gpt-6-sol","frontier_exponential",0.186452849498328,2.75914168129378
"gpt-6-sol","frontier_exponential",0.189128434782609,2.79672833127625
"gpt-6-sol","frontier_exponential",0.19180402006689,2.83448318894058
"gpt-6-sol","frontier_exponential",0.194479605351171,2.87240625428675
"gpt-6-sol","frontier_exponential",0.197155190635452,2.91049752731477
"gpt-6-sol","frontier_exponential",0.199830775919732,2.94875700802464
"gpt-6-sol","frontier_exponential",0.202506361204013,2.98718469641636
"gpt-6-sol","frontier_exponential",0.205181946488294,3.02578059248993
"gpt-6-sol","frontier_exponential",0.207857531772575,3.06454469624534
"gpt-6-sol","frontier_exponential",0.210533117056856,3.10347700768261
"gpt-6-sol","frontier_exponential",0.213208702341137,3.14257752680173
"gpt-6-sol","frontier_exponential",0.215884287625418,3.18184625360269
"gpt-6-sol","frontier_exponential",0.218559872909699,3.2212831880855
"gpt-6-sol","frontier_exponential",0.22123545819398,3.26088833025016
"gpt-6-sol","frontier_exponential",0.223911043478261,3.30066168009668
"gpt-6-sol","frontier_exponential",0.226586628762542,3.34060323762504
"gpt-6-sol","frontier_exponential",0.229262214046823,3.38071300283525
"gpt-6-sol","frontier_exponential",0.231937799331104,3.4209909757273
"gpt-6-sol","frontier_exponential",0.234613384615385,3.46143715630121
"gpt-6-sol","frontier_exponential",0.237288969899666,3.50205154455697
"gpt-6-sol","frontier_exponential",0.239964555183946,3.54283414049457
"gpt-6-sol","frontier_exponential",0.242640140468227,3.58378494411403
"gpt-6-sol","frontier_exponential",0.245315725752508,3.62490395541533
"gpt-6-sol","frontier_exponential",0.247991311036789,3.66619117439848
"gpt-6-sol","frontier_exponential",0.25066689632107,3.70764660106348
"gpt-6-sol","frontier_exponential",0.253342481605351,3.74927023541033
"gpt-6-sol","frontier_exponential",0.256018066889632,3.79106207743903
"gpt-6-sol","frontier_exponential",0.258693652173913,3.83302212714958
"gpt-6-sol","frontier_exponential",0.261369237458194,3.87515038454198
"gpt-6-sol","frontier_exponential",0.264044822742475,3.91744684961622
"gpt-6-sol","frontier_exponential",0.266720408026756,3.95991152237232
"gpt-6-sol","frontier_exponential",0.269395993311037,4.00254440281026
"gpt-6-sol","frontier_exponential",0.272071578595318,4.04534549093006
"gpt-6-sol","frontier_exponential",0.274747163879599,4.0883147867317
"gpt-6-sol","frontier_exponential",0.27742274916388,4.13145229021519
"gpt-6-sol","frontier_exponential",0.280098334448161,4.17475800138053
"gpt-6-sol","frontier_exponential",0.282773919732441,4.21823192022772
"gpt-6-sol","frontier_exponential",0.285449505016722,4.26187404675676
"gpt-6-sol","frontier_exponential",0.288125090301003,4.30568438096764
"gpt-6-sol","frontier_exponential",0.290800675585284,4.34966292286038
"gpt-6-sol","frontier_exponential",0.293476260869565,4.39380967243497
"gpt-6-sol","frontier_exponential",0.296151846153846,4.4381246296914
"gpt-6-sol","frontier_exponential",0.298827431438127,4.48260779462968
"gpt-6-sol","frontier_exponential",0.301503016722408,4.52725916724982
"gpt-6-sol","frontier_exponential",0.304178602006689,4.5720787475518
"gpt-6-sol","frontier_exponential",0.30685418729097,4.61706653553563
"gpt-6-sol","frontier_exponential",0.309529772575251,4.66222253120131
"gpt-6-sol","frontier_exponential",0.312205357859532,4.70754673454883
"gpt-6-sol","frontier_exponential",0.314880943143813,4.75303914557821
"gpt-6-sol","frontier_exponential",0.317556528428094,4.79869976428944
"gpt-6-sol","frontier_exponential",0.320232113712375,4.84452859068251
"gpt-6-sol","frontier_exponential",0.322907698996656,4.89052562475744
"gpt-6-sol","frontier_exponential",0.325583284280936,4.93669086651421
"gpt-6-sol","frontier_exponential",0.328258869565217,4.98302431595283
"gpt-6-sol","frontier_exponential",0.330934454849498,5.02952597307331
"gpt-6-sol","frontier_exponential",0.333610040133779,5.07619583787563
"gpt-6-sol","frontier_exponential",0.33628562541806,5.1230339103598
"gpt-6-sol","frontier_exponential",0.338961210702341,5.17004019052581
"gpt-6-sol","frontier_exponential",0.341636795986622,5.21721467837368
"gpt-6-sol","frontier_exponential",0.344312381270903,5.2645573739034
"gpt-6-sol","frontier_exponential",0.346987966555184,5.31206827711496
"gpt-6-sol","frontier_exponential",0.349663551839465,5.35974738800838
"gpt-6-sol","frontier_exponential",0.352339137123746,5.40759470658364
"gpt-6-sol","frontier_exponential",0.355014722408027,5.45561023284075
"gpt-6-sol","frontier_exponential",0.357690307692308,5.50379396677972
"gpt-6-sol","frontier_exponential",0.360365892976589,5.55214590840053
"gpt-6-sol","frontier_exponential",0.36304147826087,5.60066605770319
"gpt-6-sol","frontier_exponential",0.365717063545151,5.6493544146877
"gpt-6-sol","frontier_exponential",0.368392648829431,5.69821097935405
"gpt-6-sol","frontier_exponential",0.371068234113712,5.74723575170226
"gpt-6-sol","frontier_exponential",0.373743819397993,5.79642873173232
"gpt-6-sol","frontier_exponential",0.376419404682274,5.84578991944422
"gpt-6-sol","frontier_exponential",0.379094989966555,5.89531931483797
"gpt-6-sol","frontier_exponential",0.381770575250836,5.94501691791358
"gpt-6-sol","frontier_exponential",0.384446160535117,5.99488272867103
"gpt-6-sol","frontier_exponential",0.387121745819398,6.04491674711033
"gpt-6-sol","frontier_exponential",0.389797331103679,6.09511897323148
"gpt-6-sol","frontier_exponential",0.39247291638796,6.14548940703448
"gpt-6-sol","frontier_exponential",0.395148501672241,6.19602804851932
"gpt-6-sol","frontier_exponential",0.397824086956522,6.24673489768602
"gpt-6-sol","frontier_exponential",0.400499672240803,6.29760995453457
"gpt-6-sol","frontier_exponential",0.403175257525084,6.34865321906496
"gpt-6-sol","frontier_exponential",0.405850842809365,6.39986469127721
"gpt-6-sol","frontier_exponential",0.408526428093646,6.4512443711713
"gpt-6-sol","frontier_exponential",0.411202013377926,6.50279225874724
"gpt-6-sol","frontier_exponential",0.413877598662207,6.55450835400503
"gpt-6-sol","frontier_exponential",0.416553183946488,6.60639265694467
"gpt-6-sol","frontier_exponential",0.419228769230769,6.65844516756616
"gpt-6-sol","frontier_exponential",0.42190435451505,6.7106658858695
"gpt-6-sol","frontier_exponential",0.424579939799331,6.76305481185468
"gpt-6-sol","frontier_exponential",0.427255525083612,6.81561194552172
"gpt-6-sol","frontier_exponential",0.429931110367893,6.8683372868706
"gpt-6-sol","frontier_exponential",0.432606695652174,6.92123083590134
"gpt-6-sol","frontier_exponential",0.435282280936455,6.97429259261392
"gpt-6-sol","frontier_exponential",0.437957866220736,7.02752255700835
"gpt-6-sol","frontier_exponential",0.440633451505017,7.08092072908464
"gpt-6-sol","frontier_exponential",0.443309036789298,7.13448710884276
"gpt-6-sol","frontier_exponential",0.445984622073579,7.18822169628274
"gpt-6-sol","frontier_exponential",0.44866020735786,7.24212449140457
"gpt-6-sol","frontier_exponential",0.451335792642141,7.29619549420825
"gpt-6-sol","frontier_exponential",0.454011377926421,7.35043470469378
"gpt-6-sol","frontier_exponential",0.456686963210702,7.40484212286115
"gpt-6-sol","frontier_exponential",0.459362548494983,7.45941774871037
"gpt-6-sol","frontier_exponential",0.462038133779264,7.51416158224145
"gpt-6-sol","frontier_exponential",0.464713719063545,7.56907362345437
"gpt-6-sol","frontier_exponential",0.467389304347826,7.62415387234914
"gpt-6-sol","frontier_exponential",0.470064889632107,7.67940232892576
"gpt-6-sol","frontier_exponential",0.472740474916388,7.73481899318423
"gpt-6-sol","frontier_exponential",0.475416060200669,7.79040386512455
"gpt-6-sol","frontier_exponential",0.47809164548495,7.84615694474671
"gpt-6-sol","frontier_exponential",0.480767230769231,7.90207823205073
"gpt-6-sol","frontier_exponential",0.483442816053512,7.95816772703659
"gpt-6-sol","frontier_exponential",0.486118401337793,8.01442542970431
"gpt-6-sol","frontier_exponential",0.488793986622074,8.07085134005387
"gpt-6-sol","frontier_exponential",0.491469571906355,8.12744545808528
"gpt-6-sol","frontier_exponential",0.494145157190636,8.18420778379854
"gpt-6-sol","frontier_exponential",0.496820742474916,8.24113831719366
"gpt-6-sol","frontier_exponential",0.499496327759197,8.29823705827062
"gpt-6-sol","frontier_exponential",0.502171913043478,8.35550400702942
"gpt-6-sol","frontier_exponential",0.504847498327759,8.41293916347008
"gpt-6-sol","frontier_exponential",0.50752308361204,8.47054252759259
"gpt-6-sol","frontier_exponential",0.510198668896321,8.52831409939694
"gpt-6-sol","frontier_exponential",0.512874254180602,8.58625387888315
"gpt-6-sol","frontier_exponential",0.515549839464883,8.6443618660512
"gpt-6-sol","frontier_exponential",0.518225424749164,8.7026380609011
"gpt-6-sol","frontier_exponential",0.520901010033445,8.76108246343285
"gpt-6-sol","frontier_exponential",0.523576595317726,8.81969507364645
"gpt-6-sol","frontier_exponential",0.526252180602007,8.8784758915419
"gpt-6-sol","frontier_exponential",0.528927765886288,8.9374249171192
"gpt-6-sol","frontier_exponential",0.531603351170569,8.99654215037835
"gpt-6-sol","frontier_exponential",0.53427893645485,9.05582759131934
"gpt-6-sol","frontier_exponential",0.53695452173913,9.11528123994219
"gpt-6-sol","frontier_exponential",0.539630107023411,9.17490309624688
"gpt-6-sol","frontier_exponential",0.542305692307692,9.23469316023342
"gpt-6-sol","frontier_exponential",0.544981277591973,9.29465143190182
"gpt-6-sol","frontier_exponential",0.547656862876254,9.35477791125206
"gpt-6-sol","frontier_exponential",0.550332448160535,9.41507259828415
"gpt-6-sol","frontier_exponential",0.553008033444816,9.47553549299809
"gpt-6-sol","frontier_exponential",0.555683618729097,9.53616659539388
"gpt-6-sol","frontier_exponential",0.558359204013378,9.59696590547152
"gpt-6-sol","frontier_exponential",0.561034789297659,9.657933423231
"gpt-6-sol","frontier_exponential",0.56371037458194,9.71906914867234
"gpt-6-sol","frontier_exponential",0.566385959866221,9.78037308179552
"gpt-6-sol","frontier_exponential",0.569061545150502,9.84184522260055
"gpt-6-sol","frontier_exponential",0.571737130434783,9.90348557108744
"gpt-6-sol","frontier_exponential",0.574412715719064,9.96529412725617
"gpt-6-sol","frontier_exponential",0.577088301003345,10.0272708911067
"gpt-6-sol","frontier_exponential",0.579763886287625,10.0894158626392
"gpt-6-sol","frontier_exponential",0.582439471571906,10.1517290418535
"gpt-6-sol","frontier_exponential",0.585115056856187,10.2142104287496
"gpt-6-sol","frontier_exponential",0.587790642140468,10.2768600233276
"gpt-6-sol","frontier_exponential",0.590466227424749,10.3396778255874
"gpt-6-sol","frontier_exponential",0.59314181270903,10.4026638355291
"gpt-6-sol","frontier_exponential",0.595817397993311,10.4658180531526
"gpt-6-sol","frontier_exponential",0.598492983277592,10.529140478458
"gpt-6-sol","frontier_exponential",0.601168568561873,10.5926311114452
"gpt-6-sol","frontier_exponential",0.603844153846154,10.6562899521142
"gpt-6-sol","frontier_exponential",0.606519739130435,10.7201170004652
"gpt-6-sol","frontier_exponential",0.609195324414716,10.7841122564979
"gpt-6-sol","frontier_exponential",0.611870909698997,10.8482757202126
"gpt-6-sol","frontier_exponential",0.614546494983278,10.912607391609
"gpt-6-sol","frontier_exponential",0.617222080267559,10.9771072706873
"gpt-6-sol","frontier_exponential",0.61989766555184,11.0417753574475
"gpt-6-sol","frontier_exponential",0.62257325083612,11.1066116518895
"gpt-6-sol","frontier_exponential",0.625248836120401,11.1716161540134
"gpt-6-sol","frontier_exponential",0.627924421404682,11.2367888638191
"gpt-6-sol","frontier_exponential",0.630600006688963,11.3021297813066
"gpt-6-sol","frontier_exponential",0.633275591973244,11.3676389064761
"gpt-6-sol","frontier_exponential",0.635951177257525,11.4333162393273
"gpt-6-sol","frontier_exponential",0.638626762541806,11.4991617798604
"gpt-6-sol","frontier_exponential",0.641302347826087,11.5651755280754
"gpt-6-sol","frontier_exponential",0.643977933110368,11.6313574839722
"gpt-6-sol","frontier_exponential",0.646653518394649,11.6977076475508
"gpt-6-sol","frontier_exponential",0.64932910367893,11.7642260188113
"gpt-6-sol","frontier_exponential",0.652004688963211,11.8309125977537
"gpt-6-sol","frontier_exponential",0.654680274247492,11.8977673843779
"gpt-6-sol","frontier_exponential",0.657355859531773,11.964790378684
"gpt-6-sol","frontier_exponential",0.660031444816054,12.0319815806719
"gpt-6-sol","frontier_exponential",0.662707030100334,12.0993409903416
"gpt-6-sol","frontier_exponential",0.665382615384615,12.1668686076932
"gpt-6-sol","frontier_exponential",0.668058200668896,12.2345644327266
"gpt-6-sol","frontier_exponential",0.670733785953177,12.3024284654419
"gpt-6-sol","frontier_exponential",0.673409371237458,12.3704607058391
"gpt-6-sol","frontier_exponential",0.676084956521739,12.4386611539181
"gpt-6-sol","frontier_exponential",0.67876054180602,12.5070298096789
"gpt-6-sol","frontier_exponential",0.681436127090301,12.5755666731216
"gpt-6-sol","frontier_exponential",0.684111712374582,12.6442717442462
"gpt-6-sol","frontier_exponential",0.686787297658863,12.7131450230525
"gpt-6-sol","frontier_exponential",0.689462882943144,12.7821865095408
"gpt-6-sol","frontier_exponential",0.692138468227425,12.8513962037109
"gpt-6-sol","frontier_exponential",0.694814053511706,12.9207741055628
"gpt-6-sol","frontier_exponential",0.697489638795987,12.9903202150966
"gpt-6-sol","frontier_exponential",0.700165224080268,13.0600345323122
"gpt-6-sol","frontier_exponential",0.702840809364549,13.1299170572097
"gpt-6-sol","frontier_exponential",0.70551639464883,13.199967789789
"gpt-6-sol","frontier_exponential",0.70819197993311,13.2701867300502
"gpt-6-sol","frontier_exponential",0.710867565217391,13.3405738779933
"gpt-6-sol","frontier_exponential",0.713543150501672,13.4111292336181
"gpt-6-sol","frontier_exponential",0.716218735785953,13.4818527969249
"gpt-6-sol","frontier_exponential",0.718894321070234,13.5527445679134
"gpt-6-sol","frontier_exponential",0.721569906354515,13.6238045465839
"gpt-6-sol","frontier_exponential",0.724245491638796,13.6950327329361
"gpt-6-sol","frontier_exponential",0.726921076923077,13.7664291269703
"gpt-6-sol","frontier_exponential",0.729596662207358,13.8379937286862
"gpt-6-sol","frontier_exponential",0.732272247491639,13.9097265380841
"gpt-6-sol","frontier_exponential",0.73494783277592,13.9816275551637
"gpt-6-sol","frontier_exponential",0.737623418060201,14.0536967799253
"gpt-6-sol","frontier_exponential",0.740299003344482,14.1259342123686
"gpt-6-sol","frontier_exponential",0.742974588628763,14.1983398524939
"gpt-6-sol","frontier_exponential",0.745650173913044,14.2709137003009
"gpt-6-sol","frontier_exponential",0.748325759197324,14.3436557557898
"gpt-6-sol","frontier_exponential",0.751001344481605,14.4165660189606
"gpt-6-sol","frontier_exponential",0.753676929765886,14.4896444898132
"gpt-6-sol","frontier_exponential",0.756352515050167,14.5628911683477
"gpt-6-sol","frontier_exponential",0.759028100334448,14.636306054564
"gpt-6-sol","frontier_exponential",0.761703685618729,14.7098891484622
"gpt-6-sol","frontier_exponential",0.76437927090301,14.7836404500422
"gpt-6-sol","frontier_exponential",0.767054856187291,14.857559959304
"gpt-6-sol","frontier_exponential",0.769730441471572,14.9316476762477
"gpt-6-sol","frontier_exponential",0.772406026755853,15.0059036008733
"gpt-6-sol","frontier_exponential",0.775081612040134,15.0803277331807
"gpt-6-sol","frontier_exponential",0.777757197324415,15.15492007317
"gpt-6-sol","frontier_exponential",0.780432782608696,15.2296806208411
"gpt-6-sol","frontier_exponential",0.783108367892977,15.304609376194
"gpt-6-sol","frontier_exponential",0.785783953177258,15.3797063392288
"gpt-6-sol","frontier_exponential",0.788459538461538,15.4549715099455
"gpt-6-sol","frontier_exponential",0.79113512374582,15.530404888344
"gpt-6-sol","frontier_exponential",0.7938107090301,15.6060064744243
"gpt-6-sol","frontier_exponential",0.796486294314381,15.6817762681865
"gpt-6-sol","frontier_exponential",0.799161879598662,15.7577142696306
"gpt-6-sol","frontier_exponential",0.801837464882943,15.8338204787565
"gpt-6-sol","frontier_exponential",0.804513050167224,15.9100948955642
"gpt-6-sol","frontier_exponential",0.807188635451505,15.9865375200538
"gpt-6-sol","frontier_exponential",0.809864220735786,16.0631483522253
"gpt-6-sol","frontier_exponential",0.812539806020067,16.1399273920785
"gpt-6-sol","frontier_exponential",0.815215391304348,16.2168746396137
"gpt-6-sol","frontier_exponential",0.817890976588629,16.2939900948307
"gpt-6-sol","frontier_exponential",0.82056656187291,16.3712737577295
"gpt-6-sol","frontier_exponential",0.823242147157191,16.4487256283102
"gpt-6-sol","frontier_exponential",0.825917732441472,16.5263457065727
"gpt-6-sol","frontier_exponential",0.828593317725753,16.6041339925171
"gpt-6-sol","frontier_exponential",0.831268903010034,16.6820904861434
"gpt-6-sol","frontier_exponential",0.833944488294314,16.7602151874515
"gpt-6-sol","frontier_exponential",0.836620073578595,16.8385080964414
"gpt-6-sol","frontier_exponential",0.839295658862876,16.9169692131132
"gpt-6-sol","frontier_exponential",0.841971244147157,16.9955985374668
"gpt-6-sol","frontier_exponential",0.844646829431438,17.0743960695023
"gpt-6-sol","frontier_exponential",0.847322414715719,17.1533618092196
"gpt-6-sol","frontier_exponential",0.849998,17.2324957566188
"gpt-6-sol","spike_exponential",0.049998,1.32072426754005
"gpt-6-sol","spike_exponential",0.0526735852842809,1.34839978010881
"gpt-6-sol","spike_exponential",0.0553491705685619,1.37625076860453
"gpt-6-sol","spike_exponential",0.0580247558528428,1.40427723302722
"gpt-6-sol","spike_exponential",0.0607003411371237,1.43247917337686
"gpt-6-sol","spike_exponential",0.0633759264214047,1.46085658965347
"gpt-6-sol","spike_exponential",0.0660515117056856,1.48940948185704
"gpt-6-sol","spike_exponential",0.0687270969899666,1.51813784998758
"gpt-6-sol","spike_exponential",0.0714026822742475,1.54704169404507
"gpt-6-sol","spike_exponential",0.0740782675585284,1.57612101402953
"gpt-6-sol","spike_exponential",0.0767538528428094,1.60537580994094
"gpt-6-sol","spike_exponential",0.0794294381270903,1.63480608177932
"gpt-6-sol","spike_exponential",0.0821050234113712,1.66441182954466
"gpt-6-sol","spike_exponential",0.0847806086956522,1.69419305323696
"gpt-6-sol","spike_exponential",0.0874561939799331,1.72414975285623
"gpt-6-sol","spike_exponential",0.090131779264214,1.75428192840245
"gpt-6-sol","spike_exponential",0.092807364548495,1.78458957987564
"gpt-6-sol","spike_exponential",0.0954829498327759,1.81507270727579
"gpt-6-sol","spike_exponential",0.0981585351170569,1.8457313106029
"gpt-6-sol","spike_exponential",0.100834120401338,1.87656538985697
"gpt-6-sol","spike_exponential",0.103509705685619,1.907574945038
"gpt-6-sol","spike_exponential",0.1061852909699,1.938759976146
"gpt-6-sol","spike_exponential",0.108860876254181,1.97012048318096
"gpt-6-sol","spike_exponential",0.111536461538462,2.00165646614288
"gpt-6-sol","spike_exponential",0.114212046822742,2.03336792503176
"gpt-6-sol","spike_exponential",0.116887632107023,2.0652548598476
"gpt-6-sol","spike_exponential",0.119563217391304,2.0973172705904
"gpt-6-sol","spike_exponential",0.122238802675585,2.12955515726017
"gpt-6-sol","spike_exponential",0.124914387959866,2.16196851985689
"gpt-6-sol","spike_exponential",0.127589973244147,2.19455735838058
"gpt-6-sol","spike_exponential",0.130265558528428,2.22732167283123
"gpt-6-sol","spike_exponential",0.132941143812709,2.26026146320884
"gpt-6-sol","spike_exponential",0.13561672909699,2.29337672951341
"gpt-6-sol","spike_exponential",0.138292314381271,2.32666747174495
"gpt-6-sol","spike_exponential",0.140967899665552,2.36013368990345
"gpt-6-sol","spike_exponential",0.143643484949833,2.3937753839889
"gpt-6-sol","spike_exponential",0.146319070234114,2.42759255400132
"gpt-6-sol","spike_exponential",0.148994655518395,2.4615851999407
"gpt-6-sol","spike_exponential",0.151670240802676,2.49575332180705
"gpt-6-sol","spike_exponential",0.154345826086957,2.53009691960035
"gpt-6-sol","spike_exponential",0.157021411371237,2.56461599332062
"gpt-6-sol","spike_exponential",0.159696996655518,2.59931054296785
"gpt-6-sol","spike_exponential",0.162372581939799,2.63418056854204
"gpt-6-sol","spike_exponential",0.16504816722408,2.66922607004319
"gpt-6-sol","spike_exponential",0.167723752508361,2.7044470474713
"gpt-6-sol","spike_exponential",0.170399337792642,2.73984350082637
"gpt-6-sol","spike_exponential",0.173074923076923,2.77541543010841
"gpt-6-sol","spike_exponential",0.175750508361204,2.81116283531741
"gpt-6-sol","spike_exponential",0.178426093645485,2.84708571645337
"gpt-6-sol","spike_exponential",0.181101678929766,2.88318407351629
"gpt-6-sol","spike_exponential",0.183777264214047,2.91945790650617
"gpt-6-sol","spike_exponential",0.186452849498328,2.95590721542301
"gpt-6-sol","spike_exponential",0.189128434782609,2.99253200026682
"gpt-6-sol","spike_exponential",0.19180402006689,3.02933226103759
"gpt-6-sol","spike_exponential",0.194479605351171,3.06630799773532
"gpt-6-sol","spike_exponential",0.197155190635452,3.10345921036001
"gpt-6-sol","spike_exponential",0.199830775919732,3.14078589891166
"gpt-6-sol","spike_exponential",0.202506361204013,3.17828806339027
"gpt-6-sol","spike_exponential",0.205181946488294,3.21596570379585
"gpt-6-sol","spike_exponential",0.207857531772575,3.25381882012839
"gpt-6-sol","spike_exponential",0.210533117056856,3.29184741238788
"gpt-6-sol","spike_exponential",0.213208702341137,3.33005148057434
"gpt-6-sol","spike_exponential",0.215884287625418,3.36843102468777
"gpt-6-sol","spike_exponential",0.218559872909699,3.40698604472815
"gpt-6-sol","spike_exponential",0.22123545819398,3.4457165406955
"gpt-6-sol","spike_exponential",0.223911043478261,3.4846225125898
"gpt-6-sol","spike_exponential",0.226586628762542,3.52370396041107
"gpt-6-sol","spike_exponential",0.229262214046823,3.5629608841593
"gpt-6-sol","spike_exponential",0.231937799331104,3.60239328383449
"gpt-6-sol","spike_exponential",0.234613384615385,3.64200115943665
"gpt-6-sol","spike_exponential",0.237288969899666,3.68178451096576
"gpt-6-sol","spike_exponential",0.239964555183946,3.72174333842184
"gpt-6-sol","spike_exponential",0.242640140468227,3.76187764180488
"gpt-6-sol","spike_exponential",0.245315725752508,3.80218742111488
"gpt-6-sol","spike_exponential",0.247991311036789,3.84267267635184
"gpt-6-sol","spike_exponential",0.25066689632107,3.88333340751576
"gpt-6-sol","spike_exponential",0.253342481605351,3.92416961460665
"gpt-6-sol","spike_exponential",0.256018066889632,3.96518129762449
"gpt-6-sol","spike_exponential",0.258693652173913,4.0063684565693
"gpt-6-sol","spike_exponential",0.261369237458194,4.04773109144107
"gpt-6-sol","spike_exponential",0.264044822742475,4.0892692022398
"gpt-6-sol","spike_exponential",0.266720408026756,4.1309827889655
"gpt-6-sol","spike_exponential",0.269395993311037,4.17287185161815
"gpt-6-sol","spike_exponential",0.272071578595318,4.21493639019777
"gpt-6-sol","spike_exponential",0.274747163879599,4.25717640470434
"gpt-6-sol","spike_exponential",0.27742274916388,4.29959189513788
"gpt-6-sol","spike_exponential",0.280098334448161,4.34218286149839
"gpt-6-sol","spike_exponential",0.282773919732441,4.38494930378585
"gpt-6-sol","spike_exponential",0.285449505016722,4.42789122200027
"gpt-6-sol","spike_exponential",0.288125090301003,4.47100861614166
"gpt-6-sol","spike_exponential",0.290800675585284,4.51430148621001
"gpt-6-sol","spike_exponential",0.293476260869565,4.55776983220532
"gpt-6-sol","spike_exponential",0.296151846153846,4.60141365412759
"gpt-6-sol","spike_exponential",0.298827431438127,4.64523295197682
"gpt-6-sol","spike_exponential",0.301503016722408,4.68922772575301
"gpt-6-sol","spike_exponential",0.304178602006689,4.73339797545617
"gpt-6-sol","spike_exponential",0.30685418729097,4.77774370108629
"gpt-6-sol","spike_exponential",0.309529772575251,4.82226490264337
"gpt-6-sol","spike_exponential",0.312205357859532,4.86696158012741
"gpt-6-sol","spike_exponential",0.314880943143813,4.91183373353841
"gpt-6-sol","spike_exponential",0.317556528428094,4.95688136287638
"gpt-6-sol","spike_exponential",0.320232113712375,5.0021044681413
"gpt-6-sol","spike_exponential",0.322907698996656,5.04750304933319
"gpt-6-sol","spike_exponential",0.325583284280936,5.09307710645204
"gpt-6-sol","spike_exponential",0.328258869565217,5.13882663949785
"gpt-6-sol","spike_exponential",0.330934454849498,5.18475164847062
"gpt-6-sol","spike_exponential",0.333610040133779,5.23085213337035
"gpt-6-sol","spike_exponential",0.33628562541806,5.27712809419705
"gpt-6-sol","spike_exponential",0.338961210702341,5.32357953095071
"gpt-6-sol","spike_exponential",0.341636795986622,5.37020644363133
"gpt-6-sol","spike_exponential",0.344312381270903,5.41700883223891
"gpt-6-sol","spike_exponential",0.346987966555184,5.46398669677345
"gpt-6-sol","spike_exponential",0.349663551839465,5.51114003723495
"gpt-6-sol","spike_exponential",0.352339137123746,5.55846885362342
"gpt-6-sol","spike_exponential",0.355014722408027,5.60597314593884
"gpt-6-sol","spike_exponential",0.357690307692308,5.65365291418123
"gpt-6-sol","spike_exponential",0.360365892976589,5.70150815835058
"gpt-6-sol","spike_exponential",0.36304147826087,5.7495388784469
"gpt-6-sol","spike_exponential",0.365717063545151,5.79774507447017
"gpt-6-sol","spike_exponential",0.368392648829431,5.8461267464204
"gpt-6-sol","spike_exponential",0.371068234113712,5.8946838942976
"gpt-6-sol","spike_exponential",0.373743819397993,5.94341651810176
"gpt-6-sol","spike_exponential",0.376419404682274,5.99232461783288
"gpt-6-sol","spike_exponential",0.379094989966555,6.04140819349096
"gpt-6-sol","spike_exponential",0.381770575250836,6.090667245076
"gpt-6-sol","spike_exponential",0.384446160535117,6.14010177258801
"gpt-6-sol","spike_exponential",0.387121745819398,6.18971177602698
"gpt-6-sol","spike_exponential",0.389797331103679,6.2394972553929
"gpt-6-sol","spike_exponential",0.39247291638796,6.28945821068579
"gpt-6-sol","spike_exponential",0.395148501672241,6.33959464190565
"gpt-6-sol","spike_exponential",0.397824086956522,6.38990654905246
"gpt-6-sol","spike_exponential",0.400499672240803,6.44039393212623
"gpt-6-sol","spike_exponential",0.403175257525084,6.49105679112697
"gpt-6-sol","spike_exponential",0.405850842809365,6.54189512605467
"gpt-6-sol","spike_exponential",0.408526428093646,6.59290893690933
"gpt-6-sol","spike_exponential",0.411202013377926,6.64409822369095
"gpt-6-sol","spike_exponential",0.413877598662207,6.69546298639953
"gpt-6-sol","spike_exponential",0.416553183946488,6.74700322503508
"gpt-6-sol","spike_exponential",0.419228769230769,6.79871893959758
"gpt-6-sol","spike_exponential",0.42190435451505,6.85061013008705
"gpt-6-sol","spike_exponential",0.424579939799331,6.90267679650348
"gpt-6-sol","spike_exponential",0.427255525083612,6.95491893884687
"gpt-6-sol","spike_exponential",0.429931110367893,7.00733655711722
"gpt-6-sol","spike_exponential",0.432606695652174,7.05992965131454
"gpt-6-sol","spike_exponential",0.435282280936455,7.11269822143881
"gpt-6-sol","spike_exponential",0.437957866220736,7.16564226749005
"gpt-6-sol","spike_exponential",0.440633451505017,7.21876178946825
"gpt-6-sol","spike_exponential",0.443309036789298,7.27205678737341
"gpt-6-sol","spike_exponential",0.445984622073579,7.32552726120553
"gpt-6-sol","spike_exponential",0.44866020735786,7.37917321096462
"gpt-6-sol","spike_exponential",0.451335792642141,7.43299463665066
"gpt-6-sol","spike_exponential",0.454011377926421,7.48699153826367
"gpt-6-sol","spike_exponential",0.456686963210702,7.54116391580364
"gpt-6-sol","spike_exponential",0.459362548494983,7.59551176927057
"gpt-6-sol","spike_exponential",0.462038133779264,7.65003509866446
"gpt-6-sol","spike_exponential",0.464713719063545,7.70473390398532
"gpt-6-sol","spike_exponential",0.467389304347826,7.75960818523313
"gpt-6-sol","spike_exponential",0.470064889632107,7.81465794240791
"gpt-6-sol","spike_exponential",0.472740474916388,7.86988317550965
"gpt-6-sol","spike_exponential",0.475416060200669,7.92528388453835
"gpt-6-sol","spike_exponential",0.47809164548495,7.98086006949401
"gpt-6-sol","spike_exponential",0.480767230769231,8.03661173037663
"gpt-6-sol","spike_exponential",0.483442816053512,8.09253886718622
"gpt-6-sol","spike_exponential",0.486118401337793,8.14864147992277
"gpt-6-sol","spike_exponential",0.488793986622074,8.20491956858628
"gpt-6-sol","spike_exponential",0.491469571906355,8.26137313317675
"gpt-6-sol","spike_exponential",0.494145157190636,8.31800217369418
"gpt-6-sol","spike_exponential",0.496820742474916,8.37480669013857
"gpt-6-sol","spike_exponential",0.499496327759197,8.43178668250993
"gpt-6-sol","spike_exponential",0.502171913043478,8.48894215080824
"gpt-6-sol","spike_exponential",0.504847498327759,8.54627309503352
"gpt-6-sol","spike_exponential",0.50752308361204,8.60377951518576
"gpt-6-sol","spike_exponential",0.510198668896321,8.66146141126496
"gpt-6-sol","spike_exponential",0.512874254180602,8.71931878327113
"gpt-6-sol","spike_exponential",0.515549839464883,8.77735163120425
"gpt-6-sol","spike_exponential",0.518225424749164,8.83555995506434
"gpt-6-sol","spike_exponential",0.520901010033445,8.89394375485139
"gpt-6-sol","spike_exponential",0.523576595317726,8.9525030305654
"gpt-6-sol","spike_exponential",0.526252180602007,9.01123778220637
"gpt-6-sol","spike_exponential",0.528927765886288,9.0701480097743
"gpt-6-sol","spike_exponential",0.531603351170569,9.1292337132692
"gpt-6-sol","spike_exponential",0.53427893645485,9.18849489269105
"gpt-6-sol","spike_exponential",0.53695452173913,9.24793154803987
"gpt-6-sol","spike_exponential",0.539630107023411,9.30754367931565
"gpt-6-sol","spike_exponential",0.542305692307692,9.36733128651839
"gpt-6-sol","spike_exponential",0.544981277591973,9.4272943696481
"gpt-6-sol","spike_exponential",0.547656862876254,9.48743292870476
"gpt-6-sol","spike_exponential",0.550332448160535,9.54774696368838
"gpt-6-sol","spike_exponential",0.553008033444816,9.60823647459897
"gpt-6-sol","spike_exponential",0.555683618729097,9.66890146143652
"gpt-6-sol","spike_exponential",0.558359204013378,9.72974192420103
"gpt-6-sol","spike_exponential",0.561034789297659,9.79075786289251
"gpt-6-sol","spike_exponential",0.56371037458194,9.85194927751094
"gpt-6-sol","spike_exponential",0.566385959866221,9.91331616805634
"gpt-6-sol","spike_exponential",0.569061545150502,9.97485853452869
"gpt-6-sol","spike_exponential",0.571737130434783,10.036576376928
"gpt-6-sol","spike_exponential",0.574412715719064,10.0984696952543
"gpt-6-sol","spike_exponential",0.577088301003345,10.1605384895075
"gpt-6-sol","spike_exponential",0.579763886287625,10.2227827596877
"gpt-6-sol","spike_exponential",0.582439471571906,10.2852025057949
"gpt-6-sol","spike_exponential",0.585115056856187,10.347797727829
"gpt-6-sol","spike_exponential",0.587790642140468,10.4105684257901
"gpt-6-sol","spike_exponential",0.590466227424749,10.4735145996782
"gpt-6-sol","spike_exponential",0.59314181270903,10.5366362494932
"gpt-6-sol","spike_exponential",0.595817397993311,10.5999333752352
"gpt-6-sol","spike_exponential",0.598492983277592,10.6634059769041
"gpt-6-sol","spike_exponential",0.601168568561873,10.7270540545
"gpt-6-sol","spike_exponential",0.603844153846154,10.7908776080228
"gpt-6-sol","spike_exponential",0.606519739130435,10.8548766374727
"gpt-6-sol","spike_exponential",0.609195324414716,10.9190511428495
"gpt-6-sol","spike_exponential",0.611870909698997,10.9834011241532
"gpt-6-sol","spike_exponential",0.614546494983278,11.0479265813839
"gpt-6-sol","spike_exponential",0.617222080267559,11.1126275145416
"gpt-6-sol","spike_exponential",0.61989766555184,11.1775039236262
"gpt-6-sol","spike_exponential",0.62257325083612,11.2425558086378
"gpt-6-sol","spike_exponential",0.625248836120401,11.3077831695763
"gpt-6-sol","spike_exponential",0.627924421404682,11.3731860064419
"gpt-6-sol","spike_exponential",0.630600006688963,11.4387643192343
"gpt-6-sol","spike_exponential",0.633275591973244,11.5045181079538
"gpt-6-sol","spike_exponential",0.635951177257525,11.5704473726002
"gpt-6-sol","spike_exponential",0.638626762541806,11.6365521131735
"gpt-6-sol","spike_exponential",0.641302347826087,11.7028323296738
"gpt-6-sol","spike_exponential",0.643977933110368,11.7692880221011
"gpt-6-sol","spike_exponential",0.646653518394649,11.8359191904554
"gpt-6-sol","spike_exponential",0.64932910367893,11.9027258347366
"gpt-6-sol","spike_exponential",0.652004688963211,11.9697079549447
"gpt-6-sol","spike_exponential",0.654680274247492,12.0368655510799
"gpt-6-sol","spike_exponential",0.657355859531773,12.104198623142
"gpt-6-sol","spike_exponential",0.660031444816054,12.171707171131
"gpt-6-sol","spike_exponential",0.662707030100334,12.239391195047
"gpt-6-sol","spike_exponential",0.665382615384615,12.30725069489
"gpt-6-sol","spike_exponential",0.668058200668896,12.37528567066
"gpt-6-sol","spike_exponential",0.670733785953177,12.4434961223569
"gpt-6-sol","spike_exponential",0.673409371237458,12.5118820499807
"gpt-6-sol","spike_exponential",0.676084956521739,12.5804434535315
"gpt-6-sol","spike_exponential",0.67876054180602,12.6491803330093
"gpt-6-sol","spike_exponential",0.681436127090301,12.7180926884141
"gpt-6-sol","spike_exponential",0.684111712374582,12.7871805197458
"gpt-6-sol","spike_exponential",0.686787297658863,12.8564438270044
"gpt-6-sol","spike_exponential",0.689462882943144,12.9258826101901
"gpt-6-sol","spike_exponential",0.692138468227425,12.9954968693027
"gpt-6-sol","spike_exponential",0.694814053511706,13.0652866043422
"gpt-6-sol","spike_exponential",0.697489638795987,13.1352518153087
"gpt-6-sol","spike_exponential",0.700165224080268,13.2053925022022
"gpt-6-sol","spike_exponential",0.702840809364549,13.2757086650227
"gpt-6-sol","spike_exponential",0.70551639464883,13.3462003037701
"gpt-6-sol","spike_exponential",0.70819197993311,13.4168674184444
"gpt-6-sol","spike_exponential",0.710867565217391,13.4877100090457
"gpt-6-sol","spike_exponential",0.713543150501672,13.558728075574
"gpt-6-sol","spike_exponential",0.716218735785953,13.6299216180293
"gpt-6-sol","spike_exponential",0.718894321070234,13.7012906364115
"gpt-6-sol","spike_exponential",0.721569906354515,13.7728351307207
"gpt-6-sol","spike_exponential",0.724245491638796,13.8445551009568
"gpt-6-sol","spike_exponential",0.726921076923077,13.9164505471199
"gpt-6-sol","spike_exponential",0.729596662207358,13.9885214692099
"gpt-6-sol","spike_exponential",0.732272247491639,14.060767867227
"gpt-6-sol","spike_exponential",0.73494783277592,14.1331897411709
"gpt-6-sol","spike_exponential",0.737623418060201,14.2057870910419
"gpt-6-sol","spike_exponential",0.740299003344482,14.2785599168398
"gpt-6-sol","spike_exponential",0.742974588628763,14.3515082185646
"gpt-6-sol","spike_exponential",0.745650173913044,14.4246319962165
"gpt-6-sol","spike_exponential",0.748325759197324,14.4979312497953
"gpt-6-sol","spike_exponential",0.751001344481605,14.571405979301
"gpt-6-sol","spike_exponential",0.753676929765886,14.6450561847337
"gpt-6-sol","spike_exponential",0.756352515050167,14.7188818660934
"gpt-6-sol","spike_exponential",0.759028100334448,14.79288302338
"gpt-6-sol","spike_exponential",0.761703685618729,14.8670596565936
"gpt-6-sol","spike_exponential",0.76437927090301,14.9414117657342
"gpt-6-sol","spike_exponential",0.767054856187291,15.0159393508017
"gpt-6-sol","spike_exponential",0.769730441471572,15.0906424117962
"gpt-6-sol","spike_exponential",0.772406026755853,15.1655209487176
"gpt-6-sol","spike_exponential",0.775081612040134,15.240574961566
"gpt-6-sol","spike_exponential",0.777757197324415,15.3158044503414
"gpt-6-sol","spike_exponential",0.780432782608696,15.3912094150437
"gpt-6-sol","spike_exponential",0.783108367892977,15.466789855673
"gpt-6-sol","spike_exponential",0.785783953177258,15.5425457722292
"gpt-6-sol","spike_exponential",0.788459538461538,15.6184771647125
"gpt-6-sol","spike_exponential",0.79113512374582,15.6945840331226
"gpt-6-sol","spike_exponential",0.7938107090301,15.7708663774598
"gpt-6-sol","spike_exponential",0.796486294314381,15.8473241977239
"gpt-6-sol","spike_exponential",0.799161879598662,15.9239574939149
"gpt-6-sol","spike_exponential",0.801837464882943,16.0007662660329
"gpt-6-sol","spike_exponential",0.804513050167224,16.0777505140779
"gpt-6-sol","spike_exponential",0.807188635451505,16.1549102380499
"gpt-6-sol","spike_exponential",0.809864220735786,16.2322454379488
"gpt-6-sol","spike_exponential",0.812539806020067,16.3097561137746
"gpt-6-sol","spike_exponential",0.815215391304348,16.3874422655275
"gpt-6-sol","spike_exponential",0.817890976588629,16.4653038932072
"gpt-6-sol","spike_exponential",0.82056656187291,16.543340996814
"gpt-6-sol","spike_exponential",0.823242147157191,16.6215535763477
"gpt-6-sol","spike_exponential",0.825917732441472,16.6999416318084
"gpt-6-sol","spike_exponential",0.828593317725753,16.778505163196
"gpt-6-sol","spike_exponential",0.831268903010034,16.8572441705106
"gpt-6-sol","spike_exponential",0.833944488294314,16.9361586537522
"gpt-6-sol","spike_exponential",0.836620073578595,17.0152486129207
"gpt-6-sol","spike_exponential",0.839295658862876,17.0945140480162
"gpt-6-sol","spike_exponential",0.841971244147157,17.1739549590386
"gpt-6-sol","spike_exponential",0.844646829431438,17.253571345988
"gpt-6-sol","spike_exponential",0.847322414715719,17.3333632088644
"gpt-6-sol","spike_exponential",0.849998,17.4133305476677
"gpt-6.1-sol","student_linear",0.049998,1.95807650527831
"gpt-6.1-sol","student_linear",0.0526735852842809,2.00108061408694
"gpt-6.1-sol","student_linear",0.0553491705685619,2.04408472289557
"gpt-6.1-sol","student_linear",0.0580247558528428,2.08708883170419
"gpt-6.1-sol","student_linear",0.0607003411371237,2.13009294051282
"gpt-6.1-sol","student_linear",0.0633759264214047,2.17309704932145
"gpt-6.1-sol","student_linear",0.0660515117056856,2.21610115813007
"gpt-6.1-sol","student_linear",0.0687270969899666,2.2591052669387
"gpt-6.1-sol","student_linear",0.0714026822742475,2.30210937574733
"gpt-6.1-sol","student_linear",0.0740782675585284,2.34511348455595
"gpt-6.1-sol","student_linear",0.0767538528428094,2.38811759336458
"gpt-6.1-sol","student_linear",0.0794294381270903,2.43112170217321
"gpt-6.1-sol","student_linear",0.0821050234113712,2.47412581098184
"gpt-6.1-sol","student_linear",0.0847806086956522,2.51712991979046
"gpt-6.1-sol","student_linear",0.0874561939799331,2.56013402859909
"gpt-6.1-sol","student_linear",0.090131779264214,2.60313813740772
"gpt-6.1-sol","student_linear",0.092807364548495,2.64614224621634
"gpt-6.1-sol","student_linear",0.0954829498327759,2.68914635502497
"gpt-6.1-sol","student_linear",0.0981585351170569,2.7321504638336
"gpt-6.1-sol","student_linear",0.100834120401338,2.77515457264222
"gpt-6.1-sol","student_linear",0.103509705685619,2.81815868145085
"gpt-6.1-sol","student_linear",0.1061852909699,2.86116279025948
"gpt-6.1-sol","student_linear",0.108860876254181,2.9041668990681
"gpt-6.1-sol","student_linear",0.111536461538462,2.94717100787673
"gpt-6.1-sol","student_linear",0.114212046822742,2.99017511668536
"gpt-6.1-sol","student_linear",0.116887632107023,3.03317922549398
"gpt-6.1-sol","student_linear",0.119563217391304,3.07618333430261
"gpt-6.1-sol","student_linear",0.122238802675585,3.11918744311124
"gpt-6.1-sol","student_linear",0.124914387959866,3.16219155191986
"gpt-6.1-sol","student_linear",0.127589973244147,3.20519566072849
"gpt-6.1-sol","student_linear",0.130265558528428,3.24819976953712
"gpt-6.1-sol","student_linear",0.132941143812709,3.29120387834574
"gpt-6.1-sol","student_linear",0.13561672909699,3.33420798715437
"gpt-6.1-sol","student_linear",0.138292314381271,3.377212095963
"gpt-6.1-sol","student_linear",0.140967899665552,3.42021620477162
"gpt-6.1-sol","student_linear",0.143643484949833,3.46322031358025
"gpt-6.1-sol","student_linear",0.146319070234114,3.50622442238888
"gpt-6.1-sol","student_linear",0.148994655518395,3.5492285311975
"gpt-6.1-sol","student_linear",0.151670240802676,3.59223264000613
"gpt-6.1-sol","student_linear",0.154345826086957,3.63523674881476
"gpt-6.1-sol","student_linear",0.157021411371237,3.67824085762338
"gpt-6.1-sol","student_linear",0.159696996655518,3.72124496643201
"gpt-6.1-sol","student_linear",0.162372581939799,3.76424907524064
"gpt-6.1-sol","student_linear",0.16504816722408,3.80725318404926
"gpt-6.1-sol","student_linear",0.167723752508361,3.85025729285789
"gpt-6.1-sol","student_linear",0.170399337792642,3.89326140166652
"gpt-6.1-sol","student_linear",0.173074923076923,3.93626551047514
"gpt-6.1-sol","student_linear",0.175750508361204,3.97926961928377
"gpt-6.1-sol","student_linear",0.178426093645485,4.0222737280924
"gpt-6.1-sol","student_linear",0.181101678929766,4.06527783690103
"gpt-6.1-sol","student_linear",0.183777264214047,4.10828194570965
"gpt-6.1-sol","student_linear",0.186452849498328,4.15128605451828
"gpt-6.1-sol","student_linear",0.189128434782609,4.19429016332691
"gpt-6.1-sol","student_linear",0.19180402006689,4.23729427213553
"gpt-6.1-sol","student_linear",0.194479605351171,4.28029838094416
"gpt-6.1-sol","student_linear",0.197155190635452,4.32330248975279
"gpt-6.1-sol","student_linear",0.199830775919732,4.36630659856141
"gpt-6.1-sol","student_linear",0.202506361204013,4.40931070737004
"gpt-6.1-sol","student_linear",0.205181946488294,4.45231481617867
"gpt-6.1-sol","student_linear",0.207857531772575,4.49531892498729
"gpt-6.1-sol","student_linear",0.210533117056856,4.53832303379592
"gpt-6.1-sol","student_linear",0.213208702341137,4.58132714260455
"gpt-6.1-sol","student_linear",0.215884287625418,4.62433125141317
"gpt-6.1-sol","student_linear",0.218559872909699,4.6673353602218
"gpt-6.1-sol","student_linear",0.22123545819398,4.71033946903043
"gpt-6.1-sol","student_linear",0.223911043478261,4.75334357783905
"gpt-6.1-sol","student_linear",0.226586628762542,4.79634768664768
"gpt-6.1-sol","student_linear",0.229262214046823,4.83935179545631
"gpt-6.1-sol","student_linear",0.231937799331104,4.88235590426493
"gpt-6.1-sol","student_linear",0.234613384615385,4.92536001307356
"gpt-6.1-sol","student_linear",0.237288969899666,4.96836412188219
"gpt-6.1-sol","student_linear",0.239964555183946,5.01136823069081
"gpt-6.1-sol","student_linear",0.242640140468227,5.05437233949944
"gpt-6.1-sol","student_linear",0.245315725752508,5.09737644830807
"gpt-6.1-sol","student_linear",0.247991311036789,5.14038055711669
"gpt-6.1-sol","student_linear",0.25066689632107,5.18338466592532
"gpt-6.1-sol","student_linear",0.253342481605351,5.22638877473395
"gpt-6.1-sol","student_linear",0.256018066889632,5.26939288354257
"gpt-6.1-sol","student_linear",0.258693652173913,5.3123969923512
"gpt-6.1-sol","student_linear",0.261369237458194,5.35540110115983
"gpt-6.1-sol","student_linear",0.264044822742475,5.39840520996845
"gpt-6.1-sol","student_linear",0.266720408026756,5.44140931877708
"gpt-6.1-sol","student_linear",0.269395993311037,5.48441342758571
"gpt-6.1-sol","student_linear",0.272071578595318,5.52741753639433
"gpt-6.1-sol","student_linear",0.274747163879599,5.57042164520296
"gpt-6.1-sol","student_linear",0.27742274916388,5.61342575401159
"gpt-6.1-sol","student_linear",0.280098334448161,5.65642986282022
"gpt-6.1-sol","student_linear",0.282773919732441,5.69943397162884
"gpt-6.1-sol","student_linear",0.285449505016722,5.74243808043747
"gpt-6.1-sol","student_linear",0.288125090301003,5.78544218924609
"gpt-6.1-sol","student_linear",0.290800675585284,5.82844629805472
"gpt-6.1-sol","student_linear",0.293476260869565,5.87145040686335
"gpt-6.1-sol","student_linear",0.296151846153846,5.91445451567198
"gpt-6.1-sol","student_linear",0.298827431438127,5.9574586244806
"gpt-6.1-sol","student_linear",0.301503016722408,6.00046273328923
"gpt-6.1-sol","student_linear",0.304178602006689,6.04346684209786
"gpt-6.1-sol","student_linear",0.30685418729097,6.08647095090648
"gpt-6.1-sol","student_linear",0.309529772575251,6.12947505971511
"gpt-6.1-sol","student_linear",0.312205357859532,6.17247916852374
"gpt-6.1-sol","student_linear",0.314880943143813,6.21548327733236
"gpt-6.1-sol","student_linear",0.317556528428094,6.25848738614099
"gpt-6.1-sol","student_linear",0.320232113712375,6.30149149494962
"gpt-6.1-sol","student_linear",0.322907698996656,6.34449560375824
"gpt-6.1-sol","student_linear",0.325583284280936,6.38749971256687
"gpt-6.1-sol","student_linear",0.328258869565217,6.4305038213755
"gpt-6.1-sol","student_linear",0.330934454849498,6.47350793018412
"gpt-6.1-sol","student_linear",0.333610040133779,6.51651203899275
"gpt-6.1-sol","student_linear",0.33628562541806,6.55951614780138
"gpt-6.1-sol","student_linear",0.338961210702341,6.60252025661
"gpt-6.1-sol","student_linear",0.341636795986622,6.64552436541863
"gpt-6.1-sol","student_linear",0.344312381270903,6.68852847422726
"gpt-6.1-sol","student_linear",0.346987966555184,6.73153258303588
"gpt-6.1-sol","student_linear",0.349663551839465,6.77453669184451
"gpt-6.1-sol","student_linear",0.352339137123746,6.81754080065314
"gpt-6.1-sol","student_linear",0.355014722408027,6.86054490946176
"gpt-6.1-sol","student_linear",0.357690307692308,6.90354901827039
"gpt-6.1-sol","student_linear",0.360365892976589,6.94655312707902
"gpt-6.1-sol","student_linear",0.36304147826087,6.98955723588764
"gpt-6.1-sol","student_linear",0.365717063545151,7.03256134469627
"gpt-6.1-sol","student_linear",0.368392648829431,7.0755654535049
"gpt-6.1-sol","student_linear",0.371068234113712,7.11856956231352
"gpt-6.1-sol","student_linear",0.373743819397993,7.16157367112215
"gpt-6.1-sol","student_linear",0.376419404682274,7.20457777993078
"gpt-6.1-sol","student_linear",0.379094989966555,7.24758188873941
"gpt-6.1-sol","student_linear",0.381770575250836,7.29058599754803
"gpt-6.1-sol","student_linear",0.384446160535117,7.33359010635666
"gpt-6.1-sol","student_linear",0.387121745819398,7.37659421516528
"gpt-6.1-sol","student_linear",0.389797331103679,7.41959832397391
"gpt-6.1-sol","student_linear",0.39247291638796,7.46260243278254
"gpt-6.1-sol","student_linear",0.395148501672241,7.50560654159117
"gpt-6.1-sol","student_linear",0.397824086956522,7.54861065039979
"gpt-6.1-sol","student_linear",0.400499672240803,7.59161475920842
"gpt-6.1-sol","student_linear",0.403175257525084,7.63461886801705
"gpt-6.1-sol","student_linear",0.405850842809365,7.67762297682567
"gpt-6.1-sol","student_linear",0.408526428093646,7.7206270856343
"gpt-6.1-sol","student_linear",0.411202013377926,7.76363119444293
"gpt-6.1-sol","student_linear",0.413877598662207,7.80663530325155
"gpt-6.1-sol","student_linear",0.416553183946488,7.84963941206018
"gpt-6.1-sol","student_linear",0.419228769230769,7.89264352086881
"gpt-6.1-sol","student_linear",0.42190435451505,7.93564762967743
"gpt-6.1-sol","student_linear",0.424579939799331,7.97865173848606
"gpt-6.1-sol","student_linear",0.427255525083612,8.02165584729469
"gpt-6.1-sol","student_linear",0.429931110367893,8.06465995610331
"gpt-6.1-sol","student_linear",0.432606695652174,8.10766406491194
"gpt-6.1-sol","student_linear",0.435282280936455,8.15066817372057
"gpt-6.1-sol","student_linear",0.437957866220736,8.19367228252919
"gpt-6.1-sol","student_linear",0.440633451505017,8.23667639133782
"gpt-6.1-sol","student_linear",0.443309036789298,8.27968050014645
"gpt-6.1-sol","student_linear",0.445984622073579,8.32268460895507
"gpt-6.1-sol","student_linear",0.44866020735786,8.3656887177637
"gpt-6.1-sol","student_linear",0.451335792642141,8.40869282657233
"gpt-6.1-sol","student_linear",0.454011377926421,8.45169693538096
"gpt-6.1-sol","student_linear",0.456686963210702,8.49470104418958
"gpt-6.1-sol","student_linear",0.459362548494983,8.53770515299821
"gpt-6.1-sol","student_linear",0.462038133779264,8.58070926180683
"gpt-6.1-sol","student_linear",0.464713719063545,8.62371337061546
"gpt-6.1-sol","student_linear",0.467389304347826,8.66671747942409
"gpt-6.1-sol","student_linear",0.470064889632107,8.70972158823272
"gpt-6.1-sol","student_linear",0.472740474916388,8.75272569704134
"gpt-6.1-sol","student_linear",0.475416060200669,8.79572980584997
"gpt-6.1-sol","student_linear",0.47809164548495,8.8387339146586
"gpt-6.1-sol","student_linear",0.480767230769231,8.88173802346722
"gpt-6.1-sol","student_linear",0.483442816053512,8.92474213227585
"gpt-6.1-sol","student_linear",0.486118401337793,8.96774624108448
"gpt-6.1-sol","student_linear",0.488793986622074,9.0107503498931
"gpt-6.1-sol","student_linear",0.491469571906355,9.05375445870173
"gpt-6.1-sol","student_linear",0.494145157190636,9.09675856751036
"gpt-6.1-sol","student_linear",0.496820742474916,9.13976267631898
"gpt-6.1-sol","student_linear",0.499496327759197,9.18276678512761
"gpt-6.1-sol","student_linear",0.502171913043478,9.22577089393624
"gpt-6.1-sol","student_linear",0.504847498327759,9.26877500274486
"gpt-6.1-sol","student_linear",0.50752308361204,9.31177911155349
"gpt-6.1-sol","student_linear",0.510198668896321,9.35478322036212
"gpt-6.1-sol","student_linear",0.512874254180602,9.39778732917074
"gpt-6.1-sol","student_linear",0.515549839464883,9.44079143797937
"gpt-6.1-sol","student_linear",0.518225424749164,9.483795546788
"gpt-6.1-sol","student_linear",0.520901010033445,9.52679965559662
"gpt-6.1-sol","student_linear",0.523576595317726,9.56980376440525
"gpt-6.1-sol","student_linear",0.526252180602007,9.61280787321388
"gpt-6.1-sol","student_linear",0.528927765886288,9.6558119820225
"gpt-6.1-sol","student_linear",0.531603351170569,9.69881609083113
"gpt-6.1-sol","student_linear",0.53427893645485,9.74182019963976
"gpt-6.1-sol","student_linear",0.53695452173913,9.78482430844839
"gpt-6.1-sol","student_linear",0.539630107023411,9.82782841725701
"gpt-6.1-sol","student_linear",0.542305692307692,9.87083252606564
"gpt-6.1-sol","student_linear",0.544981277591973,9.91383663487427
"gpt-6.1-sol","student_linear",0.547656862876254,9.95684074368289
"gpt-6.1-sol","student_linear",0.550332448160535,9.99984485249152
"gpt-6.1-sol","student_linear",0.553008033444816,10.0428489613001
"gpt-6.1-sol","student_linear",0.555683618729097,10.0858530701088
"gpt-6.1-sol","student_linear",0.558359204013378,10.1288571789174
"gpt-6.1-sol","student_linear",0.561034789297659,10.171861287726
"gpt-6.1-sol","student_linear",0.56371037458194,10.2148653965347
"gpt-6.1-sol","student_linear",0.566385959866221,10.2578695053433
"gpt-6.1-sol","student_linear",0.569061545150502,10.3008736141519
"gpt-6.1-sol","student_linear",0.571737130434783,10.3438777229605
"gpt-6.1-sol","student_linear",0.574412715719064,10.3868818317692
"gpt-6.1-sol","student_linear",0.577088301003345,10.4298859405778
"gpt-6.1-sol","student_linear",0.579763886287625,10.4728900493864
"gpt-6.1-sol","student_linear",0.582439471571906,10.515894158195
"gpt-6.1-sol","student_linear",0.585115056856187,10.5588982670037
"gpt-6.1-sol","student_linear",0.587790642140468,10.6019023758123
"gpt-6.1-sol","student_linear",0.590466227424749,10.6449064846209
"gpt-6.1-sol","student_linear",0.59314181270903,10.6879105934295
"gpt-6.1-sol","student_linear",0.595817397993311,10.7309147022382
"gpt-6.1-sol","student_linear",0.598492983277592,10.7739188110468
"gpt-6.1-sol","student_linear",0.601168568561873,10.8169229198554
"gpt-6.1-sol","student_linear",0.603844153846154,10.8599270286641
"gpt-6.1-sol","student_linear",0.606519739130435,10.9029311374727
"gpt-6.1-sol","student_linear",0.609195324414716,10.9459352462813
"gpt-6.1-sol","student_linear",0.611870909698997,10.9889393550899
"gpt-6.1-sol","student_linear",0.614546494983278,11.0319434638986
"gpt-6.1-sol","student_linear",0.617222080267559,11.0749475727072
"gpt-6.1-sol","student_linear",0.61989766555184,11.1179516815158
"gpt-6.1-sol","student_linear",0.62257325083612,11.1609557903244
"gpt-6.1-sol","student_linear",0.625248836120401,11.2039598991331
"gpt-6.1-sol","student_linear",0.627924421404682,11.2469640079417
"gpt-6.1-sol","student_linear",0.630600006688963,11.2899681167503
"gpt-6.1-sol","student_linear",0.633275591973244,11.3329722255589
"gpt-6.1-sol","student_linear",0.635951177257525,11.3759763343676
"gpt-6.1-sol","student_linear",0.638626762541806,11.4189804431762
"gpt-6.1-sol","student_linear",0.641302347826087,11.4619845519848
"gpt-6.1-sol","student_linear",0.643977933110368,11.5049886607935
"gpt-6.1-sol","student_linear",0.646653518394649,11.5479927696021
"gpt-6.1-sol","student_linear",0.64932910367893,11.5909968784107
"gpt-6.1-sol","student_linear",0.652004688963211,11.6340009872193
"gpt-6.1-sol","student_linear",0.654680274247492,11.677005096028
"gpt-6.1-sol","student_linear",0.657355859531773,11.7200092048366
"gpt-6.1-sol","student_linear",0.660031444816054,11.7630133136452
"gpt-6.1-sol","student_linear",0.662707030100334,11.8060174224538
"gpt-6.1-sol","student_linear",0.665382615384615,11.8490215312625
"gpt-6.1-sol","student_linear",0.668058200668896,11.8920256400711
"gpt-6.1-sol","student_linear",0.670733785953177,11.9350297488797
"gpt-6.1-sol","student_linear",0.673409371237458,11.9780338576883
"gpt-6.1-sol","student_linear",0.676084956521739,12.021037966497
"gpt-6.1-sol","student_linear",0.67876054180602,12.0640420753056
"gpt-6.1-sol","student_linear",0.681436127090301,12.1070461841142
"gpt-6.1-sol","student_linear",0.684111712374582,12.1500502929229
"gpt-6.1-sol","student_linear",0.686787297658863,12.1930544017315
"gpt-6.1-sol","student_linear",0.689462882943144,12.2360585105401
"gpt-6.1-sol","student_linear",0.692138468227425,12.2790626193487
"gpt-6.1-sol","student_linear",0.694814053511706,12.3220667281574
"gpt-6.1-sol","student_linear",0.697489638795987,12.365070836966
"gpt-6.1-sol","student_linear",0.700165224080268,12.4080749457746
"gpt-6.1-sol","student_linear",0.702840809364549,12.4510790545832
"gpt-6.1-sol","student_linear",0.70551639464883,12.4940831633919
"gpt-6.1-sol","student_linear",0.70819197993311,12.5370872722005
"gpt-6.1-sol","student_linear",0.710867565217391,12.5800913810091
"gpt-6.1-sol","student_linear",0.713543150501672,12.6230954898178
"gpt-6.1-sol","student_linear",0.716218735785953,12.6660995986264
"gpt-6.1-sol","student_linear",0.718894321070234,12.709103707435
"gpt-6.1-sol","student_linear",0.721569906354515,12.7521078162436
"gpt-6.1-sol","student_linear",0.724245491638796,12.7951119250523
"gpt-6.1-sol","student_linear",0.726921076923077,12.8381160338609
"gpt-6.1-sol","student_linear",0.729596662207358,12.8811201426695
"gpt-6.1-sol","student_linear",0.732272247491639,12.9241242514781
"gpt-6.1-sol","student_linear",0.73494783277592,12.9671283602868
"gpt-6.1-sol","student_linear",0.737623418060201,13.0101324690954
"gpt-6.1-sol","student_linear",0.740299003344482,13.053136577904
"gpt-6.1-sol","student_linear",0.742974588628763,13.0961406867126
"gpt-6.1-sol","student_linear",0.745650173913044,13.1391447955213
"gpt-6.1-sol","student_linear",0.748325759197324,13.1821489043299
"gpt-6.1-sol","student_linear",0.751001344481605,13.2251530131385
"gpt-6.1-sol","student_linear",0.753676929765886,13.2681571219472
"gpt-6.1-sol","student_linear",0.756352515050167,13.3111612307558
"gpt-6.1-sol","student_linear",0.759028100334448,13.3541653395644
"gpt-6.1-sol","student_linear",0.761703685618729,13.397169448373
"gpt-6.1-sol","student_linear",0.76437927090301,13.4401735571817
"gpt-6.1-sol","student_linear",0.767054856187291,13.4831776659903
"gpt-6.1-sol","student_linear",0.769730441471572,13.5261817747989
"gpt-6.1-sol","student_linear",0.772406026755853,13.5691858836075
"gpt-6.1-sol","student_linear",0.775081612040134,13.6121899924162
"gpt-6.1-sol","student_linear",0.777757197324415,13.6551941012248
"gpt-6.1-sol","student_linear",0.780432782608696,13.6981982100334
"gpt-6.1-sol","student_linear",0.783108367892977,13.741202318842
"gpt-6.1-sol","student_linear",0.785783953177258,13.7842064276507
"gpt-6.1-sol","student_linear",0.788459538461538,13.8272105364593
"gpt-6.1-sol","student_linear",0.79113512374582,13.8702146452679
"gpt-6.1-sol","student_linear",0.7938107090301,13.9132187540766
"gpt-6.1-sol","student_linear",0.796486294314381,13.9562228628852
"gpt-6.1-sol","student_linear",0.799161879598662,13.9992269716938
"gpt-6.1-sol","student_linear",0.801837464882943,14.0422310805024
"gpt-6.1-sol","student_linear",0.804513050167224,14.0852351893111
"gpt-6.1-sol","student_linear",0.807188635451505,14.1282392981197
"gpt-6.1-sol","student_linear",0.809864220735786,14.1712434069283
"gpt-6.1-sol","student_linear",0.812539806020067,14.2142475157369
"gpt-6.1-sol","student_linear",0.815215391304348,14.2572516245456
"gpt-6.1-sol","student_linear",0.817890976588629,14.3002557333542
"gpt-6.1-sol","student_linear",0.82056656187291,14.3432598421628
"gpt-6.1-sol","student_linear",0.823242147157191,14.3862639509714
"gpt-6.1-sol","student_linear",0.825917732441472,14.4292680597801
"gpt-6.1-sol","student_linear",0.828593317725753,14.4722721685887
"gpt-6.1-sol","student_linear",0.831268903010034,14.5152762773973
"gpt-6.1-sol","student_linear",0.833944488294314,14.558280386206
"gpt-6.1-sol","student_linear",0.836620073578595,14.6012844950146
"gpt-6.1-sol","student_linear",0.839295658862876,14.6442886038232
"gpt-6.1-sol","student_linear",0.841971244147157,14.6872927126318
"gpt-6.1-sol","student_linear",0.844646829431438,14.7302968214405
"gpt-6.1-sol","student_linear",0.847322414715719,14.7733009302491
"gpt-6.1-sol","student_linear",0.849998,14.8163050390577
"gpt-6.1-sol","student_quadratic",0.049998,2.33831421242724
"gpt-6.1-sol","student_quadratic",0.0526735852842809,2.37095671814627
"gpt-6.1-sol","student_quadratic",0.0553491705685619,2.40366745585425
"gpt-6.1-sol","student_quadratic",0.0580247558528428,2.43644642555118
"gpt-6.1-sol","student_quadratic",0.0607003411371237,2.46929362723704
"gpt-6.1-sol","student_quadratic",0.0633759264214047,2.50220906091186
"gpt-6.1-sol","student_quadratic",0.0660515117056856,2.53519272657561
"gpt-6.1-sol","student_quadratic",0.0687270969899666,2.56824462422831
"gpt-6.1-sol","student_quadratic",0.0714026822742475,2.60136475386995
"gpt-6.1-sol","student_quadratic",0.0740782675585284,2.63455311550053
"gpt-6.1-sol","student_quadratic",0.0767538528428094,2.66780970912005
"gpt-6.1-sol","student_quadratic",0.0794294381270903,2.70113453472852
"gpt-6.1-sol","student_quadratic",0.0821050234113712,2.73452759232594
"gpt-6.1-sol","student_quadratic",0.0847806086956522,2.76798888191229
"gpt-6.1-sol","student_quadratic",0.0874561939799331,2.80151840348759
"gpt-6.1-sol","student_quadratic",0.090131779264214,2.83511615705183
"gpt-6.1-sol","student_quadratic",0.092807364548495,2.86878214260502
"gpt-6.1-sol","student_quadratic",0.0954829498327759,2.90251636014714
"gpt-6.1-sol","student_quadratic",0.0981585351170569,2.93631880967822
"gpt-6.1-sol","student_quadratic",0.100834120401338,2.97018949119823
"gpt-6.1-sol","student_quadratic",0.103509705685619,3.00412840470719
"gpt-6.1-sol","student_quadratic",0.1061852909699,3.03813555020509
"gpt-6.1-sol","student_quadratic",0.108860876254181,3.07221092769193
"gpt-6.1-sol","student_quadratic",0.111536461538462,3.10635453716772
"gpt-6.1-sol","student_quadratic",0.114212046822742,3.14056637863245
"gpt-6.1-sol","student_quadratic",0.116887632107023,3.17484645208612
"gpt-6.1-sol","student_quadratic",0.119563217391304,3.20919475752874
"gpt-6.1-sol","student_quadratic",0.122238802675585,3.2436112949603
"gpt-6.1-sol","student_quadratic",0.124914387959866,3.2780960643808
"gpt-6.1-sol","student_quadratic",0.127589973244147,3.31264906579025
"gpt-6.1-sol","student_quadratic",0.130265558528428,3.34727029918864
"gpt-6.1-sol","student_quadratic",0.132941143812709,3.38195976457597
"gpt-6.1-sol","student_quadratic",0.13561672909699,3.41671746195224
"gpt-6.1-sol","student_quadratic",0.138292314381271,3.45154339131746
"gpt-6.1-sol","student_quadratic",0.140967899665552,3.48643755267162
"gpt-6.1-sol","student_quadratic",0.143643484949833,3.52139994601473
"gpt-6.1-sol","student_quadratic",0.146319070234114,3.55643057134678
"gpt-6.1-sol","student_quadratic",0.148994655518395,3.59152942866777
"gpt-6.1-sol","student_quadratic",0.151670240802676,3.6266965179777
"gpt-6.1-sol","student_quadratic",0.154345826086957,3.66193183927658
"gpt-6.1-sol","student_quadratic",0.157021411371237,3.6972353925644
"gpt-6.1-sol","student_quadratic",0.159696996655518,3.73260717784116
"gpt-6.1-sol","student_quadratic",0.162372581939799,3.76804719510687
"gpt-6.1-sol","student_quadratic",0.16504816722408,3.80355544436152
"gpt-6.1-sol","student_quadratic",0.167723752508361,3.83913192560511
"gpt-6.1-sol","student_quadratic",0.170399337792642,3.87477663883765
"gpt-6.1-sol","student_quadratic",0.173074923076923,3.91048958405913
"gpt-6.1-sol","student_quadratic",0.175750508361204,3.94627076126955
"gpt-6.1-sol","student_quadratic",0.178426093645485,3.98212017046892
"gpt-6.1-sol","student_quadratic",0.181101678929766,4.01803781165723
"gpt-6.1-sol","student_quadratic",0.183777264214047,4.05402368483448
"gpt-6.1-sol","student_quadratic",0.186452849498328,4.09007779000067
"gpt-6.1-sol","student_quadratic",0.189128434782609,4.12620012715581
"gpt-6.1-sol","student_quadratic",0.19180402006689,4.16239069629989
"gpt-6.1-sol","student_quadratic",0.194479605351171,4.19864949743292
"gpt-6.1-sol","student_quadratic",0.197155190635452,4.23497653055489
"gpt-6.1-sol","student_quadratic",0.199830775919732,4.2713717956658
"gpt-6.1-sol","student_quadratic",0.202506361204013,4.30783529276565
"gpt-6.1-sol","student_quadratic",0.205181946488294,4.34436702185445
"gpt-6.1-sol","student_quadratic",0.207857531772575,4.38096698293219
"gpt-6.1-sol","student_quadratic",0.210533117056856,4.41763517599887
"gpt-6.1-sol","student_quadratic",0.213208702341137,4.4543716010545
"gpt-6.1-sol","student_quadratic",0.215884287625418,4.49117625809907
"gpt-6.1-sol","student_quadratic",0.218559872909699,4.52804914713258
"gpt-6.1-sol","student_quadratic",0.22123545819398,4.56499026815504
"gpt-6.1-sol","student_quadratic",0.223911043478261,4.60199962116644
"gpt-6.1-sol","student_quadratic",0.226586628762542,4.63907720616678
"gpt-6.1-sol","student_quadratic",0.229262214046823,4.67622302315607
"gpt-6.1-sol","student_quadratic",0.231937799331104,4.71343707213429
"gpt-6.1-sol","student_quadratic",0.234613384615385,4.75071935310147
"gpt-6.1-sol","student_quadratic",0.237288969899666,4.78806986605758
"gpt-6.1-sol","student_quadratic",0.239964555183946,4.82548861100264
"gpt-6.1-sol","student_quadratic",0.242640140468227,4.86297558793664
"gpt-6.1-sol","student_quadratic",0.245315725752508,4.90053079685959
"gpt-6.1-sol","student_quadratic",0.247991311036789,4.93815423777147
"gpt-6.1-sol","student_quadratic",0.25066689632107,4.97584591067231
"gpt-6.1-sol","student_quadratic",0.253342481605351,5.01360581556208
"gpt-6.1-sol","student_quadratic",0.256018066889632,5.0514339524408
"gpt-6.1-sol","student_quadratic",0.258693652173913,5.08933032130846
"gpt-6.1-sol","student_quadratic",0.261369237458194,5.12729492216506
"gpt-6.1-sol","student_quadratic",0.264044822742475,5.16532775501061
"gpt-6.1-sol","student_quadratic",0.266720408026756,5.2034288198451
"gpt-6.1-sol","student_quadratic",0.269395993311037,5.24159811666853
"gpt-6.1-sol","student_quadratic",0.272071578595318,5.27983564548091
"gpt-6.1-sol","student_quadratic",0.274747163879599,5.31814140628222
"gpt-6.1-sol","student_quadratic",0.27742274916388,5.35651539907249
"gpt-6.1-sol","student_quadratic",0.280098334448161,5.39495762385169
"gpt-6.1-sol","student_quadratic",0.282773919732441,5.43346808061984
"gpt-6.1-sol","student_quadratic",0.285449505016722,5.47204676937693
"gpt-6.1-sol","student_quadratic",0.288125090301003,5.51069369012297
"gpt-6.1-sol","student_quadratic",0.290800675585284,5.54940884285794
"gpt-6.1-sol","student_quadratic",0.293476260869565,5.58819222758187
"gpt-6.1-sol","student_quadratic",0.296151846153846,5.62704384429473
"gpt-6.1-sol","student_quadratic",0.298827431438127,5.66596369299654
"gpt-6.1-sol","student_quadratic",0.301503016722408,5.70495177368729
"gpt-6.1-sol","student_quadratic",0.304178602006689,5.74400808636698
"gpt-6.1-sol","student_quadratic",0.30685418729097,5.78313263103562
"gpt-6.1-sol","student_quadratic",0.309529772575251,5.8223254076932
"gpt-6.1-sol","student_quadratic",0.312205357859532,5.86158641633972
"gpt-6.1-sol","student_quadratic",0.314880943143813,5.90091565697519
"gpt-6.1-sol","student_quadratic",0.317556528428094,5.9403131295996
"gpt-6.1-sol","student_quadratic",0.320232113712375,5.97977883421295
"gpt-6.1-sol","student_quadratic",0.322907698996656,6.01931277081525
"gpt-6.1-sol","student_quadratic",0.325583284280936,6.05891493940649
"gpt-6.1-sol","student_quadratic",0.328258869565217,6.09858533998667
"gpt-6.1-sol","student_quadratic",0.330934454849498,6.13832397255579
"gpt-6.1-sol","student_quadratic",0.333610040133779,6.17813083711386
"gpt-6.1-sol","student_quadratic",0.33628562541806,6.21800593366087
"gpt-6.1-sol","student_quadratic",0.338961210702341,6.25794926219683
"gpt-6.1-sol","student_quadratic",0.341636795986622,6.29796082272173
"gpt-6.1-sol","student_quadratic",0.344312381270903,6.33804061523557
"gpt-6.1-sol","student_quadratic",0.346987966555184,6.37818863973835
"gpt-6.1-sol","student_quadratic",0.349663551839465,6.41840489623008
"gpt-6.1-sol","student_quadratic",0.352339137123746,6.45868938471075
"gpt-6.1-sol","student_quadratic",0.355014722408027,6.49904210518036
"gpt-6.1-sol","student_quadratic",0.357690307692308,6.53946305763892
"gpt-6.1-sol","student_quadratic",0.360365892976589,6.57995224208642
"gpt-6.1-sol","student_quadratic",0.36304147826087,6.62050965852286
"gpt-6.1-sol","student_quadratic",0.365717063545151,6.66113530694825
"gpt-6.1-sol","student_quadratic",0.368392648829431,6.70182918736258
"gpt-6.1-sol","student_quadratic",0.371068234113712,6.74259129976585
"gpt-6.1-sol","student_quadratic",0.373743819397993,6.78342164415807
"gpt-6.1-sol","student_quadratic",0.376419404682274,6.82432022053923
"gpt-6.1-sol","student_quadratic",0.379094989966555,6.86528702890933
"gpt-6.1-sol","student_quadratic",0.381770575250836,6.90632206926837
"gpt-6.1-sol","student_quadratic",0.384446160535117,6.94742534161636
"gpt-6.1-sol","student_quadratic",0.387121745819398,6.98859684595329
"gpt-6.1-sol","student_quadratic",0.389797331103679,7.02983658227917
"gpt-6.1-sol","student_quadratic",0.39247291638796,7.07114455059399
"gpt-6.1-sol","student_quadratic",0.395148501672241,7.11252075089775
"gpt-6.1-sol","student_quadratic",0.397824086956522,7.15396518319045
"gpt-6.1-sol","student_quadratic",0.400499672240803,7.1954778474721
"gpt-6.1-sol","student_quadratic",0.403175257525084,7.23705874374269
"gpt-6.1-sol","student_quadratic",0.405850842809365,7.27870787200222
"gpt-6.1-sol","student_quadratic",0.408526428093646,7.3204252322507
"gpt-6.1-sol","student_quadratic",0.411202013377926,7.36221082448812
"gpt-6.1-sol","student_quadratic",0.413877598662207,7.40406464871448
"gpt-6.1-sol","student_quadratic",0.416553183946488,7.44598670492979
"gpt-6.1-sol","student_quadratic",0.419228769230769,7.48797699313404
"gpt-6.1-sol","student_quadratic",0.42190435451505,7.53003551332723
"gpt-6.1-sol","student_quadratic",0.424579939799331,7.57216226550936
"gpt-6.1-sol","student_quadratic",0.427255525083612,7.61435724968044
"gpt-6.1-sol","student_quadratic",0.429931110367893,7.65662046584047
"gpt-6.1-sol","student_quadratic",0.432606695652174,7.69895191398943
"gpt-6.1-sol","student_quadratic",0.435282280936455,7.74135159412734
"gpt-6.1-sol","student_quadratic",0.437957866220736,7.78381950625419
"gpt-6.1-sol","student_quadratic",0.440633451505017,7.82635565036998
"gpt-6.1-sol","student_quadratic",0.443309036789298,7.86896002647472
"gpt-6.1-sol","student_quadratic",0.445984622073579,7.9116326345684
"gpt-6.1-sol","student_quadratic",0.44866020735786,7.95437347465103
"gpt-6.1-sol","student_quadratic",0.451335792642141,7.99718254672259
"gpt-6.1-sol","student_quadratic",0.454011377926421,8.0400598507831
"gpt-6.1-sol","student_quadratic",0.456686963210702,8.08300538683256
"gpt-6.1-sol","student_quadratic",0.459362548494983,8.12601915487095
"gpt-6.1-sol","student_quadratic",0.462038133779264,8.16910115489829
"gpt-6.1-sol","student_quadratic",0.464713719063545,8.21225138691458
"gpt-6.1-sol","student_quadratic",0.467389304347826,8.2554698509198
"gpt-6.1-sol","student_quadratic",0.470064889632107,8.29875654691397
"gpt-6.1-sol","student_quadratic",0.472740474916388,8.34211147489708
"gpt-6.1-sol","student_quadratic",0.475416060200669,8.38553463486914
"gpt-6.1-sol","student_quadratic",0.47809164548495,8.42902602683014
"gpt-6.1-sol","student_quadratic",0.480767230769231,8.47258565078008
"gpt-6.1-sol","student_quadratic",0.483442816053512,8.51621350671896
"gpt-6.1-sol","student_quadratic",0.486118401337793,8.55990959464679
"gpt-6.1-sol","student_quadratic",0.488793986622074,8.60367391456357
"gpt-6.1-sol","student_quadratic",0.491469571906355,8.64750646646928
"gpt-6.1-sol","student_quadratic",0.494145157190636,8.69140725036394
"gpt-6.1-sol","student_quadratic",0.496820742474916,8.73537626624754
"gpt-6.1-sol","student_quadratic",0.499496327759197,8.77941351412008
"gpt-6.1-sol","student_quadratic",0.502171913043478,8.82351899398157
"gpt-6.1-sol","student_quadratic",0.504847498327759,8.867692705832
"gpt-6.1-sol","student_quadratic",0.50752308361204,8.91193464967137
"gpt-6.1-sol","student_quadratic",0.510198668896321,8.95624482549969
"gpt-6.1-sol","student_quadratic",0.512874254180602,9.00062323331695
"gpt-6.1-sol","student_quadratic",0.515549839464883,9.04506987312315
"gpt-6.1-sol","student_quadratic",0.518225424749164,9.0895847449183
"gpt-6.1-sol","student_quadratic",0.520901010033445,9.13416784870238
"gpt-6.1-sol","student_quadratic",0.523576595317726,9.17881918447542
"gpt-6.1-sol","student_quadratic",0.526252180602007,9.22353875223739
"gpt-6.1-sol","student_quadratic",0.528927765886288,9.26832655198831
"gpt-6.1-sol","student_quadratic",0.531603351170569,9.31318258372817
"gpt-6.1-sol","student_quadratic",0.53427893645485,9.35810684745698
"gpt-6.1-sol","student_quadratic",0.53695452173913,9.40309934317473
"gpt-6.1-sol","student_quadratic",0.539630107023411,9.44816007088141
"gpt-6.1-sol","student_quadratic",0.542305692307692,9.49328903057705
"gpt-6.1-sol","student_quadratic",0.544981277591973,9.53848622226163
"gpt-6.1-sol","student_quadratic",0.547656862876254,9.58375164593515
"gpt-6.1-sol","student_quadratic",0.550332448160535,9.62908530159761
"gpt-6.1-sol","student_quadratic",0.553008033444816,9.67448718924902
"gpt-6.1-sol","student_quadratic",0.555683618729097,9.71995730888937
"gpt-6.1-sol","student_quadratic",0.558359204013378,9.76549566051866
"gpt-6.1-sol","student_quadratic",0.561034789297659,9.8111022441369
"gpt-6.1-sol","student_quadratic",0.56371037458194,9.85677705974408
"gpt-6.1-sol","student_quadratic",0.566385959866221,9.9025201073402
"gpt-6.1-sol","student_quadratic",0.569061545150502,9.94833138692526
"gpt-6.1-sol","student_quadratic",0.571737130434783,9.99421089849927
"gpt-6.1-sol","student_quadratic",0.574412715719064,10.0401586420622
"gpt-6.1-sol","student_quadratic",0.577088301003345,10.0861746176141
"gpt-6.1-sol","student_quadratic",0.579763886287625,10.132258825155
"gpt-6.1-sol","student_quadratic",0.582439471571906,10.1784112646847
"gpt-6.1-sol","student_quadratic",0.585115056856187,10.2246319362035
"gpt-6.1-sol","student_quadratic",0.587790642140468,10.2709208397111
"gpt-6.1-sol","student_quadratic",0.590466227424749,10.3172779752077
"gpt-6.1-sol","student_quadratic",0.59314181270903,10.3637033426933
"gpt-6.1-sol","student_quadratic",0.595817397993311,10.4101969421678
"gpt-6.1-sol","student_quadratic",0.598492983277592,10.4567587736312
"gpt-6.1-sol","student_quadratic",0.601168568561873,10.5033888370836
"gpt-6.1-sol","student_quadratic",0.603844153846154,10.5500871325249
"gpt-6.1-sol","student_quadratic",0.606519739130435,10.5968536599552
"gpt-6.1-sol","student_quadratic",0.609195324414716,10.6436884193744
"gpt-6.1-sol","student_quadratic",0.611870909698997,10.6905914107826
"gpt-6.1-sol","student_quadratic",0.614546494983278,10.7375626341797
"gpt-6.1-sol","student_quadratic",0.617222080267559,10.7846020895657
"gpt-6.1-sol","student_quadratic",0.61989766555184,10.8317097769407
"gpt-6.1-sol","student_quadratic",0.62257325083612,10.8788856963046
"gpt-6.1-sol","student_quadratic",0.625248836120401,10.9261298476575
"gpt-6.1-sol","student_quadratic",0.627924421404682,10.9734422309993
"gpt-6.1-sol","student_quadratic",0.630600006688963,11.0208228463301
"gpt-6.1-sol","student_quadratic",0.633275591973244,11.0682716936498
"gpt-6.1-sol","student_quadratic",0.635951177257525,11.1157887729584
"gpt-6.1-sol","student_quadratic",0.638626762541806,11.163374084256
"gpt-6.1-sol","student_quadratic",0.641302347826087,11.2110276275425
"gpt-6.1-sol","student_quadratic",0.643977933110368,11.258749402818
"gpt-6.1-sol","student_quadratic",0.646653518394649,11.3065394100824
"gpt-6.1-sol","student_quadratic",0.64932910367893,11.3543976493358
"gpt-6.1-sol","student_quadratic",0.652004688963211,11.4023241205781
"gpt-6.1-sol","student_quadratic",0.654680274247492,11.4503188238093
"gpt-6.1-sol","student_quadratic",0.657355859531773,11.4983817590295
"gpt-6.1-sol","student_quadratic",0.660031444816054,11.5465129262387
"gpt-6.1-sol","student_quadratic",0.662707030100334,11.5947123254367
"gpt-6.1-sol","student_quadratic",0.665382615384615,11.6429799566238
"gpt-6.1-sol","student_quadratic",0.668058200668896,11.6913158197997
"gpt-6.1-sol","student_quadratic",0.670733785953177,11.7397199149646
"gpt-6.1-sol","student_quadratic",0.673409371237458,11.7881922421185
"gpt-6.1-sol","student_quadratic",0.676084956521739,11.8367328012613
"gpt-6.1-sol","student_quadratic",0.67876054180602,11.885341592393
"gpt-6.1-sol","student_quadratic",0.681436127090301,11.9340186155137
"gpt-6.1-sol","student_quadratic",0.684111712374582,11.9827638706233
"gpt-6.1-sol","student_quadratic",0.686787297658863,12.0315773577219
"gpt-6.1-sol","student_quadratic",0.689462882943144,12.0804590768094
"gpt-6.1-sol","student_quadratic",0.692138468227425,12.1294090278858
"gpt-6.1-sol","student_quadratic",0.694814053511706,12.1784272109512
"gpt-6.1-sol","student_quadratic",0.697489638795987,12.2275136260056
"gpt-6.1-sol","student_quadratic",0.700165224080268,12.2766682730488
"gpt-6.1-sol","student_quadratic",0.702840809364549,12.3258911520811
"gpt-6.1-sol","student_quadratic",0.70551639464883,12.3751822631022
"gpt-6.1-sol","student_quadratic",0.70819197993311,12.4245416061123
"gpt-6.1-sol","student_quadratic",0.710867565217391,12.4739691811114
"gpt-6.1-sol","student_quadratic",0.713543150501672,12.5234649880994
"gpt-6.1-sol","student_quadratic",0.716218735785953,12.5730290270763
"gpt-6.1-sol","student_quadratic",0.718894321070234,12.6226612980422
"gpt-6.1-sol","student_quadratic",0.721569906354515,12.672361800997
"gpt-6.1-sol","student_quadratic",0.724245491638796,12.7221305359408
"gpt-6.1-sol","student_quadratic",0.726921076923077,12.7719675028735
"gpt-6.1-sol","student_quadratic",0.729596662207358,12.8218727017952
"gpt-6.1-sol","student_quadratic",0.732272247491639,12.8718461327058
"gpt-6.1-sol","student_quadratic",0.73494783277592,12.9218877956053
"gpt-6.1-sol","student_quadratic",0.737623418060201,12.9719976904938
"gpt-6.1-sol","student_quadratic",0.740299003344482,13.0221758173712
"gpt-6.1-sol","student_quadratic",0.742974588628763,13.0724221762376
"gpt-6.1-sol","student_quadratic",0.745650173913044,13.1227367670929
"gpt-6.1-sol","student_quadratic",0.748325759197324,13.1731195899372
"gpt-6.1-sol","student_quadratic",0.751001344481605,13.2235706447704
"gpt-6.1-sol","student_quadratic",0.753676929765886,13.2740899315925
"gpt-6.1-sol","student_quadratic",0.756352515050167,13.3246774504036
"gpt-6.1-sol","student_quadratic",0.759028100334448,13.3753332012036
"gpt-6.1-sol","student_quadratic",0.761703685618729,13.4260571839926
"gpt-6.1-sol","student_quadratic",0.76437927090301,13.4768493987705
"gpt-6.1-sol","student_quadratic",0.767054856187291,13.5277098455374
"gpt-6.1-sol","student_quadratic",0.769730441471572,13.5786385242932
"gpt-6.1-sol","student_quadratic",0.772406026755853,13.6296354350379
"gpt-6.1-sol","student_quadratic",0.775081612040134,13.6807005777716
"gpt-6.1-sol","student_quadratic",0.777757197324415,13.7318339524942
"gpt-6.1-sol","student_quadratic",0.780432782608696,13.7830355592058
"gpt-6.1-sol","student_quadratic",0.783108367892977,13.8343053979063
"gpt-6.1-sol","student_quadratic",0.785783953177258,13.8856434685958
"gpt-6.1-sol","student_quadratic",0.788459538461538,13.9370497712742
"gpt-6.1-sol","student_quadratic",0.79113512374582,13.9885243059415
"gpt-6.1-sol","student_quadratic",0.7938107090301,14.0400670725978
"gpt-6.1-sol","student_quadratic",0.796486294314381,14.0916780712431
"gpt-6.1-sol","student_quadratic",0.799161879598662,14.1433573018772
"gpt-6.1-sol","student_quadratic",0.801837464882943,14.1951047645004
"gpt-6.1-sol","student_quadratic",0.804513050167224,14.2469204591124
"gpt-6.1-sol","student_quadratic",0.807188635451505,14.2988043857134
"gpt-6.1-sol","student_quadratic",0.809864220735786,14.3507565443034
"gpt-6.1-sol","student_quadratic",0.812539806020067,14.4027769348823
"gpt-6.1-sol","student_quadratic",0.815215391304348,14.4548655574501
"gpt-6.1-sol","student_quadratic",0.817890976588629,14.5070224120069
"gpt-6.1-sol","student_quadratic",0.82056656187291,14.5592474985526
"gpt-6.1-sol","student_quadratic",0.823242147157191,14.6115408170873
"gpt-6.1-sol","student_quadratic",0.825917732441472,14.6639023676109
"gpt-6.1-sol","student_quadratic",0.828593317725753,14.7163321501234
"gpt-6.1-sol","student_quadratic",0.831268903010034,14.7688301646249
"gpt-6.1-sol","student_quadratic",0.833944488294314,14.8213964111154
"gpt-6.1-sol","student_quadratic",0.836620073578595,14.8740308895947
"gpt-6.1-sol","student_quadratic",0.839295658862876,14.9267336000631
"gpt-6.1-sol","student_quadratic",0.841971244147157,14.9795045425203
"gpt-6.1-sol","student_quadratic",0.844646829431438,15.0323437169665
"gpt-6.1-sol","student_quadratic",0.847322414715719,15.0852511234017
"gpt-6.1-sol","student_quadratic",0.849998,15.1382267618258
"gpt-6.1-sol","frontier_exponential",0.049998,1.65658469697865
"gpt-6.1-sol","frontier_exponential",0.0526735852842809,1.68728661852634
"gpt-6.1-sol","frontier_exponential",0.0553491705685619,1.71806897100132
"gpt-6.1-sol","frontier_exponential",0.0580247558528428,1.74893175440359
"gpt-6.1-sol","frontier_exponential",0.0607003411371237,1.77987496873315
"gpt-6.1-sol","frontier_exponential",0.0633759264214047,1.81089861399
"gpt-6.1-sol","frontier_exponential",0.0660515117056856,1.84200269017413
"gpt-6.1-sol","frontier_exponential",0.0687270969899666,1.87318719728556
"gpt-6.1-sol","frontier_exponential",0.0714026822742475,1.90445213532427
"gpt-6.1-sol","frontier_exponential",0.0740782675585284,1.93579750429027
"gpt-6.1-sol","frontier_exponential",0.0767538528428094,1.96722330418356
"gpt-6.1-sol","frontier_exponential",0.0794294381270903,1.99872953500414
"gpt-6.1-sol","frontier_exponential",0.0821050234113712,2.030316196752
"gpt-6.1-sol","frontier_exponential",0.0847806086956522,2.06198328942716
"gpt-6.1-sol","frontier_exponential",0.0874561939799331,2.0937308130296
"gpt-6.1-sol","frontier_exponential",0.090131779264214,2.12555876755933
"gpt-6.1-sol","frontier_exponential",0.092807364548495,2.15746715301635
"gpt-6.1-sol","frontier_exponential",0.0954829498327759,2.18945596940066
"gpt-6.1-sol","frontier_exponential",0.0981585351170569,2.22152521671225
"gpt-6.1-sol","frontier_exponential",0.100834120401338,2.25367489495114
"gpt-6.1-sol","frontier_exponential",0.103509705685619,2.28590500411731
"gpt-6.1-sol","frontier_exponential",0.1061852909699,2.31821554421077
"gpt-6.1-sol","frontier_exponential",0.108860876254181,2.35060651523152
"gpt-6.1-sol","frontier_exponential",0.111536461538462,2.38307791717956
"gpt-6.1-sol","frontier_exponential",0.114212046822742,2.41562975005489
"gpt-6.1-sol","frontier_exponential",0.116887632107023,2.4482620138575
"gpt-6.1-sol","frontier_exponential",0.119563217391304,2.4809747085874
"gpt-6.1-sol","frontier_exponential",0.122238802675585,2.5137678342446
"gpt-6.1-sol","frontier_exponential",0.124914387959866,2.54664139082908
"gpt-6.1-sol","frontier_exponential",0.127589973244147,2.57959537834084
"gpt-6.1-sol","frontier_exponential",0.130265558528428,2.6126297967799
"gpt-6.1-sol","frontier_exponential",0.132941143812709,2.64574464614625
"gpt-6.1-sol","frontier_exponential",0.13561672909699,2.67893992643988
"gpt-6.1-sol","frontier_exponential",0.138292314381271,2.7122156376608
"gpt-6.1-sol","frontier_exponential",0.140967899665552,2.74557177980901
"gpt-6.1-sol","frontier_exponential",0.143643484949833,2.77900835288451
"gpt-6.1-sol","frontier_exponential",0.146319070234114,2.8125253568873
"gpt-6.1-sol","frontier_exponential",0.148994655518395,2.84612279181737
"gpt-6.1-sol","frontier_exponential",0.151670240802676,2.87980065767474
"gpt-6.1-sol","frontier_exponential",0.154345826086957,2.91355895445939
"gpt-6.1-sol","frontier_exponential",0.157021411371237,2.94739768217133
"gpt-6.1-sol","frontier_exponential",0.159696996655518,2.98131684081056
"gpt-6.1-sol","frontier_exponential",0.162372581939799,3.01531643037708
"gpt-6.1-sol","frontier_exponential",0.16504816722408,3.04939645087088
"gpt-6.1-sol","frontier_exponential",0.167723752508361,3.08355690229198
"gpt-6.1-sol","frontier_exponential",0.170399337792642,3.11779778464036
"gpt-6.1-sol","frontier_exponential",0.173074923076923,3.15211909791603
"gpt-6.1-sol","frontier_exponential",0.175750508361204,3.18652084211899
"gpt-6.1-sol","frontier_exponential",0.178426093645485,3.22100301724924
"gpt-6.1-sol","frontier_exponential",0.181101678929766,3.25556562330677
"gpt-6.1-sol","frontier_exponential",0.183777264214047,3.2902086602916
"gpt-6.1-sol","frontier_exponential",0.186452849498328,3.32493212820371
"gpt-6.1-sol","frontier_exponential",0.189128434782609,3.35973602704311
"gpt-6.1-sol","frontier_exponential",0.19180402006689,3.3946203568098
"gpt-6.1-sol","frontier_exponential",0.194479605351171,3.42958511750378
"gpt-6.1-sol","frontier_exponential",0.197155190635452,3.46463030912505
"gpt-6.1-sol","frontier_exponential",0.199830775919732,3.4997559316736
"gpt-6.1-sol","frontier_exponential",0.202506361204013,3.53496198514944
"gpt-6.1-sol","frontier_exponential",0.205181946488294,3.57024846955258
"gpt-6.1-sol","frontier_exponential",0.207857531772575,3.605615384883
"gpt-6.1-sol","frontier_exponential",0.210533117056856,3.6410627311407
"gpt-6.1-sol","frontier_exponential",0.213208702341137,3.6765905083257
"gpt-6.1-sol","frontier_exponential",0.215884287625418,3.71219871643798
"gpt-6.1-sol","frontier_exponential",0.218559872909699,3.74788735547756
"gpt-6.1-sol","frontier_exponential",0.22123545819398,3.78365642544442
"gpt-6.1-sol","frontier_exponential",0.223911043478261,3.81950592633857
"gpt-6.1-sol","frontier_exponential",0.226586628762542,3.85543585816001
"gpt-6.1-sol","frontier_exponential",0.229262214046823,3.89144622090874
"gpt-6.1-sol","frontier_exponential",0.231937799331104,3.92753701458475
"gpt-6.1-sol","frontier_exponential",0.234613384615385,3.96370823918806
"gpt-6.1-sol","frontier_exponential",0.237288969899666,3.99995989471865
"gpt-6.1-sol","frontier_exponential",0.239964555183946,4.03629198117653
"gpt-6.1-sol","frontier_exponential",0.242640140468227,4.0727044985617
"gpt-6.1-sol","frontier_exponential",0.245315725752508,4.10919744687416
"gpt-6.1-sol","frontier_exponential",0.247991311036789,4.1457708261139
"gpt-6.1-sol","frontier_exponential",0.25066689632107,4.18242463628093
"gpt-6.1-sol","frontier_exponential",0.253342481605351,4.21915887737526
"gpt-6.1-sol","frontier_exponential",0.256018066889632,4.25597354939687
"gpt-6.1-sol","frontier_exponential",0.258693652173913,4.29286865234577
"gpt-6.1-sol","frontier_exponential",0.261369237458194,4.32984418622196
"gpt-6.1-sol","frontier_exponential",0.264044822742475,4.36690015102543
"gpt-6.1-sol","frontier_exponential",0.266720408026756,4.4040365467562
"gpt-6.1-sol","frontier_exponential",0.269395993311037,4.44125337341425
"gpt-6.1-sol","frontier_exponential",0.272071578595318,4.47855063099959
"gpt-6.1-sol","frontier_exponential",0.274747163879599,4.51592831951222
"gpt-6.1-sol","frontier_exponential",0.27742274916388,4.55338643895214
"gpt-6.1-sol","frontier_exponential",0.280098334448161,4.59092498931934
"gpt-6.1-sol","frontier_exponential",0.282773919732441,4.62854397061384
"gpt-6.1-sol","frontier_exponential",0.285449505016722,4.66624338283562
"gpt-6.1-sol","frontier_exponential",0.288125090301003,4.70402322598469
"gpt-6.1-sol","frontier_exponential",0.290800675585284,4.74188350006105
"gpt-6.1-sol","frontier_exponential",0.293476260869565,4.7798242050647
"gpt-6.1-sol","frontier_exponential",0.296151846153846,4.81784534099564
"gpt-6.1-sol","frontier_exponential",0.298827431438127,4.85594690785386
"gpt-6.1-sol","frontier_exponential",0.301503016722408,4.89412890563938
"gpt-6.1-sol","frontier_exponential",0.304178602006689,4.93239133435218
"gpt-6.1-sol","frontier_exponential",0.30685418729097,4.97073419399227
"gpt-6.1-sol","frontier_exponential",0.309529772575251,5.00915748455965
"gpt-6.1-sol","frontier_exponential",0.312205357859532,5.04766120605431
"gpt-6.1-sol","frontier_exponential",0.314880943143813,5.08624535847627
"gpt-6.1-sol","frontier_exponential",0.317556528428094,5.12490994182551
"gpt-6.1-sol","frontier_exponential",0.320232113712375,5.16365495610204
"gpt-6.1-sol","frontier_exponential",0.322907698996656,5.20248040130587
"gpt-6.1-sol","frontier_exponential",0.325583284280936,5.24138627743697
"gpt-6.1-sol","frontier_exponential",0.328258869565217,5.28037258449537
"gpt-6.1-sol","frontier_exponential",0.330934454849498,5.31943932248106
"gpt-6.1-sol","frontier_exponential",0.333610040133779,5.35858649139403
"gpt-6.1-sol","frontier_exponential",0.33628562541806,5.39781409123429
"gpt-6.1-sol","frontier_exponential",0.338961210702341,5.43712212200184
"gpt-6.1-sol","frontier_exponential",0.341636795986622,5.47651058369668
"gpt-6.1-sol","frontier_exponential",0.344312381270903,5.51597947631881
"gpt-6.1-sol","frontier_exponential",0.346987966555184,5.55552879986823
"gpt-6.1-sol","frontier_exponential",0.349663551839465,5.59515855434493
"gpt-6.1-sol","frontier_exponential",0.352339137123746,5.63486873974892
"gpt-6.1-sol","frontier_exponential",0.355014722408027,5.67465935608021
"gpt-6.1-sol","frontier_exponential",0.357690307692308,5.71453040333877
"gpt-6.1-sol","frontier_exponential",0.360365892976589,5.75448188152463
"gpt-6.1-sol","frontier_exponential",0.36304147826087,5.79451379063778
"gpt-6.1-sol","frontier_exponential",0.365717063545151,5.83462613067821
"gpt-6.1-sol","frontier_exponential",0.368392648829431,5.87481890164594
"gpt-6.1-sol","frontier_exponential",0.371068234113712,5.91509210354095
"gpt-6.1-sol","frontier_exponential",0.373743819397993,5.95544573636325
"gpt-6.1-sol","frontier_exponential",0.376419404682274,5.99587980011284
"gpt-6.1-sol","frontier_exponential",0.379094989966555,6.03639429478971
"gpt-6.1-sol","frontier_exponential",0.381770575250836,6.07698922039388
"gpt-6.1-sol","frontier_exponential",0.384446160535117,6.11766457692533
"gpt-6.1-sol","frontier_exponential",0.387121745819398,6.15842036438407
"gpt-6.1-sol","frontier_exponential",0.389797331103679,6.1992565827701
"gpt-6.1-sol","frontier_exponential",0.39247291638796,6.24017323208342
"gpt-6.1-sol","frontier_exponential",0.395148501672241,6.28117031232403
"gpt-6.1-sol","frontier_exponential",0.397824086956522,6.32224782349192
"gpt-6.1-sol","frontier_exponential",0.400499672240803,6.36340576558711
"gpt-6.1-sol","frontier_exponential",0.403175257525084,6.40464413860958
"gpt-6.1-sol","frontier_exponential",0.405850842809365,6.44596294255934
"gpt-6.1-sol","frontier_exponential",0.408526428093646,6.48736217743639
"gpt-6.1-sol","frontier_exponential",0.411202013377926,6.52884184324073
"gpt-6.1-sol","frontier_exponential",0.413877598662207,6.57040193997235
"gpt-6.1-sol","frontier_exponential",0.416553183946488,6.61204246763127
"gpt-6.1-sol","frontier_exponential",0.419228769230769,6.65376342621747
"gpt-6.1-sol","frontier_exponential",0.42190435451505,6.69556481573096
"gpt-6.1-sol","frontier_exponential",0.424579939799331,6.73744663617174
"gpt-6.1-sol","frontier_exponential",0.427255525083612,6.77940888753981
"gpt-6.1-sol","frontier_exponential",0.429931110367893,6.82145156983516
"gpt-6.1-sol","frontier_exponential",0.432606695652174,6.86357468305781
"gpt-6.1-sol","frontier_exponential",0.435282280936455,6.90577822720774
"gpt-6.1-sol","frontier_exponential",0.437957866220736,6.94806220228496
"gpt-6.1-sol","frontier_exponential",0.440633451505017,6.99042660828947
"gpt-6.1-sol","frontier_exponential",0.443309036789298,7.03287144522127
"gpt-6.1-sol","frontier_exponential",0.445984622073579,7.07539671308035
"gpt-6.1-sol","frontier_exponential",0.44866020735786,7.11800241186673
"gpt-6.1-sol","frontier_exponential",0.451335792642141,7.16068854158039
"gpt-6.1-sol","frontier_exponential",0.454011377926421,7.20345510222134
"gpt-6.1-sol","frontier_exponential",0.456686963210702,7.24630209378958
"gpt-6.1-sol","frontier_exponential",0.459362548494983,7.28922951628511
"gpt-6.1-sol","frontier_exponential",0.462038133779264,7.33223736970793
"gpt-6.1-sol","frontier_exponential",0.464713719063545,7.37532565405803
"gpt-6.1-sol","frontier_exponential",0.467389304347826,7.41849436933542
"gpt-6.1-sol","frontier_exponential",0.470064889632107,7.46174351554011
"gpt-6.1-sol","frontier_exponential",0.472740474916388,7.50507309267208
"gpt-6.1-sol","frontier_exponential",0.475416060200669,7.54848310073134
"gpt-6.1-sol","frontier_exponential",0.47809164548495,7.59197353971788
"gpt-6.1-sol","frontier_exponential",0.480767230769231,7.63554440963172
"gpt-6.1-sol","frontier_exponential",0.483442816053512,7.67919571047284
"gpt-6.1-sol","frontier_exponential",0.486118401337793,7.72292744224125
"gpt-6.1-sol","frontier_exponential",0.488793986622074,7.76673960493695
"gpt-6.1-sol","frontier_exponential",0.491469571906355,7.81063219855994
"gpt-6.1-sol","frontier_exponential",0.494145157190636,7.85460522311022
"gpt-6.1-sol","frontier_exponential",0.496820742474916,7.89865867858778
"gpt-6.1-sol","frontier_exponential",0.499496327759197,7.94279256499264
"gpt-6.1-sol","frontier_exponential",0.502171913043478,7.98700688232478
"gpt-6.1-sol","frontier_exponential",0.504847498327759,8.03130163058421
"gpt-6.1-sol","frontier_exponential",0.50752308361204,8.07567680977093
"gpt-6.1-sol","frontier_exponential",0.510198668896321,8.12013241988494
"gpt-6.1-sol","frontier_exponential",0.512874254180602,8.16466846092623
"gpt-6.1-sol","frontier_exponential",0.515549839464883,8.20928493289482
"gpt-6.1-sol","frontier_exponential",0.518225424749164,8.25398183579069
"gpt-6.1-sol","frontier_exponential",0.520901010033445,8.29875916961385
"gpt-6.1-sol","frontier_exponential",0.523576595317726,8.3436169343643
"gpt-6.1-sol","frontier_exponential",0.526252180602007,8.38855513004204
"gpt-6.1-sol","frontier_exponential",0.528927765886288,8.43357375664706
"gpt-6.1-sol","frontier_exponential",0.531603351170569,8.47867281417938
"gpt-6.1-sol","frontier_exponential",0.53427893645485,8.52385230263898
"gpt-6.1-sol","frontier_exponential",0.53695452173913,8.56911222202587
"gpt-6.1-sol","frontier_exponential",0.539630107023411,8.61445257234005
"gpt-6.1-sol","frontier_exponential",0.542305692307692,8.65987335358152
"gpt-6.1-sol","frontier_exponential",0.544981277591973,8.70537456575028
"gpt-6.1-sol","frontier_exponential",0.547656862876254,8.75095620884632
"gpt-6.1-sol","frontier_exponential",0.550332448160535,8.79661828286966
"gpt-6.1-sol","frontier_exponential",0.553008033444816,8.84236078782028
"gpt-6.1-sol","frontier_exponential",0.555683618729097,8.88818372369819
"gpt-6.1-sol","frontier_exponential",0.558359204013378,8.93408709050339
"gpt-6.1-sol","frontier_exponential",0.561034789297659,8.98007088823587
"gpt-6.1-sol","frontier_exponential",0.56371037458194,9.02613511689565
"gpt-6.1-sol","frontier_exponential",0.566385959866221,9.07227977648271
"gpt-6.1-sol","frontier_exponential",0.569061545150502,9.11850486699706
"gpt-6.1-sol","frontier_exponential",0.571737130434783,9.1648103884387
"gpt-6.1-sol","frontier_exponential",0.574412715719064,9.21119634080763
"gpt-6.1-sol","frontier_exponential",0.577088301003345,9.25766272410385
"gpt-6.1-sol","frontier_exponential",0.579763886287625,9.30420953832735
"gpt-6.1-sol","frontier_exponential",0.582439471571906,9.35083678347815
"gpt-6.1-sol","frontier_exponential",0.585115056856187,9.39754445955623
"gpt-6.1-sol","frontier_exponential",0.587790642140468,9.4443325665616
"gpt-6.1-sol","frontier_exponential",0.590466227424749,9.49120110449426
"gpt-6.1-sol","frontier_exponential",0.59314181270903,9.53815007335421
"gpt-6.1-sol","frontier_exponential",0.595817397993311,9.58517947314144
"gpt-6.1-sol","frontier_exponential",0.598492983277592,9.63228930385597
"gpt-6.1-sol","frontier_exponential",0.601168568561873,9.67947956549778
"gpt-6.1-sol","frontier_exponential",0.603844153846154,9.72675025806688
"gpt-6.1-sol","frontier_exponential",0.606519739130435,9.77410138156327
"gpt-6.1-sol","frontier_exponential",0.609195324414716,9.82153293598695
"gpt-6.1-sol","frontier_exponential",0.611870909698997,9.86904492133791
"gpt-6.1-sol","frontier_exponential",0.614546494983278,9.91663733761617
"gpt-6.1-sol","frontier_exponential",0.617222080267559,9.96431018482171
"gpt-6.1-sol","frontier_exponential",0.61989766555184,10.0120634629545
"gpt-6.1-sol","frontier_exponential",0.62257325083612,10.0598971720147
"gpt-6.1-sol","frontier_exponential",0.625248836120401,10.1078113120021
"gpt-6.1-sol","frontier_exponential",0.627924421404682,10.1558058829168
"gpt-6.1-sol","frontier_exponential",0.630600006688963,10.2038808847588
"gpt-6.1-sol","frontier_exponential",0.633275591973244,10.252036317528
"gpt-6.1-sol","frontier_exponential",0.635951177257525,10.3002721812246
"gpt-6.1-sol","frontier_exponential",0.638626762541806,10.3485884758484
"gpt-6.1-sol","frontier_exponential",0.641302347826087,10.3969852013996
"gpt-6.1-sol","frontier_exponential",0.643977933110368,10.445462357878
"gpt-6.1-sol","frontier_exponential",0.646653518394649,10.4940199452837
"gpt-6.1-sol","frontier_exponential",0.64932910367893,10.5426579636167
"gpt-6.1-sol","frontier_exponential",0.652004688963211,10.591376412877
"gpt-6.1-sol","frontier_exponential",0.654680274247492,10.6401752930646
"gpt-6.1-sol","frontier_exponential",0.657355859531773,10.6890546041795
"gpt-6.1-sol","frontier_exponential",0.660031444816054,10.7380143462216
"gpt-6.1-sol","frontier_exponential",0.662707030100334,10.7870545191911
"gpt-6.1-sol","frontier_exponential",0.665382615384615,10.8361751230878
"gpt-6.1-sol","frontier_exponential",0.668058200668896,10.8853761579118
"gpt-6.1-sol","frontier_exponential",0.670733785953177,10.9346576236631
"gpt-6.1-sol","frontier_exponential",0.673409371237458,10.9840195203417
"gpt-6.1-sol","frontier_exponential",0.676084956521739,11.0334618479476
"gpt-6.1-sol","frontier_exponential",0.67876054180602,11.0829846064808
"gpt-6.1-sol","frontier_exponential",0.681436127090301,11.1325877959413
"gpt-6.1-sol","frontier_exponential",0.684111712374582,11.182271416329
"gpt-6.1-sol","frontier_exponential",0.686787297658863,11.232035467644
"gpt-6.1-sol","frontier_exponential",0.689462882943144,11.2818799498864
"gpt-6.1-sol","frontier_exponential",0.692138468227425,11.331804863056
"gpt-6.1-sol","frontier_exponential",0.694814053511706,11.3818102071529
"gpt-6.1-sol","frontier_exponential",0.697489638795987,11.4318959821771
"gpt-6.1-sol","frontier_exponential",0.700165224080268,11.4820621881286
"gpt-6.1-sol","frontier_exponential",0.702840809364549,11.5323088250074
"gpt-6.1-sol","frontier_exponential",0.70551639464883,11.5826358928134
"gpt-6.1-sol","frontier_exponential",0.70819197993311,11.6330433915468
"gpt-6.1-sol","frontier_exponential",0.710867565217391,11.6835313212074
"gpt-6.1-sol","frontier_exponential",0.713543150501672,11.7340996817953
"gpt-6.1-sol","frontier_exponential",0.716218735785953,11.7847484733105
"gpt-6.1-sol","frontier_exponential",0.718894321070234,11.835477695753
"gpt-6.1-sol","frontier_exponential",0.721569906354515,11.8862873491228
"gpt-6.1-sol","frontier_exponential",0.724245491638796,11.9371774334199
"gpt-6.1-sol","frontier_exponential",0.726921076923077,11.9881479486443
"gpt-6.1-sol","frontier_exponential",0.729596662207358,12.0391988947959
"gpt-6.1-sol","frontier_exponential",0.732272247491639,12.0903302718749
"gpt-6.1-sol","frontier_exponential",0.73494783277592,12.1415420798811
"gpt-6.1-sol","frontier_exponential",0.737623418060201,12.1928343188146
"gpt-6.1-sol","frontier_exponential",0.740299003344482,12.2442069886754
"gpt-6.1-sol","frontier_exponential",0.742974588628763,12.2956600894635
"gpt-6.1-sol","frontier_exponential",0.745650173913044,12.3471936211789
"gpt-6.1-sol","frontier_exponential",0.748325759197324,12.3988075838216
"gpt-6.1-sol","frontier_exponential",0.751001344481605,12.4505019773915
"gpt-6.1-sol","frontier_exponential",0.753676929765886,12.5022768018888
"gpt-6.1-sol","frontier_exponential",0.756352515050167,12.5541320573133
"gpt-6.1-sol","frontier_exponential",0.759028100334448,12.6060677436652
"gpt-6.1-sol","frontier_exponential",0.761703685618729,12.6580838609443
"gpt-6.1-sol","frontier_exponential",0.76437927090301,12.7101804091507
"gpt-6.1-sol","frontier_exponential",0.767054856187291,12.7623573882844
"gpt-6.1-sol","frontier_exponential",0.769730441471572,12.8146147983454
"gpt-6.1-sol","frontier_exponential",0.772406026755853,12.8669526393336
"gpt-6.1-sol","frontier_exponential",0.775081612040134,12.9193709112492
"gpt-6.1-sol","frontier_exponential",0.777757197324415,12.971869614092
"gpt-6.1-sol","frontier_exponential",0.780432782608696,13.0244487478622
"gpt-6.1-sol","frontier_exponential",0.783108367892977,13.0771083125596
"gpt-6.1-sol","frontier_exponential",0.785783953177258,13.1298483081843
"gpt-6.1-sol","frontier_exponential",0.788459538461538,13.1826687347363
"gpt-6.1-sol","frontier_exponential",0.79113512374582,13.2355695922156
"gpt-6.1-sol","frontier_exponential",0.7938107090301,13.2885508806222
"gpt-6.1-sol","frontier_exponential",0.796486294314381,13.341612599956
"gpt-6.1-sol","frontier_exponential",0.799161879598662,13.3947547502172
"gpt-6.1-sol","frontier_exponential",0.801837464882943,13.4479773314056
"gpt-6.1-sol","frontier_exponential",0.804513050167224,13.5012803435213
"gpt-6.1-sol","frontier_exponential",0.807188635451505,13.5546637865644
"gpt-6.1-sol","frontier_exponential",0.809864220735786,13.6081276605347
"gpt-6.1-sol","frontier_exponential",0.812539806020067,13.6616719654323
"gpt-6.1-sol","frontier_exponential",0.815215391304348,13.7152967012572
"gpt-6.1-sol","frontier_exponential",0.817890976588629,13.7690018680093
"gpt-6.1-sol","frontier_exponential",0.82056656187291,13.8227874656888
"gpt-6.1-sol","frontier_exponential",0.823242147157191,13.8766534942955
"gpt-6.1-sol","frontier_exponential",0.825917732441472,13.9305999538296
"gpt-6.1-sol","frontier_exponential",0.828593317725753,13.9846268442909
"gpt-6.1-sol","frontier_exponential",0.831268903010034,14.0387341656795
"gpt-6.1-sol","frontier_exponential",0.833944488294314,14.0929219179954
"gpt-6.1-sol","frontier_exponential",0.836620073578595,14.1471901012386
"gpt-6.1-sol","frontier_exponential",0.839295658862876,14.2015387154091
"gpt-6.1-sol","frontier_exponential",0.841971244147157,14.2559677605068
"gpt-6.1-sol","frontier_exponential",0.844646829431438,14.3104772365319
"gpt-6.1-sol","frontier_exponential",0.847322414715719,14.3650671434842
"gpt-6.1-sol","frontier_exponential",0.849998,14.4197374813639
"gpt-6.1-sol","spike_exponential",0.049998,2.31458974663284
"gpt-6.1-sol","spike_exponential",0.0526735852842809,2.34749132360515
"gpt-6.1-sol","spike_exponential",0.0553491705685619,2.38045933328158
"gpt-6.1-sol","spike_exponential",0.0580247558528428,2.41349377566213
"gpt-6.1-sol","spike_exponential",0.0607003411371237,2.44659465074681
"gpt-6.1-sol","spike_exponential",0.0633759264214047,2.47976195853561
"gpt-6.1-sol","spike_exponential",0.0660515117056856,2.51299569902853
"gpt-6.1-sol","spike_exponential",0.0687270969899666,2.54629587222558
"gpt-6.1-sol","spike_exponential",0.0714026822742475,2.57966247812675
"gpt-6.1-sol","spike_exponential",0.0740782675585284,2.61309551673205
"gpt-6.1-sol","spike_exponential",0.0767538528428094,2.64659498804147
"gpt-6.1-sol","spike_exponential",0.0794294381270903,2.68016089205501
"gpt-6.1-sol","spike_exponential",0.0821050234113712,2.71379322877268
"gpt-6.1-sol","spike_exponential",0.0847806086956522,2.74749199819447
"gpt-6.1-sol","spike_exponential",0.0874561939799331,2.78125720032038
"gpt-6.1-sol","spike_exponential",0.090131779264214,2.81508883515042
"gpt-6.1-sol","spike_exponential",0.092807364548495,2.84898690268458
"gpt-6.1-sol","spike_exponential",0.0954829498327759,2.88295140292287
"gpt-6.1-sol","spike_exponential",0.0981585351170569,2.91698233586528
"gpt-6.1-sol","spike_exponential",0.100834120401338,2.95107970151181
"gpt-6.1-sol","spike_exponential",0.103509705685619,2.98524349986247
"gpt-6.1-sol","spike_exponential",0.1061852909699,3.01947373091725
"gpt-6.1-sol","spike_exponential",0.108860876254181,3.05377039467616
"gpt-6.1-sol","spike_exponential",0.111536461538462,3.08813349113919
"gpt-6.1-sol","spike_exponential",0.114212046822742,3.12256302030634
"gpt-6.1-sol","spike_exponential",0.116887632107023,3.15705898217762
"gpt-6.1-sol","spike_exponential",0.119563217391304,3.19162137675302
"gpt-6.1-sol","spike_exponential",0.122238802675585,3.22625020403254
"gpt-6.1-sol","spike_exponential",0.124914387959866,3.26094546401619
"gpt-6.1-sol","spike_exponential",0.127589973244147,3.29570715670396
"gpt-6.1-sol","spike_exponential",0.130265558528428,3.33053528209586
"gpt-6.1-sol","spike_exponential",0.132941143812709,3.36542984019188
"gpt-6.1-sol","spike_exponential",0.13561672909699,3.40039083099202
"gpt-6.1-sol","spike_exponential",0.138292314381271,3.43541825449629
"gpt-6.1-sol","spike_exponential",0.140967899665552,3.47051211070468
"gpt-6.1-sol","spike_exponential",0.143643484949833,3.5056723996172
"gpt-6.1-sol","spike_exponential",0.146319070234114,3.54089912123384
"gpt-6.1-sol","spike_exponential",0.148994655518395,3.5761922755546
"gpt-6.1-sol","spike_exponential",0.151670240802676,3.61155186257949
"gpt-6.1-sol","spike_exponential",0.154345826086957,3.6469778823085
"gpt-6.1-sol","spike_exponential",0.157021411371237,3.68247033474163
"gpt-6.1-sol","spike_exponential",0.159696996655518,3.71802921987889
"gpt-6.1-sol","spike_exponential",0.162372581939799,3.75365453772027
"gpt-6.1-sol","spike_exponential",0.16504816722408,3.78934628826578
"gpt-6.1-sol","spike_exponential",0.167723752508361,3.8251044715154
"gpt-6.1-sol","spike_exponential",0.170399337792642,3.86092908746916
"gpt-6.1-sol","spike_exponential",0.173074923076923,3.89682013612703
"gpt-6.1-sol","spike_exponential",0.175750508361204,3.93277761748904
"gpt-6.1-sol","spike_exponential",0.178426093645485,3.96880153155516
"gpt-6.1-sol","spike_exponential",0.181101678929766,4.00489187832541
"gpt-6.1-sol","spike_exponential",0.183777264214047,4.04104865779978
"gpt-6.1-sol","spike_exponential",0.186452849498328,4.07727186997828
"gpt-6.1-sol","spike_exponential",0.189128434782609,4.1135615148609
"gpt-6.1-sol","spike_exponential",0.19180402006689,4.14991759244764
"gpt-6.1-sol","spike_exponential",0.194479605351171,4.18634010273851
"gpt-6.1-sol","spike_exponential",0.197155190635452,4.2228290457335
"gpt-6.1-sol","spike_exponential",0.199830775919732,4.25938442143262
"gpt-6.1-sol","spike_exponential",0.202506361204013,4.29600622983586
"gpt-6.1-sol","spike_exponential",0.205181946488294,4.33269447094322
"gpt-6.1-sol","spike_exponential",0.207857531772575,4.36944914475471
"gpt-6.1-sol","spike_exponential",0.210533117056856,4.40627025127032
"gpt-6.1-sol","spike_exponential",0.213208702341137,4.44315779049005
"gpt-6.1-sol","spike_exponential",0.215884287625418,4.48011176241391
"gpt-6.1-sol","spike_exponential",0.218559872909699,4.51713216704189
"gpt-6.1-sol","spike_exponential",0.22123545819398,4.554219004374
"gpt-6.1-sol","spike_exponential",0.223911043478261,4.59137227441023
"gpt-6.1-sol","spike_exponential",0.226586628762542,4.62859197715058
"gpt-6.1-sol","spike_exponential",0.229262214046823,4.66587811259506
"gpt-6.1-sol","spike_exponential",0.231937799331104,4.70323068074366
"gpt-6.1-sol","spike_exponential",0.234613384615385,4.74064968159638
"gpt-6.1-sol","spike_exponential",0.237288969899666,4.77813511515323
"gpt-6.1-sol","spike_exponential",0.239964555183946,4.8156869814142
"gpt-6.1-sol","spike_exponential",0.242640140468227,4.8533052803793
"gpt-6.1-sol","spike_exponential",0.245315725752508,4.89099001204852
"gpt-6.1-sol","spike_exponential",0.247991311036789,4.92874117642187
"gpt-6.1-sol","spike_exponential",0.25066689632107,4.96655877349933
"gpt-6.1-sol","spike_exponential",0.253342481605351,5.00444280328093
"gpt-6.1-sol","spike_exponential",0.256018066889632,5.04239326576664
"gpt-6.1-sol","spike_exponential",0.258693652173913,5.08041016095648
"gpt-6.1-sol","spike_exponential",0.261369237458194,5.11849348885044
"gpt-6.1-sol","spike_exponential",0.264044822742475,5.15664324944853
"gpt-6.1-sol","spike_exponential",0.266720408026756,5.19485944275074
"gpt-6.1-sol","spike_exponential",0.269395993311037,5.23314206875708
"gpt-6.1-sol","spike_exponential",0.272071578595318,5.27149112746754
"gpt-6.1-sol","spike_exponential",0.274747163879599,5.30990661888212
"gpt-6.1-sol","spike_exponential",0.27742274916388,5.34838854300082
"gpt-6.1-sol","spike_exponential",0.280098334448161,5.38693689982365
"gpt-6.1-sol","spike_exponential",0.282773919732441,5.42555168935061
"gpt-6.1-sol","spike_exponential",0.285449505016722,5.46423291158169
"gpt-6.1-sol","spike_exponential",0.288125090301003,5.50298056651689
"gpt-6.1-sol","spike_exponential",0.290800675585284,5.54179465415621
"gpt-6.1-sol","spike_exponential",0.293476260869565,5.58067517449966
"gpt-6.1-sol","spike_exponential",0.296151846153846,5.61962212754723
"gpt-6.1-sol","spike_exponential",0.298827431438127,5.65863551329893
"gpt-6.1-sol","spike_exponential",0.301503016722408,5.69771533175475
"gpt-6.1-sol","spike_exponential",0.304178602006689,5.73686158291469
"gpt-6.1-sol","spike_exponential",0.30685418729097,5.77607426677876
"gpt-6.1-sol","spike_exponential",0.309529772575251,5.81535338334696
"gpt-6.1-sol","spike_exponential",0.312205357859532,5.85469893261927
"gpt-6.1-sol","spike_exponential",0.314880943143813,5.89411091459571
"gpt-6.1-sol","spike_exponential",0.317556528428094,5.93358932927628
"gpt-6.1-sol","spike_exponential",0.320232113712375,5.97313417666096
"gpt-6.1-sol","spike_exponential",0.322907698996656,6.01274545674977
"gpt-6.1-sol","spike_exponential",0.325583284280936,6.05242316954271
"gpt-6.1-sol","spike_exponential",0.328258869565217,6.09216731503977
"gpt-6.1-sol","spike_exponential",0.330934454849498,6.13197789324095
"gpt-6.1-sol","spike_exponential",0.333610040133779,6.17185490414626
"gpt-6.1-sol","spike_exponential",0.33628562541806,6.21179834775569
"gpt-6.1-sol","spike_exponential",0.338961210702341,6.25180822406924
"gpt-6.1-sol","spike_exponential",0.341636795986622,6.29188453308692
"gpt-6.1-sol","spike_exponential",0.344312381270903,6.33202727480872
"gpt-6.1-sol","spike_exponential",0.346987966555184,6.37223644923465
"gpt-6.1-sol","spike_exponential",0.349663551839465,6.41251205636469
"gpt-6.1-sol","spike_exponential",0.352339137123746,6.45285409619887
"gpt-6.1-sol","spike_exponential",0.355014722408027,6.49326256873716
"gpt-6.1-sol","spike_exponential",0.357690307692308,6.53373747397958
"gpt-6.1-sol","spike_exponential",0.360365892976589,6.57427881192613
"gpt-6.1-sol","spike_exponential",0.36304147826087,6.6148865825768
"gpt-6.1-sol","spike_exponential",0.365717063545151,6.65556078593159
"gpt-6.1-sol","spike_exponential",0.368392648829431,6.69630142199051
"gpt-6.1-sol","spike_exponential",0.371068234113712,6.73710849075355
"gpt-6.1-sol","spike_exponential",0.373743819397993,6.77798199222071
"gpt-6.1-sol","spike_exponential",0.376419404682274,6.818921926392
"gpt-6.1-sol","spike_exponential",0.379094989966555,6.85992829326741
"gpt-6.1-sol","spike_exponential",0.381770575250836,6.90100109284694
"gpt-6.1-sol","spike_exponential",0.384446160535117,6.9421403251306
"gpt-6.1-sol","spike_exponential",0.387121745819398,6.98334599011839
"gpt-6.1-sol","spike_exponential",0.389797331103679,7.02461808781029
"gpt-6.1-sol","spike_exponential",0.39247291638796,7.06595661820632
"gpt-6.1-sol","spike_exponential",0.395148501672241,7.10736158130648
"gpt-6.1-sol","spike_exponential",0.397824086956522,7.14883297711076
"gpt-6.1-sol","spike_exponential",0.400499672240803,7.19037080561916
"gpt-6.1-sol","spike_exponential",0.403175257525084,7.23197506683168
"gpt-6.1-sol","spike_exponential",0.405850842809365,7.27364576074833
"gpt-6.1-sol","spike_exponential",0.408526428093646,7.31538288736911
"gpt-6.1-sol","spike_exponential",0.411202013377926,7.357186446694
"gpt-6.1-sol","spike_exponential",0.413877598662207,7.39905643872302
"gpt-6.1-sol","spike_exponential",0.416553183946488,7.44099286345617
"gpt-6.1-sol","spike_exponential",0.419228769230769,7.48299572089344
"gpt-6.1-sol","spike_exponential",0.42190435451505,7.52506501103483
"gpt-6.1-sol","spike_exponential",0.424579939799331,7.56720073388035
"gpt-6.1-sol","spike_exponential",0.427255525083612,7.60940288942999
"gpt-6.1-sol","spike_exponential",0.429931110367893,7.65167147768375
"gpt-6.1-sol","spike_exponential",0.432606695652174,7.69400649864164
"gpt-6.1-sol","spike_exponential",0.435282280936455,7.73640795230365
"gpt-6.1-sol","spike_exponential",0.437957866220736,7.77887583866979
"gpt-6.1-sol","spike_exponential",0.440633451505017,7.82141015774005
"gpt-6.1-sol","spike_exponential",0.443309036789298,7.86401090951443
"gpt-6.1-sol","spike_exponential",0.445984622073579,7.90667809399294
"gpt-6.1-sol","spike_exponential",0.44866020735786,7.94941171117557
"gpt-6.1-sol","spike_exponential",0.451335792642141,7.99221176106232
"gpt-6.1-sol","spike_exponential",0.454011377926421,8.0350782436532
"gpt-6.1-sol","spike_exponential",0.456686963210702,8.0780111589482
"gpt-6.1-sol","spike_exponential",0.459362548494983,8.12101050694733
"gpt-6.1-sol","spike_exponential",0.462038133779264,8.16407628765058
"gpt-6.1-sol","spike_exponential",0.464713719063545,8.20720850105795
"gpt-6.1-sol","spike_exponential",0.467389304347826,8.25040714716945
"gpt-6.1-sol","spike_exponential",0.470064889632107,8.29367222598507
"gpt-6.1-sol","spike_exponential",0.472740474916388,8.33700373750481
"gpt-6.1-sol","spike_exponential",0.475416060200669,8.38040168172868
"gpt-6.1-sol","spike_exponential",0.47809164548495,8.42386605865668
"gpt-6.1-sol","spike_exponential",0.480767230769231,8.46739686828879
"gpt-6.1-sol","spike_exponential",0.483442816053512,8.51099411062503
"gpt-6.1-sol","spike_exponential",0.486118401337793,8.5546577856654
"gpt-6.1-sol","spike_exponential",0.488793986622074,8.59838789340989
"gpt-6.1-sol","spike_exponential",0.491469571906355,8.6421844338585
"gpt-6.1-sol","spike_exponential",0.494145157190636,8.68604740701123
"gpt-6.1-sol","spike_exponential",0.496820742474916,8.72997681286809
"gpt-6.1-sol","spike_exponential",0.499496327759197,8.77397265142907
"gpt-6.1-sol","spike_exponential",0.502171913043478,8.81803492269418
"gpt-6.1-sol","spike_exponential",0.504847498327759,8.86216362666341
"gpt-6.1-sol","spike_exponential",0.50752308361204,8.90635876333677
"gpt-6.1-sol","spike_exponential",0.510198668896321,8.95062033271425
"gpt-6.1-sol","spike_exponential",0.512874254180602,8.99494833479585
"gpt-6.1-sol","spike_exponential",0.515549839464883,9.03934276958157
"gpt-6.1-sol","spike_exponential",0.518225424749164,9.08380363707143
"gpt-6.1-sol","spike_exponential",0.520901010033445,9.1283309372654
"gpt-6.1-sol","spike_exponential",0.523576595317726,9.1729246701635
"gpt-6.1-sol","spike_exponential",0.526252180602007,9.21758483576572
"gpt-6.1-sol","spike_exponential",0.528927765886288,9.26231143407206
"gpt-6.1-sol","spike_exponential",0.531603351170569,9.30710446508253
"gpt-6.1-sol","spike_exponential",0.53427893645485,9.35196392879713
"gpt-6.1-sol","spike_exponential",0.53695452173913,9.39688982521584
"gpt-6.1-sol","spike_exponential",0.539630107023411,9.44188215433868
"gpt-6.1-sol","spike_exponential",0.542305692307692,9.48694091616565
"gpt-6.1-sol","spike_exponential",0.544981277591973,9.53206611069674
"gpt-6.1-sol","spike_exponential",0.547656862876254,9.57725773793195
"gpt-6.1-sol","spike_exponential",0.550332448160535,9.62251579787128
"gpt-6.1-sol","spike_exponential",0.553008033444816,9.66784029051474
"gpt-6.1-sol","spike_exponential",0.555683618729097,9.71323121586233
"gpt-6.1-sol","spike_exponential",0.558359204013378,9.75868857391404
"gpt-6.1-sol","spike_exponential",0.561034789297659,9.80421236466987
"gpt-6.1-sol","spike_exponential",0.56371037458194,9.84980258812982
"gpt-6.1-sol","spike_exponential",0.566385959866221,9.8954592442939
"gpt-6.1-sol","spike_exponential",0.569061545150502,9.9411823331621
"gpt-6.1-sol","spike_exponential",0.571737130434783,9.98697185473443
"gpt-6.1-sol","spike_exponential",0.574412715719064,10.0328278090109
"gpt-6.1-sol","spike_exponential",0.577088301003345,10.0787501959915
"gpt-6.1-sol","spike_exponential",0.579763886287625,10.1247390156762
"gpt-6.1-sol","spike_exponential",0.582439471571906,10.170794268065
"gpt-6.1-sol","spike_exponential",0.585115056856187,10.2169159531579
"gpt-6.1-sol","spike_exponential",0.587790642140468,10.263104070955
"gpt-6.1-sol","spike_exponential",0.590466227424749,10.3093586214562
"gpt-6.1-sol","spike_exponential",0.59314181270903,10.3556796046615
"gpt-6.1-sol","spike_exponential",0.595817397993311,10.4020670205709
"gpt-6.1-sol","spike_exponential",0.598492983277592,10.4485208691845
"gpt-6.1-sol","spike_exponential",0.601168568561873,10.4950411505022
"gpt-6.1-sol","spike_exponential",0.603844153846154,10.541627864524
"gpt-6.1-sol","spike_exponential",0.606519739130435,10.5882810112499
"gpt-6.1-sol","spike_exponential",0.609195324414716,10.63500059068
"gpt-6.1-sol","spike_exponential",0.611870909698997,10.6817866028142
"gpt-6.1-sol","spike_exponential",0.614546494983278,10.7286390476525
"gpt-6.1-sol","spike_exponential",0.617222080267559,10.7755579251949
"gpt-6.1-sol","spike_exponential",0.61989766555184,10.8225432354415
"gpt-6.1-sol","spike_exponential",0.62257325083612,10.8695949783922
"gpt-6.1-sol","spike_exponential",0.625248836120401,10.916713154047
"gpt-6.1-sol","spike_exponential",0.627924421404682,10.9638977624059
"gpt-6.1-sol","spike_exponential",0.630600006688963,11.0111488034689
"gpt-6.1-sol","spike_exponential",0.633275591973244,11.0584662772361
"gpt-6.1-sol","spike_exponential",0.635951177257525,11.1058501837074
"gpt-6.1-sol","spike_exponential",0.638626762541806,11.1533005228828
"gpt-6.1-sol","spike_exponential",0.641302347826087,11.2008172947624
"gpt-6.1-sol","spike_exponential",0.643977933110368,11.248400499346
"gpt-6.1-sol","spike_exponential",0.646653518394649,11.2960501366338
"gpt-6.1-sol","spike_exponential",0.64932910367893,11.3437662066258
"gpt-6.1-sol","spike_exponential",0.652004688963211,11.3915487093218
"gpt-6.1-sol","spike_exponential",0.654680274247492,11.439397644722
"gpt-6.1-sol","spike_exponential",0.657355859531773,11.4873130128263
"gpt-6.1-sol","spike_exponential",0.660031444816054,11.5352948136347
"gpt-6.1-sol","spike_exponential",0.662707030100334,11.5833430471472
"gpt-6.1-sol","spike_exponential",0.665382615384615,11.6314577133639
"gpt-6.1-sol","spike_exponential",0.668058200668896,11.6796388122846
"gpt-6.1-sol","spike_exponential",0.670733785953177,11.7278863439096
"gpt-6.1-sol","spike_exponential",0.673409371237458,11.7762003082386
"gpt-6.1-sol","spike_exponential",0.676084956521739,11.8245807052717
"gpt-6.1-sol","spike_exponential",0.67876054180602,11.873027535009
"gpt-6.1-sol","spike_exponential",0.681436127090301,11.9215407974504
"gpt-6.1-sol","spike_exponential",0.684111712374582,11.970120492596
"gpt-6.1-sol","spike_exponential",0.686787297658863,12.0187666204456
"gpt-6.1-sol","spike_exponential",0.689462882943144,12.0674791809994
"gpt-6.1-sol","spike_exponential",0.692138468227425,12.1162581742573
"gpt-6.1-sol","spike_exponential",0.694814053511706,12.1651036002193
"gpt-6.1-sol","spike_exponential",0.697489638795987,12.2140154588854
"gpt-6.1-sol","spike_exponential",0.700165224080268,12.2629937502557
"gpt-6.1-sol","spike_exponential",0.702840809364549,12.3120384743301
"gpt-6.1-sol","spike_exponential",0.70551639464883,12.3611496311086
"gpt-6.1-sol","spike_exponential",0.70819197993311,12.4103272205913
"gpt-6.1-sol","spike_exponential",0.710867565217391,12.459571242778
"gpt-6.1-sol","spike_exponential",0.713543150501672,12.5088816976689
"gpt-6.1-sol","spike_exponential",0.716218735785953,12.5582585852639
"gpt-6.1-sol","spike_exponential",0.718894321070234,12.6077019055631
"gpt-6.1-sol","spike_exponential",0.721569906354515,12.6572116585663
"gpt-6.1-sol","spike_exponential",0.724245491638796,12.7067878442737
"gpt-6.1-sol","spike_exponential",0.726921076923077,12.7564304626852
"gpt-6.1-sol","spike_exponential",0.729596662207358,12.8061395138009
"gpt-6.1-sol","spike_exponential",0.732272247491639,12.8559149976206
"gpt-6.1-sol","spike_exponential",0.73494783277592,12.9057569141445
"gpt-6.1-sol","spike_exponential",0.737623418060201,12.9556652633725
"gpt-6.1-sol","spike_exponential",0.740299003344482,13.0056400453046
"gpt-6.1-sol","spike_exponential",0.742974588628763,13.0556812599409
"gpt-6.1-sol","spike_exponential",0.745650173913044,13.1057889072812
"gpt-6.1-sol","spike_exponential",0.748325759197324,13.1559629873257
"gpt-6.1-sol","spike_exponential",0.751001344481605,13.2062035000744
"gpt-6.1-sol","spike_exponential",0.753676929765886,13.2565104455271
"gpt-6.1-sol","spike_exponential",0.756352515050167,13.306883823684
"gpt-6.1-sol","spike_exponential",0.759028100334448,13.357323634545
"gpt-6.1-sol","spike_exponential",0.761703685618729,13.4078298781101
"gpt-6.1-sol","spike_exponential",0.76437927090301,13.4584025543793
"gpt-6.1-sol","spike_exponential",0.767054856187291,13.5090416633527
"gpt-6.1-sol","spike_exponential",0.769730441471572,13.5597472050302
"gpt-6.1-sol","spike_exponential",0.772406026755853,13.6105191794118
"gpt-6.1-sol","spike_exponential",0.775081612040134,13.6613575864975
"gpt-6.1-sol","spike_exponential",0.777757197324415,13.7122624262874
"gpt-6.1-sol","spike_exponential",0.780432782608696,13.7632336987814
"gpt-6.1-sol","spike_exponential",0.783108367892977,13.8142714039795
"gpt-6.1-sol","spike_exponential",0.785783953177258,13.8653755418817
"gpt-6.1-sol","spike_exponential",0.788459538461538,13.9165461124881
"gpt-6.1-sol","spike_exponential",0.79113512374582,13.9677831157986
"gpt-6.1-sol","spike_exponential",0.7938107090301,14.0190865518132
"gpt-6.1-sol","spike_exponential",0.796486294314381,14.0704564205319
"gpt-6.1-sol","spike_exponential",0.799161879598662,14.1218927219547
"gpt-6.1-sol","spike_exponential",0.801837464882943,14.1733954560817
"gpt-6.1-sol","spike_exponential",0.804513050167224,14.2249646229128
"gpt-6.1-sol","spike_exponential",0.807188635451505,14.276600222448
"gpt-6.1-sol","spike_exponential",0.809864220735786,14.3283022546874
"gpt-6.1-sol","spike_exponential",0.812539806020067,14.3800707196309
"gpt-6.1-sol","spike_exponential",0.815215391304348,14.4319056172785
"gpt-6.1-sol","spike_exponential",0.817890976588629,14.4838069476302
"gpt-6.1-sol","spike_exponential",0.82056656187291,14.535774710686
"gpt-6.1-sol","spike_exponential",0.823242147157191,14.587808906446
"gpt-6.1-sol","spike_exponential",0.825917732441472,14.6399095349101
"gpt-6.1-sol","spike_exponential",0.828593317725753,14.6920765960783
"gpt-6.1-sol","spike_exponential",0.831268903010034,14.7443100899506
"gpt-6.1-sol","spike_exponential",0.833944488294314,14.7966100165271
"gpt-6.1-sol","spike_exponential",0.836620073578595,14.8489763758077
"gpt-6.1-sol","spike_exponential",0.839295658862876,14.9014091677924
"gpt-6.1-sol","spike_exponential",0.841971244147157,14.9539083924812
"gpt-6.1-sol","spike_exponential",0.844646829431438,15.0064740498742
"gpt-6.1-sol","spike_exponential",0.847322414715719,15.0591061399712
"gpt-6.1-sol","spike_exponential",0.849998,15.1118046627724
