"model","replicate","gamma"
"gpt-6-sol",1,8.57654552545274
"gpt-6-sol",2,5.73298219017919
"gpt-6-sol",3,11.0144174579613
"gpt-6-sol",4,12.9895194340548
"gpt-6-sol",5,5.61447912215709
"gpt-6-sol",6,12.7235836098265
"gpt-6-sol",7,9.32393368736612
"gpt-6-sol",8,10.7153750528176
"gpt-6-sol",9,12.1197941101265
"gpt-6-sol",10,9.01855090173413
"gpt-6-sol",11,11.4749368391125
"gpt-6-sol",12,12.15944959441
"gpt-6-sol",13,11.0282332314756
"gpt-6-sol",14,11.184747529702
"gpt-6-sol",15,12.1197941101265
"gpt-6-sol",16,12.4396327764051
"gpt-6-sol",17,7.86828782019598
"gpt-6-sol",18,11.4889573271642
"gpt-6-sol",19,11.4749368391125
"gpt-6-sol",20,11.5363497174707
"gpt-6-sol",21,11.7123071335702
"gpt-6-sol",22,10.1611679595564
"gpt-6-sol",23,13.2695280047149
"gpt-6-sol",24,11.1189809410932
"gpt-6-sol",25,5.44207748799029
"gpt-6-sol",26,12.1882429678845
"gpt-6-sol",27,11.0282332314756
"gpt-6-sol",28,12.15944959441
"gpt-6-sol",29,10.6126662557847
"gpt-6-sol",30,11.7990365631842
"gpt-6-sol",31,9.12413476756833
"gpt-6-sol",32,8.9009864261414
"gpt-6-sol",33,10.7508648827917
"gpt-6-sol",34,11.5363497174707
"gpt-6-sol",35,11.6194756234405
"gpt-6-sol",36,11.4889573271642
"gpt-6-sol",37,12.2291471033789
"gpt-6-sol",38,11.2052489660132
"gpt-6-sol",39,11.184747529702
"gpt-6-sol",40,10.7153750528175
"gpt-6-sol",41,8.95129538586141
"gpt-6-sol",42,11.8075962907188
"gpt-6-sol",43,12.7932949671668
"gpt-6-sol",44,5.49487034426035
"gpt-6-sol",45,9.34687435483215
"gpt-6-sol",46,12.4396327764051
"gpt-6-sol",47,12.4396327764051
"gpt-6-sol",48,12.15944959441
"gpt-6-sol",49,12.4396327764051
"gpt-6-sol",50,11.7575739536223
"gpt-6-sol",51,11.7345349739644
"gpt-6-sol",52,8.95129538586141
"gpt-6-sol",53,11.0282332314756
"gpt-6-sol",54,8.57654552545274
"gpt-6-sol",55,11.5363497174707
"gpt-6-sol",56,10.2406699478174
"gpt-6-sol",57,9.08578148346792
"gpt-6-sol",58,10.6513053803212
"gpt-6-sol",59,12.4396327764051
"gpt-6-sol",60,11.7575739536223
"gpt-6-sol",61,11.7345349739644
"gpt-6-sol",62,9.25397496490537
"gpt-6-sol",63,8.57654552545274
"gpt-6-sol",64,12.1197941101265
"gpt-6-sol",65,10.3770374094115
"gpt-6-sol",66,11.7575739536223
"gpt-6-sol",67,10.6513053803213
"gpt-6-sol",68,12.3587872960874
"gpt-6-sol",69,8.90098642614136
"gpt-6-sol",70,11.7990365631842
"gpt-6-sol",71,11.8942034111283
"gpt-6-sol",72,0.818283858089387
"gpt-6-sol",73,11.6194756234405
"gpt-6-sol",74,11.8390651667017
"gpt-6-sol",75,12.5516313955605
"gpt-6-sol",76,11.5868728841996
"gpt-6-sol",77,11.0282332314756
"gpt-6-sol",78,10.6513053803212
"gpt-6-sol",79,11.3567257356092
"gpt-6-sol",80,10.9331401907021
"gpt-6-sol",81,9.01855090173413
"gpt-6-sol",82,12.1197941101265
"gpt-6-sol",83,12.1197941101265
"gpt-6-sol",84,12.4078419689602
"gpt-6-sol",85,12.9895194340548
"gpt-6-sol",86,12.6233049567609
"gpt-6-sol",87,11.6194756234405
"gpt-6-sol",88,10.6126662557847
"gpt-6-sol",89,9.11081900323769
"gpt-6-sol",90,11.0520334122707
"gpt-6-sol",91,11.4889573271642
"gpt-6-sol",92,11.184747529702
"gpt-6-sol",93,11.7845954209552
"gpt-6-sol",94,11.4077358675277
"gpt-6-sol",95,11.8075962907188
"gpt-6-sol",96,12.1197941101265
"gpt-6-sol",97,13.0799679989565
"gpt-6-sol",98,10.9139934416714
"gpt-6-sol",99,11.4889573271642
"gpt-6-sol",100,10.828995260728
"gpt-6-sol",101,11.4077358675277
"gpt-6-sol",102,13.2695280047149
"gpt-6-sol",103,8.58256774719982
"gpt-6-sol",104,11.7575739536223
"gpt-6-sol",105,11.8942034111283
"gpt-6-sol",106,5.49487034426035
"gpt-6-sol",107,11.4077358675277
"gpt-6-sol",108,10.9139934416714
"gpt-6-sol",109,11.0238203641348
"gpt-6-sol",110,5.42630482878004
"gpt-6-sol",111,12.6233049567609
"gpt-6-sol",112,5.61447912215708
"gpt-6-sol",113,11.5363497174707
"gpt-6-sol",114,10.3770374094115
"gpt-6-sol",115,12.4894948918491
"gpt-6-sol",116,9.93942706933904
"gpt-6-sol",117,11.4077358675277
"gpt-6-sol",118,12.1197941101265
"gpt-6-sol",119,12.0482543797381
"gpt-6-sol",120,12.15944959441
"gpt-6-sol",121,11.7478799302834
"gpt-6-sol",122,12.1197941101265
"gpt-6-sol",123,5.26140716570687
"gpt-6-sol",124,11.9860877165037
"gpt-6-sol",125,9.01855090173413
"gpt-6-sol",126,11.0282332314756
"gpt-6-sol",127,5.31639700130235
"gpt-6-sol",128,12.1197941101265
"gpt-6-sol",129,10.3770374094115
"gpt-6-sol",130,11.4077358675277
"gpt-6-sol",131,10.9139934416714
"gpt-6-sol",132,11.7345349739644
"gpt-6-sol",133,11.0610946378015
"gpt-6-sol",134,11.5363497174707
"gpt-6-sol",135,10.6513053803213
"gpt-6-sol",136,8.90098642614139
"gpt-6-sol",137,12.7932949671669
"gpt-6-sol",138,11.7809076035077
"gpt-6-sol",139,11.0520334122707
"gpt-6-sol",140,12.4894948918491
"gpt-6-sol",141,12.3587872960874
"gpt-6-sol",142,11.0520334122707
"gpt-6-sol",143,11.0144174579613
"gpt-6-sol",144,5.26140716570687
"gpt-6-sol",145,12.4078419689602
"gpt-6-sol",146,8.97614583317255
"gpt-6-sol",147,11.5363497174707
"gpt-6-sol",148,12.2291471033789
"gpt-6-sol",149,10.6513053803212
"gpt-6-sol",150,11.4889573271642
"gpt-6-sol",151,11.4889573271642
"gpt-6-sol",152,9.18128030287087
"gpt-6-sol",153,11.5363497174707
"gpt-6-sol",154,11.6194756234405
"gpt-6-sol",155,11.4077358675277
"gpt-6-sol",156,8.97614583317255
"gpt-6-sol",157,12.4414766580215
"gpt-6-sol",158,8.97614583317253
"gpt-6-sol",159,12.4078419689602
"gpt-6-sol",160,12.299566899254
"gpt-6-sol",161,11.4791249202264
"gpt-6-sol",162,11.3567257356093
"gpt-6-sol",163,5.66707164724626
"gpt-6-sol",164,10.7508648827917
"gpt-6-sol",165,11.6915979251299
"gpt-6-sol",166,11.4077358675277
"gpt-6-sol",167,12.4414766580215
"gpt-6-sol",168,11.4077358675277
"gpt-6-sol",169,8.9009864261414
"gpt-6-sol",170,11.6715570379046
"gpt-6-sol",171,11.6194756234405
"gpt-6-sol",172,10.7508648827917
"gpt-6-sol",173,11.8390651667017
"gpt-6-sol",174,11.4130552315211
"gpt-6-sol",175,9.01855090173411
"gpt-6-sol",176,12.5038798640397
"gpt-6-sol",177,12.6233049567609
"gpt-6-sol",178,10.9331401907021
"gpt-6-sol",179,12.299566899254
"gpt-6-sol",180,12.6233049567609
"gpt-6-sol",181,12.7235836098265
"gpt-6-sol",182,9.93942706933906
"gpt-6-sol",183,8.90098642614139
"gpt-6-sol",184,9.1108190032377
"gpt-6-sol",185,11.5363497174707
"gpt-6-sol",186,11.7809076035077
"gpt-6-sol",187,12.4894948918491
"gpt-6-sol",188,9.25397496490535
"gpt-6-sol",189,11.6715570379046
"gpt-6-sol",190,12.1197941101265
"gpt-6-sol",191,11.9860877165037
"gpt-6-sol",192,12.4078419689602
"gpt-6-sol",193,10.9139934416714
"gpt-6-sol",194,11.5363497174707
"gpt-6-sol",195,11.7575739536223
"gpt-6-sol",196,5.66707164724625
"gpt-6-sol",197,11.7575739536223
"gpt-6-sol",198,12.90932140188
"gpt-6-sol",199,12.3587872960874
"gpt-6-sol",200,12.3587872960874
"gpt-6-sol",201,10.9331401907021
"gpt-6-sol",202,12.1197941101265
"gpt-6-sol",203,12.5516313955605
"gpt-6-sol",204,12.3587872960874
"gpt-6-sol",205,10.2406699478174
"gpt-6-sol",206,8.90098642614137
"gpt-6-sol",207,5.7329821901792
"gpt-6-sol",208,10.9331401907021
"gpt-6-sol",209,9.01855090173413
"gpt-6-sol",210,12.2291471033789
"gpt-6-sol",211,12.299566899254
"gpt-6-sol",212,9.01855090173412
"gpt-6-sol",213,5.31639700130235
"gpt-6-sol",214,10.7153750528175
"gpt-6-sol",215,11.4077358675277
"gpt-6-sol",216,5.31639700130235
"gpt-6-sol",217,11.6194756234405
"gpt-6-sol",218,9.25397496490535
"gpt-6-sol",219,10.7508648827917
"gpt-6-sol",220,11.9480323581063
"gpt-6-sol",221,11.7478799302834
"gpt-6-sol",222,12.4396327764051
"gpt-6-sol",223,11.0610946378015
"gpt-6-sol",224,10.9562592650298
"gpt-6-sol",225,10.9139934416714
"gpt-6-sol",226,10.9139934416714
"gpt-6-sol",227,8.57654552545272
"gpt-6-sol",228,12.4084720034984
"gpt-6-sol",229,11.3567257356092
"gpt-6-sol",230,11.0282332314756
"gpt-6-sol",231,11.7345349739644
"gpt-6-sol",232,9.11081900323768
"gpt-6-sol",233,9.34687435483213
"gpt-6-sol",234,11.4889573271642
"gpt-6-sol",235,11.6194756234405
"gpt-6-sol",236,13.0799679989565
"gpt-6-sol",237,12.7853830710439
"gpt-6-sol",238,10.9331401907021
"gpt-6-sol",239,12.434746969058
"gpt-6-sol",240,9.11081900323769
"gpt-6-sol",241,8.9512953858614
"gpt-6-sol",242,10.6126662557847
"gpt-6-sol",243,9.25397496490536
"gpt-6-sol",244,10.6513053803212
"gpt-6-sol",245,9.34687435483213
"gpt-6-sol",246,9.12413476756829
"gpt-6-sol",247,9.25397496490537
"gpt-6-sol",248,12.1882429678845
"gpt-6-sol",249,12.434746969058
"gpt-6-sol",250,10.7508648827917
"gpt-6-sol",251,12.1752843591302
"gpt-6-sol",252,10.6513053803213
"gpt-6-sol",253,12.3587872960874
"gpt-6-sol",254,12.4396327764051
"gpt-6-sol",255,9.12413476756834
"gpt-6-sol",256,12.1882429678845
"gpt-6-sol",257,11.4077358675277
"gpt-6-sol",258,12.15944959441
"gpt-6-sol",259,11.3567257356092
"gpt-6-sol",260,8.95129538586139
"gpt-6-sol",261,12.4084720034984
"gpt-6-sol",262,5.44207748799031
"gpt-6-sol",263,12.5038798640397
"gpt-6-sol",264,11.5363497174707
"gpt-6-sol",265,11.4894564498719
"gpt-6-sol",266,10.6513053803212
"gpt-6-sol",267,12.4078419689602
"gpt-6-sol",268,11.6915979251299
"gpt-6-sol",269,9.93942706933904
"gpt-6-sol",270,10.9139934416714
"gpt-6-sol",271,9.32393368736613
"gpt-6-sol",272,10.1611679595564
"gpt-6-sol",273,10.2406699478174
"gpt-6-sol",274,10.7508648827917
"gpt-6-sol",275,9.32393368736613
"gpt-6-sol",276,12.1197941101265
"gpt-6-sol",277,11.4889573271642
"gpt-6-sol",278,5.55115672313933
"gpt-6-sol",279,11.0238203641348
"gpt-6-sol",280,9.08578148346794
"gpt-6-sol",281,11.3567257356092
"gpt-6-sol",282,12.4084720034984
"gpt-6-sol",283,12.5516313955605
"gpt-6-sol",284,12.4414766580215
"gpt-6-sol",285,11.3567257356092
"gpt-6-sol",286,11.8075962907188
"gpt-6-sol",287,11.5363497174707
"gpt-6-sol",288,12.505742419346
"gpt-6-sol",289,9.32393368736613
"gpt-6-sol",290,10.7508648827917
"gpt-6-sol",291,11.0144174579613
"gpt-6-sol",292,11.0520334122707
"gpt-6-sol",293,12.9895194340547
"gpt-6-sol",294,8.90098642614139
"gpt-6-sol",295,11.7345349739644
"gpt-6-sol",296,8.90098642614137
"gpt-6-sol",297,5.55115672313936
"gpt-6-sol",298,12.15944959441
"gpt-6-sol",299,12.15944959441
"gpt-6-sol",300,8.9009864261414
"gpt-6-sol",301,11.0144174579613
"gpt-6-sol",302,11.8942034111283
"gpt-6-sol",303,11.4077358675277
"gpt-6-sol",304,12.9895194340547
"gpt-6-sol",305,5.31639700130234
"gpt-6-sol",306,11.4894564498719
"gpt-6-sol",307,11.0520334122707
"gpt-6-sol",308,10.9139934416714
"gpt-6-sol",309,12.4396327764051
"gpt-6-sol",310,5.55115672313934
"gpt-6-sol",311,11.6194756234405
"gpt-6-sol",312,8.95129538586141
"gpt-6-sol",313,12.4084720034984
"gpt-6-sol",314,12.434746969058
"gpt-6-sol",315,9.10041281481046
"gpt-6-sol",316,11.9106805203378
"gpt-6-sol",317,10.9139934416714
"gpt-6-sol",318,12.4894948918491
"gpt-6-sol",319,12.15944959441
"gpt-6-sol",320,10.828995260728
"gpt-6-sol",321,8.90098642614138
"gpt-6-sol",322,11.0520334122707
"gpt-6-sol",323,12.1752843591302
"gpt-6-sol",324,5.49487034426033
"gpt-6-sol",325,9.1241347675683
"gpt-6-sol",326,9.01855090173413
"gpt-6-sol",327,12.3885772873665
"gpt-6-sol",328,12.1197941101265
"gpt-6-sol",329,9.25397496490537
"gpt-6-sol",330,12.299566899254
"gpt-6-sol",331,12.4396327764051
"gpt-6-sol",332,10.7508648827917
"gpt-6-sol",333,9.25397496490537
"gpt-6-sol",334,11.4889573271642
"gpt-6-sol",335,12.299566899254
"gpt-6-sol",336,5.61447912215708
"gpt-6-sol",337,11.184747529702
"gpt-6-sol",338,5.42630482878007
"gpt-6-sol",339,5.44207748799028
"gpt-6-sol",340,12.15944959441
"gpt-6-sol",341,10.1611679595564
"gpt-6-sol",342,5.31639700130234
"gpt-6-sol",343,9.12413476756831
"gpt-6-sol",344,11.0610946378015
"gpt-6-sol",345,9.32393368736612
"gpt-6-sol",346,12.4396327764051
"gpt-6-sol",347,11.4130552315212
"gpt-6-sol",348,8.48103380150625
"gpt-6-sol",349,12.15944959441
"gpt-6-sol",350,5.44207748799029
"gpt-6-sol",351,11.7809076035077
"gpt-6-sol",352,11.7809076035077
"gpt-6-sol",353,11.6194756234405
"gpt-6-sol",354,12.7235836098265
"gpt-6-sol",355,11.4889573271642
"gpt-6-sol",356,10.6169435932084
"gpt-6-sol",357,11.5363497174707
"gpt-6-sol",358,7.86828782019598
"gpt-6-sol",359,11.7345349739644
"gpt-6-sol",360,11.3567257356092
"gpt-6-sol",361,12.5038798640397
"gpt-6-sol",362,8.97614583317255
"gpt-6-sol",363,11.4894564498719
"gpt-6-sol",364,11.4894564498719
"gpt-6-sol",365,11.4077358675277
"gpt-6-sol",366,12.4414766580215
"gpt-6-sol",367,10.3770374094115
"gpt-6-sol",368,9.18128030287087
"gpt-6-sol",369,12.1752843591302
"gpt-6-sol",370,10.828995260728
"gpt-6-sol",371,10.9139934416714
"gpt-6-sol",372,10.9139934416714
"gpt-6-sol",373,12.2291471033789
"gpt-6-sol",374,8.9512953858614
"gpt-6-sol",375,11.4894564498719
"gpt-6-sol",376,12.6233049567609
"gpt-6-sol",377,11.0144174579613
"gpt-6-sol",378,12.434746969058
"gpt-6-sol",379,9.11081900323768
"gpt-6-sol",380,12.1197941101265
"gpt-6-sol",381,11.1189809410932
"gpt-6-sol",382,11.4889573271642
"gpt-6-sol",383,11.2052489660132
"gpt-6-sol",384,10.828995260728
"gpt-6-sol",385,12.4414766580215
"gpt-6-sol",386,10.6513053803213
"gpt-6-sol",387,11.7575739536223
"gpt-6-sol",388,12.4084720034984
"gpt-6-sol",389,10.828995260728
"gpt-6-sol",390,11.875448514539
"gpt-6-sol",391,9.01855090173414
"gpt-6-sol",392,11.7575739536223
"gpt-6-sol",393,10.7153750528175
"gpt-6-sol",394,11.4889573271642
"gpt-6-sol",395,12.3587872960874
"gpt-6-sol",396,11.7575739536223
"gpt-6-sol",397,9.18128030287088
"gpt-6-sol",398,11.4077358675277
"gpt-6-sol",399,5.49487034426034
"gpt-6-sol",400,5.55115672313933
"gpt-6-sol",401,12.4084720034984
"gpt-6-sol",402,5.62479826335274
"gpt-6-sol",403,11.7345349739644
"gpt-6-sol",404,11.4791249202264
"gpt-6-sol",405,11.9106805203378
"gpt-6-sol",406,12.0482543797381
"gpt-6-sol",407,10.9139934416714
"gpt-6-sol",408,12.299566899254
"gpt-6-sol",409,9.38531562131127
"gpt-6-sol",410,12.4396327764051
"gpt-6-sol",411,8.90098642614138
"gpt-6-sol",412,10.828995260728
"gpt-6-sol",413,11.8075962907188
"gpt-6-sol",414,11.1189809410932
"gpt-6-sol",415,12.4396327764051
"gpt-6-sol",416,11.0282332314756
"gpt-6-sol",417,12.3587872960875
"gpt-6-sol",418,10.2406699478174
"gpt-6-sol",419,12.1197941101265
"gpt-6-sol",420,12.434746969058
"gpt-6-sol",421,11.6194756234405
"gpt-6-sol",422,5.66707164724627
"gpt-6-sol",423,8.57654552545275
"gpt-6-sol",424,11.4077358675277
"gpt-6-sol",425,7.86828782019599
"gpt-6-sol",426,11.6194756234405
"gpt-6-sol",427,8.97614583317254
"gpt-6-sol",428,9.11081900323769
"gpt-6-sol",429,12.4414766580215
"gpt-6-sol",430,9.11081900323771
"gpt-6-sol",431,12.4396327764051
"gpt-6-sol",432,10.828995260728
"gpt-6-sol",433,12.4084720034984
"gpt-6-sol",434,11.3567257356092
"gpt-6-sol",435,10.9562592650298
"gpt-6-sol",436,11.4889573271642
"gpt-6-sol",437,12.7853830710439
"gpt-6-sol",438,12.3587872960874
"gpt-6-sol",439,9.34687435483217
"gpt-6-sol",440,12.15944959441
"gpt-6-sol",441,5.4420774879903
"gpt-6-sol",442,5.73298219017921
"gpt-6-sol",443,12.9895194340548
"gpt-6-sol",444,10.7508648827917
"gpt-6-sol",445,8.48103380150625
"gpt-6-sol",446,11.4130552315211
"gpt-6-sol",447,10.9139934416714
"gpt-6-sol",448,5.49487034426036
"gpt-6-sol",449,11.4894564498719
"gpt-6-sol",450,11.8390651667017
"gpt-6-sol",451,12.5516313955605
"gpt-6-sol",452,8.57654552545274
"gpt-6-sol",453,12.3587872960874
"gpt-6-sol",454,12.15944959441
"gpt-6-sol",455,12.15944959441
"gpt-6-sol",456,9.18128030287087
"gpt-6-sol",457,12.2291471033789
"gpt-6-sol",458,8.9009864261414
"gpt-6-sol",459,5.73298219017921
"gpt-6-sol",460,11.7809076035077
"gpt-6-sol",461,5.42630482878005
"gpt-6-sol",462,11.4889573271642
"gpt-6-sol",463,8.9009864261414
"gpt-6-sol",464,10.6513053803213
"gpt-6-sol",465,9.34687435483213
"gpt-6-sol",466,11.0144174579613
"gpt-6-sol",467,9.32393368736612
"gpt-6-sol",468,11.4889573271642
"gpt-6-sol",469,11.7990365631842
"gpt-6-sol",470,11.3567257356092
"gpt-6-sol",471,5.55115672313935
"gpt-6-sol",472,8.90098642614138
"gpt-6-sol",473,10.3424746017776
"gpt-6-sol",474,9.32393368736614
"gpt-6-sol",475,11.1189809410932
"gpt-6-sol",476,12.4894948918491
"gpt-6-sol",477,9.1241347675683
"gpt-6-sol",478,12.4396327764051
"gpt-6-sol",479,11.8390651667017
"gpt-6-sol",480,9.0185509017341
"gpt-6-sol",481,9.12413476756831
"gpt-6-sol",482,12.5038798640397
"gpt-6-sol",483,11.0282332314756
"gpt-6-sol",484,11.8897117463796
"gpt-6-sol",485,12.3885772873664
"gpt-6-sol",486,10.9139934416714
"gpt-6-sol",487,8.97614583317255
"gpt-6-sol",488,10.828995260728
"gpt-6-sol",489,12.4894948918491
"gpt-6-sol",490,10.9562592650298
"gpt-6-sol",491,10.828995260728
"gpt-6-sol",492,5.31639700130234
"gpt-6-sol",493,8.57654552545273
"gpt-6-sol",494,10.3424746017776
"gpt-6-sol",495,11.4894564498719
"gpt-6-sol",496,11.7123071335702
"gpt-6-sol",497,10.828995260728
"gpt-6-sol",498,12.0482543797381
"gpt-6-sol",499,11.7575739536223
"gpt-6-sol",500,9.18128030287087
"gpt-6-sol",501,11.0520334122707
"gpt-6-sol",502,1.62667879842543
"gpt-6-sol",503,5.26140716570686
"gpt-6-sol",504,12.3587872960874
"gpt-6-sol",505,12.0482543797381
"gpt-6-sol",506,12.15944959441
"gpt-6-sol",507,11.7345349739644
"gpt-6-sol",508,11.2052489660131
"gpt-6-sol",509,10.9331401907021
"gpt-6-sol",510,5.66707164724625
"gpt-6-sol",511,5.31639700130234
"gpt-6-sol",512,10.6126662557847
"gpt-6-sol",513,8.97614583317254
"gpt-6-sol",514,10.6513053803213
"gpt-6-sol",515,10.6513053803212
"gpt-6-sol",516,10.828995260728
"gpt-6-sol",517,11.4749368391125
"gpt-6-sol",518,12.0482543797381
"gpt-6-sol",519,11.7345349739644
"gpt-6-sol",520,11.0610946378015
"gpt-6-sol",521,11.0610946378015
"gpt-6-sol",522,12.4396327764051
"gpt-6-sol",523,13.0799679989565
"gpt-6-sol",524,12.15944959441
"gpt-6-sol",525,9.10041281481042
"gpt-6-sol",526,12.1197941101265
"gpt-6-sol",527,1.62667879842543
"gpt-6-sol",528,11.5363497174707
"gpt-6-sol",529,12.15944959441
"gpt-6-sol",530,11.0144174579613
"gpt-6-sol",531,5.31639700130234
"gpt-6-sol",532,12.7235836098265
"gpt-6-sol",533,11.7844231310787
"gpt-6-sol",534,11.0282332314756
"gpt-6-sol",535,7.86828782019598
"gpt-6-sol",536,0.818283858089382
"gpt-6-sol",537,11.1189809410932
"gpt-6-sol",538,8.9009864261414
"gpt-6-sol",539,11.7809076035077
"gpt-6-sol",540,12.0482543797381
"gpt-6-sol",541,8.90098642614137
"gpt-6-sol",542,11.3567257356093
"gpt-6-sol",543,11.184747529702
"gpt-6-sol",544,11.6194756234405
"gpt-6-sol",545,11.4077358675277
"gpt-6-sol",546,11.4889573271642
"gpt-6-sol",547,8.95129538586141
"gpt-6-sol",548,11.4894564498719
"gpt-6-sol",549,9.25397496490535
"gpt-6-sol",550,10.2406699478174
"gpt-6-sol",551,12.4414766580215
"gpt-6-sol",552,12.15944959441
"gpt-6-sol",553,2.89784753199774
"gpt-6-sol",554,11.4894564498719
"gpt-6-sol",555,10.6513053803213
"gpt-6-sol",556,11.9106805203378
"gpt-6-sol",557,10.7508648827917
"gpt-6-sol",558,10.7508648827917
"gpt-6-sol",559,12.3587872960875
"gpt-6-sol",560,10.6513053803213
"gpt-6-sol",561,11.0520334122707
"gpt-6-sol",562,9.32393368736612
"gpt-6-sol",563,8.48103380150628
"gpt-6-sol",564,11.8942034111283
"gpt-6-sol",565,10.9331401907021
"gpt-6-sol",566,9.1108190032377
"gpt-6-sol",567,11.8075962907188
"gpt-6-sol",568,11.0520334122707
"gpt-6-sol",569,12.15944959441
"gpt-6-sol",570,8.57654552545275
"gpt-6-sol",571,10.9331401907021
"gpt-6-sol",572,2.50923687922557
"gpt-6-sol",573,10.828995260728
"gpt-6-sol",574,5.66707164724625
"gpt-6-sol",575,10.828995260728
"gpt-6-sol",576,11.9106805203378
"gpt-6-sol",577,8.9009864261414
"gpt-6-sol",578,9.34687435483215
"gpt-6-sol",579,11.7478799302834
"gpt-6-sol",580,12.4396327764051
"gpt-6-sol",581,10.7508648827917
"gpt-6-sol",582,12.7932949671669
"gpt-6-sol",583,11.7123071335702
"gpt-6-sol",584,11.0282332314756
"gpt-6-sol",585,11.0282332314756
"gpt-6-sol",586,10.7508648827917
"gpt-6-sol",587,11.0282332314756
"gpt-6-sol",588,11.7345349739644
"gpt-6-sol",589,5.26140716570688
"gpt-6-sol",590,9.38531562131128
"gpt-6-sol",591,12.7932949671669
"gpt-6-sol",592,10.6513053803213
"gpt-6-sol",593,12.15944959441
"gpt-6-sol",594,11.6194756234405
"gpt-6-sol",595,13.7502280208706
"gpt-6-sol",596,5.62479826335272
"gpt-6-sol",597,11.5868728841996
"gpt-6-sol",598,9.25397496490536
"gpt-6-sol",599,10.6513053803213
"gpt-6-sol",600,9.10041281481046
"gpt-6-sol",601,11.875448514539
"gpt-6-sol",602,11.4889573271642
"gpt-6-sol",603,12.90932140188
"gpt-6-sol",604,11.4894564498719
"gpt-6-sol",605,10.9562592650298
"gpt-6-sol",606,9.32393368736613
"gpt-6-sol",607,12.7932949671669
"gpt-6-sol",608,12.4396327764051
"gpt-6-sol",609,10.6513053803213
"gpt-6-sol",610,11.0610946378015
"gpt-6-sol",611,5.66707164724628
"gpt-6-sol",612,11.4077358675277
"gpt-6-sol",613,5.49487034426033
"gpt-6-sol",614,9.01855090173411
"gpt-6-sol",615,9.25397496490535
"gpt-6-sol",616,9.25397496490537
"gpt-6-sol",617,9.11081900323768
"gpt-6-sol",618,12.1882429678845
"gpt-6-sol",619,10.9331401907021
"gpt-6-sol",620,8.90098642614136
"gpt-6-sol",621,10.2406699478174
"gpt-6-sol",622,5.42630482878006
"gpt-6-sol",623,9.01855090173412
"gpt-6-sol",624,9.25397496490535
"gpt-6-sol",625,9.38531562131127
"gpt-6-sol",626,9.25397496490535
"gpt-6-sol",627,10.7508648827917
"gpt-6-sol",628,11.7478799302834
"gpt-6-sol",629,11.7990365631842
"gpt-6-sol",630,10.6513053803213
"gpt-6-sol",631,11.7575739536223
"gpt-6-sol",632,12.1197941101265
"gpt-6-sol",633,8.58256774719983
"gpt-6-sol",634,11.4077358675277
"gpt-6-sol",635,12.9895194340547
"gpt-6-sol",636,9.29319453908227
"gpt-6-sol",637,11.6386798720127
"gpt-6-sol",638,8.57654552545275
"gpt-6-sol",639,7.82773377077208
"gpt-6-sol",640,12.299566899254
"gpt-6-sol",641,11.4894564498719
"gpt-6-sol",642,9.34687435483215
"gpt-6-sol",643,8.90098642614139
"gpt-6-sol",644,5.62479826335274
"gpt-6-sol",645,9.12413476756829
"gpt-6-sol",646,11.8075962907188
"gpt-6-sol",647,9.11081900323767
"gpt-6-sol",648,11.5868728841996
"gpt-6-sol",649,9.25397496490537
"gpt-6-sol",650,12.5038798640397
"gpt-6-sol",651,10.6126662557847
"gpt-6-sol",652,5.55115672313934
"gpt-6-sol",653,11.4894564498719
"gpt-6-sol",654,9.0185509017341
"gpt-6-sol",655,12.4894948918491
"gpt-6-sol",656,12.4396327764051
"gpt-6-sol",657,11.4894564498719
"gpt-6-sol",658,11.9860877165037
"gpt-6-sol",659,5.55115672313933
"gpt-6-sol",660,11.4077358675277
"gpt-6-sol",661,12.5038798640397
"gpt-6-sol",662,7.86828782019598
"gpt-6-sol",663,5.62479826335272
"gpt-6-sol",664,9.38531562131127
"gpt-6-sol",665,12.434746969058
"gpt-6-sol",666,10.9331401907021
"gpt-6-sol",667,9.25397496490537
"gpt-6-sol",668,11.7990365631842
"gpt-6-sol",669,11.7345349739644
"gpt-6-sol",670,12.7932949671669
"gpt-6-sol",671,11.8897117463796
"gpt-6-sol",672,9.29319453908228
"gpt-6-sol",673,8.90098642614135
"gpt-6-sol",674,11.4889573271642
"gpt-6-sol",675,11.4894564498719
"gpt-6-sol",676,9.10041281481044
"gpt-6-sol",677,11.4077358675277
"gpt-6-sol",678,11.4077358675277
"gpt-6-sol",679,10.6126662557847
"gpt-6-sol",680,8.9009864261414
"gpt-6-sol",681,9.11081900323769
"gpt-6-sol",682,10.3770374094115
"gpt-6-sol",683,9.18128030287087
"gpt-6-sol",684,11.7809076035076
"gpt-6-sol",685,8.90098642614138
"gpt-6-sol",686,12.0869959919141
"gpt-6-sol",687,11.7809076035077
"gpt-6-sol",688,11.4077358675277
"gpt-6-sol",689,8.57654552545274
"gpt-6-sol",690,11.8942034111283
"gpt-6-sol",691,11.875448514539
"gpt-6-sol",692,11.5363497174707
"gpt-6-sol",693,11.7345349739644
"gpt-6-sol",694,9.34687435483212
"gpt-6-sol",695,11.1189809410932
"gpt-6-sol",696,11.7809076035077
"gpt-6-sol",697,5.66707164724625
"gpt-6-sol",698,12.2291471033789
"gpt-6-sol",699,8.90098642614138
"gpt-6-sol",700,11.4077358675277
"gpt-6-sol",701,12.15944959441
"gpt-6-sol",702,12.3587872960874
"gpt-6-sol",703,11.4077358675277
"gpt-6-sol",704,11.5363497174707
"gpt-6-sol",705,11.8390651667017
"gpt-6-sol",706,8.58256774719982
"gpt-6-sol",707,11.7809076035077
"gpt-6-sol",708,9.1108190032377
"gpt-6-sol",709,11.3567257356092
"gpt-6-sol",710,12.1882429678845
"gpt-6-sol",711,10.6513053803213
"gpt-6-sol",712,12.7853830710439
"gpt-6-sol",713,9.32393368736613
"gpt-6-sol",714,11.7844231310787
"gpt-6-sol",715,11.3567257356092
"gpt-6-sol",716,11.6194756234405
"gpt-6-sol",717,9.01855090173411
"gpt-6-sol",718,12.15944959441
"gpt-6-sol",719,11.7990365631842
"gpt-6-sol",720,11.4889573271642
"gpt-6-sol",721,13.2682410539236
"gpt-6-sol",722,9.1108190032377
"gpt-6-sol",723,12.0869959919141
"gpt-6-sol",724,11.5868728841996
"gpt-6-sol",725,10.7508648827917
"gpt-6-sol",726,9.25397496490535
"gpt-6-sol",727,9.29319453908228
"gpt-6-sol",728,8.90098642614139
"gpt-6-sol",729,9.29319453908229
"gpt-6-sol",730,10.3424746017776
"gpt-6-sol",731,11.4749368391125
"gpt-6-sol",732,11.4894564498719
"gpt-6-sol",733,10.3424746017776
"gpt-6-sol",734,12.7932949671669
"gpt-6-sol",735,11.4749368391125
"gpt-6-sol",736,11.4889573271642
"gpt-6-sol",737,11.184747529702
"gpt-6-sol",738,11.4749368391125
"gpt-6-sol",739,12.7235836098265
"gpt-6-sol",740,12.7853830710439
"gpt-6-sol",741,12.1197941101265
"gpt-6-sol",742,12.4078419689603
"gpt-6-sol",743,12.2291471033789
"gpt-6-sol",744,8.58256774719983
"gpt-6-sol",745,8.48103380150627
"gpt-6-sol",746,10.9139934416714
"gpt-6-sol",747,11.4077358675277
"gpt-6-sol",748,10.7508648827917
"gpt-6-sol",749,11.4077358675277
"gpt-6-sol",750,11.4791249202264
"gpt-6-sol",751,8.58256774719983
"gpt-6-sol",752,5.7329821901792
"gpt-6-sol",753,12.5516313955605
"gpt-6-sol",754,11.8942034111283
"gpt-6-sol",755,11.4749368391125
"gpt-6-sol",756,12.3587872960874
"gpt-6-sol",757,12.0869959919141
"gpt-6-sol",758,2.50923687922557
"gpt-6-sol",759,11.8390651667017
"gpt-6-sol",760,12.15944959441
"gpt-6-sol",761,8.9009864261414
"gpt-6-sol",762,10.828995260728
"gpt-6-sol",763,11.0144174579613
"gpt-6-sol",764,10.3770374094115
"gpt-6-sol",765,12.5038798640397
"gpt-6-sol",766,10.6513053803213
"gpt-6-sol",767,12.15944959441
"gpt-6-sol",768,11.4791249202264
"gpt-6-sol",769,5.31639700130234
"gpt-6-sol",770,9.01855090173413
"gpt-6-sol",771,10.7508648827917
"gpt-6-sol",772,11.0282332314756
"gpt-6-sol",773,11.0238203641348
"gpt-6-sol",774,11.0144174579613
"gpt-6-sol",775,11.4077358675277
"gpt-6-sol",776,11.4077358675277
"gpt-6-sol",777,11.4894564498719
"gpt-6-sol",778,11.4077358675277
"gpt-6-sol",779,11.9480323581063
"gpt-6-sol",780,10.9139934416714
"gpt-6-sol",781,10.3424746017776
"gpt-6-sol",782,12.9300846232059
"gpt-6-sol",783,8.48103380150628
"gpt-6-sol",784,9.01855090173412
"gpt-6-sol",785,5.26140716570685
"gpt-6-sol",786,12.1197941101265
"gpt-6-sol",787,10.9139934416714
"gpt-6-sol",788,9.01855090173413
"gpt-6-sol",789,12.15944959441
"gpt-6-sol",790,11.4889573271643
"gpt-6-sol",791,12.1197941101265
"gpt-6-sol",792,12.7932949671669
"gpt-6-sol",793,11.7809076035077
"gpt-6-sol",794,10.9562592650298
"gpt-6-sol",795,10.7508648827917
"gpt-6-sol",796,11.3567257356092
"gpt-6-sol",797,11.6386798720127
"gpt-6-sol",798,11.7123071335702
"gpt-6-sol",799,12.4084720034984
"gpt-6-sol",800,11.6194756234405
"gpt-6-sol",801,9.01855090173412
"gpt-6-sol",802,5.73298219017919
"gpt-6-sol",803,11.4077358675277
"gpt-6-sol",804,9.1241347675683
"gpt-6-sol",805,11.4077358675277
"gpt-6-sol",806,12.90932140188
"gpt-6-sol",807,8.9009864261414
"gpt-6-sol",808,5.26140716570689
"gpt-6-sol",809,12.4396327764051
"gpt-6-sol",810,12.4894948918491
"gpt-6-sol",811,11.8897117463795
"gpt-6-sol",812,10.9331401907021
"gpt-6-sol",813,12.434746969058
"gpt-6-sol",814,11.4894564498719
"gpt-6-sol",815,10.7508648827917
"gpt-6-sol",816,12.9300846232059
"gpt-6-sol",817,11.875448514539
"gpt-6-sol",818,12.0482543797381
"gpt-6-sol",819,11.9860877165037
"gpt-6-sol",820,11.4749368391125
"gpt-6-sol",821,11.0144174579613
"gpt-6-sol",822,12.1752843591302
"gpt-6-sol",823,8.97614583317257
"gpt-6-sol",824,9.10041281481044
"gpt-6-sol",825,11.4077358675277
"gpt-6-sol",826,8.58256774719986
"gpt-6-sol",827,12.1882429678845
"gpt-6-sol",828,9.12413476756831
"gpt-6-sol",829,11.4749368391125
"gpt-6-sol",830,12.3885772873665
"gpt-6-sol",831,12.6233049567609
"gpt-6-sol",832,11.7990365631842
"gpt-6-sol",833,11.5363497174707
"gpt-6-sol",834,9.38531562131127
"gpt-6-sol",835,12.4078419689602
"gpt-6-sol",836,10.828995260728
"gpt-6-sol",837,11.7345349739644
"gpt-6-sol",838,7.86828782019598
"gpt-6-sol",839,12.3587872960874
"gpt-6-sol",840,12.3587872960874
"gpt-6-sol",841,9.11081900323769
"gpt-6-sol",842,11.4894564498719
"gpt-6-sol",843,10.6513053803213
"gpt-6-sol",844,12.4396327764051
"gpt-6-sol",845,10.7508648827917
"gpt-6-sol",846,12.5516313955605
"gpt-6-sol",847,10.7508648827917
"gpt-6-sol",848,11.0520334122707
"gpt-6-sol",849,12.7235836098265
"gpt-6-sol",850,10.828995260728
"gpt-6-sol",851,9.1241347675683
"gpt-6-sol",852,12.1197941101265
"gpt-6-sol",853,7.86828782019599
"gpt-6-sol",854,12.4396327764051
"gpt-6-sol",855,12.299566899254
"gpt-6-sol",856,9.32393368736613
"gpt-6-sol",857,12.3587872960875
"gpt-6-sol",858,11.0282332314756
"gpt-6-sol",859,11.7575739536223
"gpt-6-sol",860,12.3587872960874
"gpt-6-sol",861,11.7809076035077
"gpt-6-sol",862,11.7123071335702
"gpt-6-sol",863,11.4077358675277
"gpt-6-sol",864,10.828995260728
"gpt-6-sol",865,11.9480323581064
"gpt-6-sol",866,11.2052489660131
"gpt-6-sol",867,9.25397496490537
"gpt-6-sol",868,12.9300846232059
"gpt-6-sol",869,12.0869959919141
"gpt-6-sol",870,10.828995260728
"gpt-6-sol",871,9.34687435483214
"gpt-6-sol",872,9.12413476756829
"gpt-6-sol",873,12.5038798640397
"gpt-6-sol",874,12.2291471033789
"gpt-6-sol",875,11.4077358675277
"gpt-6-sol",876,8.95129538586141
"gpt-6-sol",877,11.0282332314756
"gpt-6-sol",878,12.1197941101265
"gpt-6-sol",879,11.7345349739644
"gpt-6-sol",880,12.7235836098265
"gpt-6-sol",881,10.6513053803213
"gpt-6-sol",882,5.55115672313936
"gpt-6-sol",883,9.93942706933905
"gpt-6-sol",884,12.6233049567609
"gpt-6-sol",885,11.6386798720127
"gpt-6-sol",886,11.4077358675277
"gpt-6-sol",887,11.7575739536223
"gpt-6-sol",888,9.38531562131127
"gpt-6-sol",889,9.38531562131128
"gpt-6-sol",890,11.7575739536223
"gpt-6-sol",891,9.93942706933906
"gpt-6-sol",892,12.1197941101265
"gpt-6-sol",893,9.34687435483215
"gpt-6-sol",894,11.4749368391125
"gpt-6-sol",895,11.0520334122707
"gpt-6-sol",896,11.184747529702
"gpt-6-sol",897,11.0144174579613
"gpt-6-sol",898,12.9895194340548
"gpt-6-sol",899,12.15944959441
"gpt-6-sol",900,11.875448514539
"gpt-6-sol",901,12.434746969058
"gpt-6-sol",902,11.5363497174707
"gpt-6-sol",903,9.01855090173412
"gpt-6-sol",904,11.3567257356092
"gpt-6-sol",905,11.1189809410932
"gpt-6-sol",906,11.7478799302834
"gpt-6-sol",907,9.25397496490536
"gpt-6-sol",908,9.34687435483214
"gpt-6-sol",909,9.25397496490534
"gpt-6-sol",910,10.9562592650298
"gpt-6-sol",911,9.29319453908226
"gpt-6-sol",912,11.184747529702
"gpt-6-sol",913,11.7123071335702
"gpt-6-sol",914,11.0144174579613
"gpt-6-sol",915,12.4084720034984
"gpt-6-sol",916,12.434746969058
"gpt-6-sol",917,11.7345349739644
"gpt-6-sol",918,12.4894948918491
"gpt-6-sol",919,11.0520334122707
"gpt-6-sol",920,11.8075962907188
"gpt-6-sol",921,11.8897117463796
"gpt-6-sol",922,12.3587872960875
"gpt-6-sol",923,12.15944959441
"gpt-6-sol",924,11.5868728841996
"gpt-6-sol",925,9.18128030287088
"gpt-6-sol",926,10.3424746017776
"gpt-6-sol",927,12.3587872960875
"gpt-6-sol",928,11.7990365631842
"gpt-6-sol",929,11.7809076035076
"gpt-6-sol",930,11.4077358675277
"gpt-6-sol",931,12.5038798640397
"gpt-6-sol",932,11.8897117463796
"gpt-6-sol",933,8.58256774719984
"gpt-6-sol",934,11.0520334122707
"gpt-6-sol",935,10.9139934416714
"gpt-6-sol",936,11.5363497174707
"gpt-6-sol",937,5.6144791221571
"gpt-6-sol",938,11.8390651667017
"gpt-6-sol",939,5.62479826335272
"gpt-6-sol",940,11.8390651667017
"gpt-6-sol",941,12.5038798640397
"gpt-6-sol",942,11.0282332314756
"gpt-6-sol",943,11.7345349739644
"gpt-6-sol",944,11.4077358675277
"gpt-6-sol",945,8.58256774719982
"gpt-6-sol",946,5.61447912215707
"gpt-6-sol",947,8.9009864261414
"gpt-6-sol",948,9.38531562131127
"gpt-6-sol",949,12.5038798640397
"gpt-6-sol",950,11.8075962907188
"gpt-6-sol",951,12.7235836098265
"gpt-6-sol",952,10.6126662557847
"gpt-6-sol",953,12.9895194340547
"gpt-6-sol",954,10.6513053803213
"gpt-6-sol",955,10.7508648827917
"gpt-6-sol",956,12.299566899254
"gpt-6-sol",957,11.7575739536223
"gpt-6-sol",958,10.7508648827917
"gpt-6-sol",959,9.34687435483215
"gpt-6-sol",960,11.4749368391125
"gpt-6-sol",961,10.828995260728
"gpt-6-sol",962,12.5516313955605
"gpt-6-sol",963,9.12413476756831
"gpt-6-sol",964,12.15944959441
"gpt-6-sol",965,11.5363497174707
"gpt-6-sol",966,11.9106805203378
"gpt-6-sol",967,12.6233049567609
"gpt-6-sol",968,12.15944959441
"gpt-6-sol",969,10.3770374094115
"gpt-6-sol",970,9.08578148346794
"gpt-6-sol",971,12.1197941101265
"gpt-6-sol",972,9.25397496490536
"gpt-6-sol",973,9.01855090173412
"gpt-6-sol",974,9.1108190032377
"gpt-6-sol",975,11.7809076035077
"gpt-6-sol",976,11.1189809410932
"gpt-6-sol",977,7.86828782019598
"gpt-6-sol",978,12.7235836098265
"gpt-6-sol",979,12.3587872960875
"gpt-6-sol",980,9.25397496490538
"gpt-6-sol",981,10.828995260728
"gpt-6-sol",982,11.3567257356092
"gpt-6-sol",983,9.08578148346792
"gpt-6-sol",984,12.1197941101265
"gpt-6-sol",985,13.7502280208706
"gpt-6-sol",986,10.9562592650298
"gpt-6-sol",987,11.7809076035077
"gpt-6-sol",988,10.3424746017776
"gpt-6-sol",989,10.9331401907021
"gpt-6-sol",990,11.7845954209551
"gpt-6-sol",991,12.4396327764051
"gpt-6-sol",992,11.5868728841996
"gpt-6-sol",993,11.7345349739644
"gpt-6-sol",994,5.42630482878007
"gpt-6-sol",995,11.5363497174707
"gpt-6-sol",996,9.34687435483217
"gpt-6-sol",997,11.8942034111283
"gpt-6-sol",998,11.5363497174707
"gpt-6-sol",999,12.8621800093793
"gpt-6-sol",1000,11.5363497174707
"gpt-6-sol",1001,11.0144174579613
"gpt-6-sol",1002,12.15944959441
"gpt-6-sol",1003,11.0144174579613
"gpt-6-sol",1004,12.4894948918491
"gpt-6-sol",1005,11.4894564498719
"gpt-6-sol",1006,12.4396327764051
"gpt-6-sol",1007,10.3770374094115
"gpt-6-sol",1008,10.2406699478174
"gpt-6-sol",1009,12.5516313955605
"gpt-6-sol",1010,11.1189809410932
"gpt-6-sol",1011,7.86828782019598
"gpt-6-sol",1012,11.5363497174707
"gpt-6-sol",1013,12.434746969058
"gpt-6-sol",1014,12.4084720034984
"gpt-6-sol",1015,11.4894564498719
"gpt-6-sol",1016,11.4791249202264
"gpt-6-sol",1017,11.7345349739644
"gpt-6-sol",1018,12.4084720034984
"gpt-6-sol",1019,11.8390651667017
"gpt-6-sol",1020,11.4077358675277
"gpt-6-sol",1021,10.9139934416714
"gpt-6-sol",1022,12.8621800093793
"gpt-6-sol",1023,12.90932140188
"gpt-6-sol",1024,11.5363497174707
"gpt-6-sol",1025,12.9895194340547
"gpt-6-sol",1026,11.0520334122707
"gpt-6-sol",1027,11.6194756234405
"gpt-6-sol",1028,11.4894564498719
"gpt-6-sol",1029,11.3567257356093
"gpt-6-sol",1030,12.4396327764051
"gpt-6-sol",1031,9.81869922105127
"gpt-6-sol",1032,12.3885772873664
"gpt-6-sol",1033,9.11081900323771
"gpt-6-sol",1034,11.5363497174707
"gpt-6-sol",1035,12.90932140188
"gpt-6-sol",1036,12.9300846232059
"gpt-6-sol",1037,12.3587872960875
"gpt-6-sol",1038,12.4894948918491
"gpt-6-sol",1039,11.4894564498719
"gpt-6-sol",1040,11.6194756234405
"gpt-6-sol",1041,11.9480323581064
"gpt-6-sol",1042,9.34687435483215
"gpt-6-sol",1043,12.15944959441
"gpt-6-sol",1044,9.1108190032377
"gpt-6-sol",1045,11.3567257356092
"gpt-6-sol",1046,10.7508648827917
"gpt-6-sol",1047,9.08578148346793
"gpt-6-sol",1048,11.6194756234405
"gpt-6-sol",1049,12.9895194340548
"gpt-6-sol",1050,10.828995260728
"gpt-6-sol",1051,11.0520334122707
"gpt-6-sol",1052,12.0482543797381
"gpt-6-sol",1053,11.4889573271642
"gpt-6-sol",1054,5.26140716570686
"gpt-6-sol",1055,10.7153750528175
"gpt-6-sol",1056,11.0520334122707
"gpt-6-sol",1057,10.6513053803212
"gpt-6-sol",1058,11.4889573271642
"gpt-6-sol",1059,11.4791249202264
"gpt-6-sol",1060,12.15944959441
"gpt-6-sol",1061,9.01855090173414
"gpt-6-sol",1062,9.25397496490537
"gpt-6-sol",1063,11.184747529702
"gpt-6-sol",1064,10.1611679595564
"gpt-6-sol",1065,9.10041281481042
"gpt-6-sol",1066,11.5363497174707
"gpt-6-sol",1067,12.1752843591302
"gpt-6-sol",1068,9.1108190032377
"gpt-6-sol",1069,9.18128030287088
"gpt-6-sol",1070,11.7345349739644
"gpt-6-sol",1071,10.2406699478174
"gpt-6-sol",1072,10.3770374094115
"gpt-6-sol",1073,11.875448514539
"gpt-6-sol",1074,12.3587872960874
"gpt-6-sol",1075,10.9139934416714
"gpt-6-sol",1076,11.7345349739644
"gpt-6-sol",1077,10.9331401907021
"gpt-6-sol",1078,11.4894564498719
"gpt-6-sol",1079,12.7235836098265
"gpt-6-sol",1080,12.299566899254
"gpt-6-sol",1081,11.8897117463796
"gpt-6-sol",1082,11.2052489660131
"gpt-6-sol",1083,9.32393368736613
"gpt-6-sol",1084,11.0520334122707
"gpt-6-sol",1085,12.4078419689603
"gpt-6-sol",1086,11.0238203641348
"gpt-6-sol",1087,10.1611679595564
"gpt-6-sol",1088,11.8390651667017
"gpt-6-sol",1089,11.5363497174707
"gpt-6-sol",1090,11.7809076035077
"gpt-6-sol",1091,11.7809076035077
"gpt-6-sol",1092,11.7123071335702
"gpt-6-sol",1093,10.7508648827917
"gpt-6-sol",1094,9.10041281481041
"gpt-6-sol",1095,12.1197941101265
"gpt-6-sol",1096,11.7478799302834
"gpt-6-sol",1097,11.7844231310787
"gpt-6-sol",1098,11.875448514539
"gpt-6-sol",1099,10.9331401907021
"gpt-6-sol",1100,12.2291471033789
"gpt-6-sol",1101,7.82773377077208
"gpt-6-sol",1102,9.1812803028709
"gpt-6-sol",1103,11.7345349739644
"gpt-6-sol",1104,11.8897117463795
"gpt-6-sol",1105,11.7345349739644
"gpt-6-sol",1106,12.1197941101265
"gpt-6-sol",1107,12.505742419346
"gpt-6-sol",1108,12.299566899254
"gpt-6-sol",1109,12.4084720034984
"gpt-6-sol",1110,5.44207748799028
"gpt-6-sol",1111,10.9331401907021
"gpt-6-sol",1112,12.1197941101265
"gpt-6-sol",1113,11.4889573271642
"gpt-6-sol",1114,12.1882429678845
"gpt-6-sol",1115,11.8942034111283
"gpt-6-sol",1116,9.25397496490536
"gpt-6-sol",1117,8.48103380150626
"gpt-6-sol",1118,11.1189809410932
"gpt-6-sol",1119,11.0520334122707
"gpt-6-sol",1120,11.7123071335702
"gpt-6-sol",1121,12.7932949671669
"gpt-6-sol",1122,12.90932140188
"gpt-6-sol",1123,12.0869959919141
"gpt-6-sol",1124,9.10041281481042
"gpt-6-sol",1125,11.4077358675277
"gpt-6-sol",1126,11.4791249202264
"gpt-6-sol",1127,11.3567257356092
"gpt-6-sol",1128,10.7153750528175
"gpt-6-sol",1129,11.6194756234404
"gpt-6-sol",1130,9.25397496490535
"gpt-6-sol",1131,10.9139934416714
"gpt-6-sol",1132,12.2291471033789
"gpt-6-sol",1133,12.9895194340547
"gpt-6-sol",1134,11.1189809410932
"gpt-6-sol",1135,8.90098642614139
"gpt-6-sol",1136,11.4077358675277
"gpt-6-sol",1137,12.5038798640397
"gpt-6-sol",1138,12.1882429678845
"gpt-6-sol",1139,11.1189809410932
"gpt-6-sol",1140,13.0799679989565
"gpt-6-sol",1141,12.3587872960875
"gpt-6-sol",1142,12.0482543797381
"gpt-6-sol",1143,12.9895194340548
"gpt-6-sol",1144,12.1197941101265
"gpt-6-sol",1145,9.32393368736613
"gpt-6-sol",1146,5.55115672313934
"gpt-6-sol",1147,10.9139934416714
"gpt-6-sol",1148,12.9895194340547
"gpt-6-sol",1149,9.38531562131126
"gpt-6-sol",1150,8.58256774719984
"gpt-6-sol",1151,12.4078419689603
"gpt-6-sol",1152,11.4791249202264
"gpt-6-sol",1153,8.58256774719983
"gpt-6-sol",1154,12.3587872960874
"gpt-6-sol",1155,11.8075962907188
"gpt-6-sol",1156,11.6194756234405
"gpt-6-sol",1157,10.828995260728
"gpt-6-sol",1158,12.1197941101265
"gpt-6-sol",1159,10.7508648827917
"gpt-6-sol",1160,10.2406699478174
"gpt-6-sol",1161,11.7123071335702
"gpt-6-sol",1162,11.7575739536223
"gpt-6-sol",1163,11.8897117463796
"gpt-6-sol",1164,11.6194756234405
"gpt-6-sol",1165,12.3587872960875
"gpt-6-sol",1166,11.8897117463796
"gpt-6-sol",1167,9.93942706933904
"gpt-6-sol",1168,11.0520334122707
"gpt-6-sol",1169,10.9331401907021
"gpt-6-sol",1170,11.7345349739644
"gpt-6-sol",1171,12.15944959441
"gpt-6-sol",1172,10.6126662557847
"gpt-6-sol",1173,11.4077358675277
"gpt-6-sol",1174,9.01855090173412
"gpt-6-sol",1175,5.31639700130234
"gpt-6-sol",1176,9.38531562131127
"gpt-6-sol",1177,11.875448514539
"gpt-6-sol",1178,9.29319453908228
"gpt-6-sol",1179,12.4078419689603
"gpt-6-sol",1180,11.184747529702
"gpt-6-sol",1181,10.828995260728
"gpt-6-sol",1182,10.6126662557847
"gpt-6-sol",1183,8.97614583317254
"gpt-6-sol",1184,11.4889573271642
"gpt-6-sol",1185,12.4396327764051
"gpt-6-sol",1186,11.0610946378015
"gpt-6-sol",1187,11.0144174579613
"gpt-6-sol",1188,12.4894948918491
"gpt-6-sol",1189,9.11081900323771
"gpt-6-sol",1190,10.3424746017776
"gpt-6-sol",1191,11.7575739536223
"gpt-6-sol",1192,11.7809076035077
"gpt-6-sol",1193,8.5765455254528
"gpt-6-sol",1194,11.0520334122707
"gpt-6-sol",1195,11.3567257356092
"gpt-6-sol",1196,11.0238203641348
"gpt-6-sol",1197,11.4749368391125
"gpt-6-sol",1198,5.4420774879903
"gpt-6-sol",1199,9.11081900323768
"gpt-6-sol",1200,10.7508648827917
"gpt-6-sol",1201,10.9331401907021
"gpt-6-sol",1202,11.4077358675277
"gpt-6-sol",1203,12.299566899254
"gpt-6-sol",1204,12.0482543797381
"gpt-6-sol",1205,11.9860877165037
"gpt-6-sol",1206,9.25397496490535
"gpt-6-sol",1207,12.3587872960874
"gpt-6-sol",1208,11.5868728841996
"gpt-6-sol",1209,11.0282332314756
"gpt-6-sol",1210,11.4894564498719
"gpt-6-sol",1211,11.7844231310787
"gpt-6-sol",1212,11.184747529702
"gpt-6-sol",1213,9.25397496490536
"gpt-6-sol",1214,11.7990365631842
"gpt-6-sol",1215,12.0869959919141
"gpt-6-sol",1216,11.4077358675277
"gpt-6-sol",1217,11.8390651667017
"gpt-6-sol",1218,10.9331401907021
"gpt-6-sol",1219,12.299566899254
"gpt-6-sol",1220,9.25397496490536
"gpt-6-sol",1221,12.0869959919141
"gpt-6-sol",1222,11.7990365631842
"gpt-6-sol",1223,5.4420774879903
"gpt-6-sol",1224,9.01855090173413
"gpt-6-sol",1225,11.5363497174707
"gpt-6-sol",1226,11.9342834442379
"gpt-6-sol",1227,11.0144174579613
"gpt-6-sol",1228,8.9512953858614
"gpt-6-sol",1229,11.4077358675277
"gpt-6-sol",1230,11.7123071335702
"gpt-6-sol",1231,10.3770374094115
"gpt-6-sol",1232,11.1189809410932
"gpt-6-sol",1233,12.4396327764051
"gpt-6-sol",1234,12.3587872960874
"gpt-6-sol",1235,9.25397496490537
"gpt-6-sol",1236,10.3770374094115
"gpt-6-sol",1237,9.01855090173411
"gpt-6-sol",1238,8.57654552545275
"gpt-6-sol",1239,11.4889573271642
"gpt-6-sol",1240,11.4749368391125
"gpt-6-sol",1241,9.01855090173411
"gpt-6-sol",1242,11.7575739536223
"gpt-6-sol",1243,10.828995260728
"gpt-6-sol",1244,11.4889573271642
"gpt-6-sol",1245,9.18128030287089
"gpt-6-sol",1246,10.9139934416714
"gpt-6-sol",1247,10.3770374094115
"gpt-6-sol",1248,11.7345349739644
"gpt-6-sol",1249,11.4749368391125
"gpt-6-sol",1250,11.0282332314756
"gpt-6-sol",1251,12.9213824590089
"gpt-6-sol",1252,11.8390651667017
"gpt-6-sol",1253,11.4077358675277
"gpt-6-sol",1254,13.0799679989565
"gpt-6-sol",1255,11.8942034111283
"gpt-6-sol",1256,12.1197941101265
"gpt-6-sol",1257,12.15944959441
"gpt-6-sol",1258,8.90098642614138
"gpt-6-sol",1259,12.2291471033789
"gpt-6-sol",1260,10.9331401907021
"gpt-6-sol",1261,9.08578148346793
"gpt-6-sol",1262,10.9139934416714
"gpt-6-sol",1263,11.0238203641348
"gpt-6-sol",1264,11.0610946378015
"gpt-6-sol",1265,10.828995260728
"gpt-6-sol",1266,12.5516313955605
"gpt-6-sol",1267,12.4396327764051
"gpt-6-sol",1268,10.3770374094115
"gpt-6-sol",1269,9.18128030287087
"gpt-6-sol",1270,9.11081900323771
"gpt-6-sol",1271,8.48103380150625
"gpt-6-sol",1272,10.1611679595564
"gpt-6-sol",1273,11.4077358675277
"gpt-6-sol",1274,11.4077358675277
"gpt-6-sol",1275,10.828995260728
"gpt-6-sol",1276,12.15944959441
"gpt-6-sol",1277,12.4396327764051
"gpt-6-sol",1278,11.4894564498719
"gpt-6-sol",1279,12.1197941101265
"gpt-6-sol",1280,11.6194756234405
"gpt-6-sol",1281,10.6513053803213
"gpt-6-sol",1282,12.3587872960875
"gpt-6-sol",1283,12.4414766580215
"gpt-6-sol",1284,9.18128030287087
"gpt-6-sol",1285,12.2995668992541
"gpt-6-sol",1286,12.434746969058
"gpt-6-sol",1287,5.66707164724625
"gpt-6-sol",1288,9.32393368736612
"gpt-6-sol",1289,12.0869959919141
"gpt-6-sol",1290,5.62479826335271
"gpt-6-sol",1291,9.01855090173413
"gpt-6-sol",1292,10.6513053803213
"gpt-6-sol",1293,11.4077358675277
"gpt-6-sol",1294,11.5363497174707
"gpt-6-sol",1295,11.5363497174707
"gpt-6-sol",1296,12.0482543797381
"gpt-6-sol",1297,11.184747529702
"gpt-6-sol",1298,12.5516313955605
"gpt-6-sol",1299,11.9106805203378
"gpt-6-sol",1300,11.8942034111283
"gpt-6-sol",1301,10.9331401907021
"gpt-6-sol",1302,11.3567257356092
"gpt-6-sol",1303,11.3567257356092
"gpt-6-sol",1304,12.1197941101265
"gpt-6-sol",1305,11.3567257356092
"gpt-6-sol",1306,12.4894948918491
"gpt-6-sol",1307,9.11081900323769
"gpt-6-sol",1308,14.0585599315921
"gpt-6-sol",1309,11.7809076035077
"gpt-6-sol",1310,9.11081900323769
"gpt-6-sol",1311,11.0520334122707
"gpt-6-sol",1312,11.3567257356093
"gpt-6-sol",1313,8.90098642614136
"gpt-6-sol",1314,12.4894948918491
"gpt-6-sol",1315,11.4889573271642
"gpt-6-sol",1316,12.5038798640397
"gpt-6-sol",1317,12.1197941101265
"gpt-6-sol",1318,11.8390651667017
"gpt-6-sol",1319,12.8621800093793
"gpt-6-sol",1320,11.6194756234405
"gpt-6-sol",1321,10.828995260728
"gpt-6-sol",1322,9.1108190032377
"gpt-6-sol",1323,11.0520334122707
"gpt-6-sol",1324,8.57654552545273
"gpt-6-sol",1325,5.55115672313934
"gpt-6-sol",1326,11.7345349739644
"gpt-6-sol",1327,12.6233049567609
"gpt-6-sol",1328,8.95129538586141
"gpt-6-sol",1329,12.1197941101265
"gpt-6-sol",1330,12.7235836098265
"gpt-6-sol",1331,11.9860877165037
"gpt-6-sol",1332,12.3587872960874
"gpt-6-sol",1333,8.90098642614137
"gpt-6-sol",1334,9.1108190032377
"gpt-6-sol",1335,12.9895194340547
"gpt-6-sol",1336,11.9342834442379
"gpt-6-sol",1337,9.32393368736611
"gpt-6-sol",1338,12.5516313955605
"gpt-6-sol",1339,12.1197941101265
"gpt-6-sol",1340,5.42630482878007
"gpt-6-sol",1341,12.7235836098265
"gpt-6-sol",1342,9.1108190032377
"gpt-6-sol",1343,9.29319453908226
"gpt-6-sol",1344,11.4894564498719
"gpt-6-sol",1345,11.0520334122707
"gpt-6-sol",1346,9.1241347675683
"gpt-6-sol",1347,12.4414766580215
"gpt-6-sol",1348,12.3587872960874
"gpt-6-sol",1349,12.299566899254
"gpt-6-sol",1350,11.875448514539
"gpt-6-sol",1351,12.15944959441
"gpt-6-sol",1352,12.1197941101265
"gpt-6-sol",1353,11.8390651667017
"gpt-6-sol",1354,11.7575739536223
"gpt-6-sol",1355,9.32393368736612
"gpt-6-sol",1356,8.95129538586141
"gpt-6-sol",1357,9.38531562131126
"gpt-6-sol",1358,11.7575739536223
"gpt-6-sol",1359,11.6194756234405
"gpt-6-sol",1360,12.4396327764051
"gpt-6-sol",1361,8.90098642614138
"gpt-6-sol",1362,10.3770374094115
"gpt-6-sol",1363,11.5363497174707
"gpt-6-sol",1364,9.12413476756831
"gpt-6-sol",1365,12.2291471033789
"gpt-6-sol",1366,13.2695280047149
"gpt-6-sol",1367,9.01855090173411
"gpt-6-sol",1368,11.8942034111283
"gpt-6-sol",1369,11.1189809410932
"gpt-6-sol",1370,11.4889573271642
"gpt-6-sol",1371,11.7123071335702
"gpt-6-sol",1372,10.9139934416714
"gpt-6-sol",1373,8.90098642614138
"gpt-6-sol",1374,8.95129538586141
"gpt-6-sol",1375,9.34687435483213
"gpt-6-sol",1376,12.4084720034984
"gpt-6-sol",1377,5.31639700130234
"gpt-6-sol",1378,10.6513053803213
"gpt-6-sol",1379,12.9895194340547
"gpt-6-sol",1380,11.4077358675277
"gpt-6-sol",1381,9.34687435483215
"gpt-6-sol",1382,9.1241347675683
"gpt-6-sol",1383,7.86828782019598
"gpt-6-sol",1384,11.3567257356092
"gpt-6-sol",1385,11.4077358675277
"gpt-6-sol",1386,11.4894564498719
"gpt-6-sol",1387,12.5516313955605
"gpt-6-sol",1388,12.3587872960875
"gpt-6-sol",1389,11.6194756234404
"gpt-6-sol",1390,11.0610946378015
"gpt-6-sol",1391,12.0482543797381
"gpt-6-sol",1392,11.4889573271642
"gpt-6-sol",1393,11.5363497174707
"gpt-6-sol",1394,8.97614583317255
"gpt-6-sol",1395,11.8390651667017
"gpt-6-sol",1396,11.8757242843888
"gpt-6-sol",1397,12.505742419346
"gpt-6-sol",1398,12.4078419689602
"gpt-6-sol",1399,10.9139934416714
"gpt-6-sol",1400,10.9139934416714
"gpt-6-sol",1401,9.32393368736613
"gpt-6-sol",1402,8.58256774719982
"gpt-6-sol",1403,10.7508648827917
"gpt-6-sol",1404,11.3567257356092
"gpt-6-sol",1405,12.1882429678845
"gpt-6-sol",1406,9.08578148346793
"gpt-6-sol",1407,8.57654552545275
"gpt-6-sol",1408,12.4078419689603
"gpt-6-sol",1409,11.4077358675277
"gpt-6-sol",1410,12.15944959441
"gpt-6-sol",1411,12.3587872960874
"gpt-6-sol",1412,11.7809076035077
"gpt-6-sol",1413,11.1189809410932
"gpt-6-sol",1414,11.7990365631842
"gpt-6-sol",1415,10.2406699478174
"gpt-6-sol",1416,5.26140716570687
"gpt-6-sol",1417,12.90932140188
"gpt-6-sol",1418,8.97614583317253
"gpt-6-sol",1419,11.7845954209552
"gpt-6-sol",1420,7.86828782019598
"gpt-6-sol",1421,9.08578148346796
"gpt-6-sol",1422,11.3567257356093
"gpt-6-sol",1423,9.32393368736612
"gpt-6-sol",1424,9.11081900323769
"gpt-6-sol",1425,12.4084720034984
"gpt-6-sol",1426,11.7345349739644
"gpt-6-sol",1427,10.6513053803213
"gpt-6-sol",1428,11.5363497174707
"gpt-6-sol",1429,10.7508648827917
"gpt-6-sol",1430,11.4889573271642
"gpt-6-sol",1431,10.828995260728
"gpt-6-sol",1432,12.0869959919141
"gpt-6-sol",1433,11.4749368391125
"gpt-6-sol",1434,12.9213824590089
"gpt-6-sol",1435,11.9480323581064
"gpt-6-sol",1436,8.90098642614138
"gpt-6-sol",1437,11.7990365631842
"gpt-6-sol",1438,13.2695280047149
"gpt-6-sol",1439,9.25397496490537
"gpt-6-sol",1440,11.4749368391125
"gpt-6-sol",1441,11.4749368391125
"gpt-6-sol",1442,10.3424746017776
"gpt-6-sol",1443,12.4894948918491
"gpt-6-sol",1444,9.11081900323769
"gpt-6-sol",1445,12.4396327764051
"gpt-6-sol",1446,11.6194756234404
"gpt-6-sol",1447,11.4077358675277
"gpt-6-sol",1448,11.8390651667017
"gpt-6-sol",1449,11.4077358675277
"gpt-6-sol",1450,10.6126662557847
"gpt-6-sol",1451,10.9139934416714
"gpt-6-sol",1452,12.4084720034984
"gpt-6-sol",1453,11.0282332314756
"gpt-6-sol",1454,11.7345349739644
"gpt-6-sol",1455,11.3567257356092
"gpt-6-sol",1456,9.12413476756831
"gpt-6-sol",1457,11.5363497174707
"gpt-6-sol",1458,11.0520334122707
"gpt-6-sol",1459,11.0520334122707
"gpt-6-sol",1460,9.25397496490536
"gpt-6-sol",1461,11.4889573271642
"gpt-6-sol",1462,11.7123071335702
"gpt-6-sol",1463,8.57654552545274
"gpt-6-sol",1464,11.4894564498719
"gpt-6-sol",1465,5.55115672313934
"gpt-6-sol",1466,9.34687435483215
"gpt-6-sol",1467,9.1108190032377
"gpt-6-sol",1468,12.4396327764051
"gpt-6-sol",1469,8.90098642614137
"gpt-6-sol",1470,12.2291471033789
"gpt-6-sol",1471,10.828995260728
"gpt-6-sol",1472,10.9331401907021
"gpt-6-sol",1473,11.0520334122707
"gpt-6-sol",1474,8.90098642614137
"gpt-6-sol",1475,9.38531562131127
"gpt-6-sol",1476,11.4894564498719
"gpt-6-sol",1477,12.7235836098265
"gpt-6-sol",1478,12.7235836098265
"gpt-6-sol",1479,5.49487034426035
"gpt-6-sol",1480,11.7575739536223
"gpt-6-sol",1481,12.2291471033789
"gpt-6-sol",1482,12.0482543797381
"gpt-6-sol",1483,12.1197941101265
"gpt-6-sol",1484,11.0520334122707
"gpt-6-sol",1485,11.4889573271642
"gpt-6-sol",1486,9.25397496490535
"gpt-6-sol",1487,11.184747529702
"gpt-6-sol",1488,10.1611679595564
"gpt-6-sol",1489,10.9139934416714
"gpt-6-sol",1490,12.4396327764051
"gpt-6-sol",1491,10.6169435932083
"gpt-6-sol",1492,12.9895194340548
"gpt-6-sol",1493,11.7809076035077
"gpt-6-sol",1494,11.3567257356092
"gpt-6-sol",1495,10.828995260728
"gpt-6-sol",1496,9.25397496490537
"gpt-6-sol",1497,12.4396327764051
"gpt-6-sol",1498,12.1197941101265
"gpt-6-sol",1499,11.0144174579613
"gpt-6-sol",1500,12.4396327764051
"gpt-6-sol",1501,8.90098642614138
"gpt-6-sol",1502,12.0482543797381
"gpt-6-sol",1503,8.57654552545275
"gpt-6-sol",1504,9.10041281481047
"gpt-6-sol",1505,11.5363497174707
"gpt-6-sol",1506,12.0482543797381
"gpt-6-sol",1507,10.828995260728
"gpt-6-sol",1508,11.4894564498719
"gpt-6-sol",1509,8.95129538586141
"gpt-6-sol",1510,9.29319453908226
"gpt-6-sol",1511,12.6233049567609
"gpt-6-sol",1512,11.8075962907188
"gpt-6-sol",1513,11.1189809410932
"gpt-6-sol",1514,5.62479826335274
"gpt-6-sol",1515,9.1108190032377
"gpt-6-sol",1516,11.7575739536223
"gpt-6-sol",1517,12.4414766580215
"gpt-6-sol",1518,11.0144174579613
"gpt-6-sol",1519,8.90098642614138
"gpt-6-sol",1520,5.49487034426035
"gpt-6-sol",1521,9.11081900323769
"gpt-6-sol",1522,10.7153750528176
"gpt-6-sol",1523,11.9860877165037
"gpt-6-sol",1524,11.4077358675277
"gpt-6-sol",1525,11.6194756234404
"gpt-6-sol",1526,9.18128030287087
"gpt-6-sol",1527,11.4077358675277
"gpt-6-sol",1528,9.32393368736612
"gpt-6-sol",1529,5.61447912215709
"gpt-6-sol",1530,9.29319453908227
"gpt-6-sol",1531,12.3885772873665
"gpt-6-sol",1532,9.18128030287087
"gpt-6-sol",1533,11.875448514539
"gpt-6-sol",1534,11.0520334122707
"gpt-6-sol",1535,11.5363497174707
"gpt-6-sol",1536,9.1241347675683
"gpt-6-sol",1537,8.58256774719982
"gpt-6-sol",1538,11.7575739536223
"gpt-6-sol",1539,9.1108190032377
"gpt-6-sol",1540,9.38531562131126
"gpt-6-sol",1541,11.0610946378015
"gpt-6-sol",1542,10.9139934416714
"gpt-6-sol",1543,12.0869959919141
"gpt-6-sol",1544,10.3770374094115
"gpt-6-sol",1545,12.2385419814444
"gpt-6-sol",1546,12.3885772873665
"gpt-6-sol",1547,11.4894564498719
"gpt-6-sol",1548,11.1189809410932
"gpt-6-sol",1549,9.38531562131127
"gpt-6-sol",1550,12.90932140188
"gpt-6-sol",1551,10.9139934416714
"gpt-6-sol",1552,12.7853830710439
"gpt-6-sol",1553,11.7345349739644
"gpt-6-sol",1554,8.9009864261414
"gpt-6-sol",1555,11.0520334122707
"gpt-6-sol",1556,9.11081900323769
"gpt-6-sol",1557,12.2995668992541
"gpt-6-sol",1558,9.12413476756829
"gpt-6-sol",1559,12.4396327764051
"gpt-6-sol",1560,9.29319453908229
"gpt-6-sol",1561,10.1611679595564
"gpt-6-sol",1562,12.9300846232059
"gpt-6-sol",1563,12.4414766580215
"gpt-6-sol",1564,12.4894948918491
"gpt-6-sol",1565,12.4396327764051
"gpt-6-sol",1566,12.5516313955605
"gpt-6-sol",1567,11.4889573271642
"gpt-6-sol",1568,11.1189809410932
"gpt-6-sol",1569,9.25397496490537
"gpt-6-sol",1570,11.5363497174707
"gpt-6-sol",1571,10.2406699478174
"gpt-6-sol",1572,11.6194756234405
"gpt-6-sol",1573,10.7508648827917
"gpt-6-sol",1574,11.4130552315212
"gpt-6-sol",1575,12.4414766580215
"gpt-6-sol",1576,12.299566899254
"gpt-6-sol",1577,12.4396327764051
"gpt-6-sol",1578,10.2406699478174
"gpt-6-sol",1579,11.8390651667017
"gpt-6-sol",1580,10.9331401907021
"gpt-6-sol",1581,11.8942034111283
"gpt-6-sol",1582,11.8390651667017
"gpt-6-sol",1583,11.4889573271642
"gpt-6-sol",1584,8.97614583317253
"gpt-6-sol",1585,8.58256774719986
"gpt-6-sol",1586,8.97614583317255
"gpt-6-sol",1587,11.4894564498719
"gpt-6-sol",1588,11.4889573271642
"gpt-6-sol",1589,11.3567257356092
"gpt-6-sol",1590,12.15944959441
"gpt-6-sol",1591,5.66707164724626
"gpt-6-sol",1592,8.97614583317255
"gpt-6-sol",1593,12.15944959441
"gpt-6-sol",1594,12.15944959441
"gpt-6-sol",1595,9.38531562131125
"gpt-6-sol",1596,11.8390651667017
"gpt-6-sol",1597,12.4396327764051
"gpt-6-sol",1598,11.7575739536223
"gpt-6-sol",1599,8.9009864261414
"gpt-6-sol",1600,12.4396327764051
"gpt-6-sol",1601,12.15944959441
"gpt-6-sol",1602,9.1241347675683
"gpt-6-sol",1603,9.38531562131127
"gpt-6-sol",1604,11.0520334122707
"gpt-6-sol",1605,11.4894564498719
"gpt-6-sol",1606,8.95129538586141
"gpt-6-sol",1607,9.32393368736612
"gpt-6-sol",1608,9.01855090173412
"gpt-6-sol",1609,11.7575739536223
"gpt-6-sol",1610,11.9860877165037
"gpt-6-sol",1611,12.3587872960875
"gpt-6-sol",1612,9.08578148346794
"gpt-6-sol",1613,10.9139934416714
"gpt-6-sol",1614,12.3885772873664
"gpt-6-sol",1615,9.93942706933906
"gpt-6-sol",1616,12.3587872960874
"gpt-6-sol",1617,12.4078419689602
"gpt-6-sol",1618,10.828995260728
"gpt-6-sol",1619,12.4894948918491
"gpt-6-sol",1620,10.3770374094115
"gpt-6-sol",1621,12.2385419814444
"gpt-6-sol",1622,9.11081900323768
"gpt-6-sol",1623,10.9139934416714
"gpt-6-sol",1624,11.2052489660131
"gpt-6-sol",1625,11.7478799302834
"gpt-6-sol",1626,11.6194756234404
"gpt-6-sol",1627,12.4894948918491
"gpt-6-sol",1628,12.3587872960874
"gpt-6-sol",1629,8.95129538586141
"gpt-6-sol",1630,12.2291471033789
"gpt-6-sol",1631,12.3587872960875
"gpt-6-sol",1632,11.7345349739644
"gpt-6-sol",1633,12.7235836098265
"gpt-6-sol",1634,8.90098642614138
"gpt-6-sol",1635,10.6513053803213
"gpt-6-sol",1636,12.434746969058
"gpt-6-sol",1637,9.29319453908228
"gpt-6-sol",1638,11.7990365631842
"gpt-6-sol",1639,11.0610946378015
"gpt-6-sol",1640,11.2836580586491
"gpt-6-sol",1641,5.49487034426035
"gpt-6-sol",1642,12.90932140188
"gpt-6-sol",1643,12.3587872960874
"gpt-6-sol",1644,10.6513053803213
"gpt-6-sol",1645,11.5363497174707
"gpt-6-sol",1646,11.0144174579613
"gpt-6-sol",1647,11.4889573271642
"gpt-6-sol",1648,11.3567257356092
"gpt-6-sol",1649,12.5038798640397
"gpt-6-sol",1650,12.0482543797381
"gpt-6-sol",1651,9.01855090173411
"gpt-6-sol",1652,11.4894564498719
"gpt-6-sol",1653,11.7575739536223
"gpt-6-sol",1654,12.3587872960874
"gpt-6-sol",1655,11.5868728841996
"gpt-6-sol",1656,11.3567257356092
"gpt-6-sol",1657,0.818283858089389
"gpt-6-sol",1658,11.7990365631842
"gpt-6-sol",1659,10.9331401907021
"gpt-6-sol",1660,11.4889573271642
"gpt-6-sol",1661,9.18128030287087
"gpt-6-sol",1662,11.4894564498719
"gpt-6-sol",1663,11.7345349739644
"gpt-6-sol",1664,11.4130552315212
"gpt-6-sol",1665,9.08578148346793
"gpt-6-sol",1666,9.25397496490538
"gpt-6-sol",1667,13.7502280208706
"gpt-6-sol",1668,9.11081900323769
"gpt-6-sol",1669,9.01855090173411
"gpt-6-sol",1670,11.4077358675277
"gpt-6-sol",1671,12.4078419689603
"gpt-6-sol",1672,8.57654552545273
"gpt-6-sol",1673,11.4130552315212
"gpt-6-sol",1674,11.4894564498719
"gpt-6-sol",1675,10.7153750528175
"gpt-6-sol",1676,11.1189809410932
"gpt-6-sol",1677,10.2406699478174
"gpt-6-sol",1678,12.0482543797381
"gpt-6-sol",1679,11.7345349739644
"gpt-6-sol",1680,7.86828782019599
"gpt-6-sol",1681,9.32393368736612
"gpt-6-sol",1682,11.0610946378015
"gpt-6-sol",1683,9.08578148346793
"gpt-6-sol",1684,11.4894564498719
"gpt-6-sol",1685,5.49487034426036
"gpt-6-sol",1686,10.6126662557847
"gpt-6-sol",1687,12.2291471033789
"gpt-6-sol",1688,11.4894564498719
"gpt-6-sol",1689,12.5038798640397
"gpt-6-sol",1690,12.299566899254
"gpt-6-sol",1691,10.3770374094115
"gpt-6-sol",1692,11.1189809410932
"gpt-6-sol",1693,12.15944959441
"gpt-6-sol",1694,11.7845954209551
"gpt-6-sol",1695,9.29319453908228
"gpt-6-sol",1696,11.4791249202264
"gpt-6-sol",1697,9.18128030287092
"gpt-6-sol",1698,11.6194756234405
"gpt-6-sol",1699,12.0869959919141
"gpt-6-sol",1700,12.15944959441
"gpt-6-sol",1701,5.42630482878007
"gpt-6-sol",1702,8.95129538586141
"gpt-6-sol",1703,11.7809076035077
"gpt-6-sol",1704,10.9331401907021
"gpt-6-sol",1705,11.3567257356092
"gpt-6-sol",1706,11.7990365631842
"gpt-6-sol",1707,11.0282332314756
"gpt-6-sol",1708,5.73298219017919
"gpt-6-sol",1709,11.8390651667017
"gpt-6-sol",1710,9.18128030287087
"gpt-6-sol",1711,11.0144174579613
"gpt-6-sol",1712,11.8897117463796
"gpt-6-sol",1713,9.01855090173413
"gpt-6-sol",1714,11.0520334122707
"gpt-6-sol",1715,12.4414766580215
"gpt-6-sol",1716,8.97614583317255
"gpt-6-sol",1717,9.32393368736612
"gpt-6-sol",1718,10.6126662557847
"gpt-6-sol",1719,9.38531562131127
"gpt-6-sol",1720,11.4749368391125
"gpt-6-sol",1721,12.505742419346
"gpt-6-sol",1722,5.26140716570687
"gpt-6-sol",1723,10.9331401907021
"gpt-6-sol",1724,5.44207748799027
"gpt-6-sol",1725,12.3587872960874
"gpt-6-sol",1726,10.9139934416714
"gpt-6-sol",1727,12.2291471033789
"gpt-6-sol",1728,9.29319453908229
"gpt-6-sol",1729,10.7508648827917
"gpt-6-sol",1730,9.34687435483214
"gpt-6-sol",1731,11.3567257356092
"gpt-6-sol",1732,10.828995260728
"gpt-6-sol",1733,11.4894564498719
"gpt-6-sol",1734,2.89784753199773
"gpt-6-sol",1735,12.5038798640397
"gpt-6-sol",1736,12.2291471033789
"gpt-6-sol",1737,11.4077358675277
"gpt-6-sol",1738,11.7990365631842
"gpt-6-sol",1739,12.15944959441
"gpt-6-sol",1740,9.29319453908228
"gpt-6-sol",1741,12.4894948918491
"gpt-6-sol",1742,8.97614583317255
"gpt-6-sol",1743,12.2291471033789
"gpt-6-sol",1744,5.31639700130234
"gpt-6-sol",1745,12.5038798640397
"gpt-6-sol",1746,9.25397496490536
"gpt-6-sol",1747,11.8390651667017
"gpt-6-sol",1748,9.1108190032377
"gpt-6-sol",1749,11.7345349739644
"gpt-6-sol",1750,11.8390651667017
"gpt-6-sol",1751,10.2406699478174
"gpt-6-sol",1752,8.58256774719984
"gpt-6-sol",1753,11.7809076035077
"gpt-6-sol",1754,12.15944959441
"gpt-6-sol",1755,9.25397496490535
"gpt-6-sol",1756,11.1189809410932
"gpt-6-sol",1757,10.828995260728
"gpt-6-sol",1758,11.8684670705314
"gpt-6-sol",1759,11.0610946378015
"gpt-6-sol",1760,11.8942034111283
"gpt-6-sol",1761,10.6513053803213
"gpt-6-sol",1762,8.95129538586141
"gpt-6-sol",1763,9.18128030287092
"gpt-6-sol",1764,11.0610946378015
"gpt-6-sol",1765,9.29319453908228
"gpt-6-sol",1766,12.6233049567609
"gpt-6-sol",1767,9.1241347675683
"gpt-6-sol",1768,12.90932140188
"gpt-6-sol",1769,8.95129538586141
"gpt-6-sol",1770,11.8390651667017
"gpt-6-sol",1771,10.9139934416714
"gpt-6-sol",1772,5.73298219017919
"gpt-6-sol",1773,12.7853830710439
"gpt-6-sol",1774,10.2406699478174
"gpt-6-sol",1775,11.8684670705314
"gpt-6-sol",1776,8.57654552545272
"gpt-6-sol",1777,11.4889573271642
"gpt-6-sol",1778,12.3587872960874
"gpt-6-sol",1779,11.4077358675277
"gpt-6-sol",1780,11.4894564498719
"gpt-6-sol",1781,10.9139934416714
"gpt-6-sol",1782,9.29319453908228
"gpt-6-sol",1783,11.8897117463795
"gpt-6-sol",1784,11.8897117463796
"gpt-6-sol",1785,9.32393368736611
"gpt-6-sol",1786,12.3587872960874
"gpt-6-sol",1787,5.66707164724625
"gpt-6-sol",1788,12.3587872960875
"gpt-6-sol",1789,9.34687435483214
"gpt-6-sol",1790,8.97614583317255
"gpt-6-sol",1791,11.5363497174707
"gpt-6-sol",1792,12.7235836098265
"gpt-6-sol",1793,11.4077358675277
"gpt-6-sol",1794,9.38531562131126
"gpt-6-sol",1795,12.434746969058
"gpt-6-sol",1796,11.184747529702
"gpt-6-sol",1797,11.7345349739644
"gpt-6-sol",1798,11.7809076035077
"gpt-6-sol",1799,11.8075962907188
"gpt-6-sol",1800,10.9331401907021
"gpt-6-sol",1801,11.8897117463796
"gpt-6-sol",1802,12.3587872960874
"gpt-6-sol",1803,11.8390651667017
"gpt-6-sol",1804,11.0520334122707
"gpt-6-sol",1805,5.49487034426035
"gpt-6-sol",1806,11.3567257356092
"gpt-6-sol",1807,11.4894564498719
"gpt-6-sol",1808,11.6715570379046
"gpt-6-sol",1809,11.6194756234405
"gpt-6-sol",1810,5.44207748799031
"gpt-6-sol",1811,10.9331401907021
"gpt-6-sol",1812,8.90098642614137
"gpt-6-sol",1813,5.31639700130234
"gpt-6-sol",1814,10.3770374094115
"gpt-6-sol",1815,9.38531562131127
"gpt-6-sol",1816,11.5868728841996
"gpt-6-sol",1817,12.90932140188
"gpt-6-sol",1818,12.4078419689602
"gpt-6-sol",1819,11.4077358675277
"gpt-6-sol",1820,11.0282332314756
"gpt-6-sol",1821,10.9139934416714
"gpt-6-sol",1822,10.828995260728
"gpt-6-sol",1823,7.82773377077209
"gpt-6-sol",1824,12.0482543797381
"gpt-6-sol",1825,5.31639700130234
"gpt-6-sol",1826,11.1189809410932
"gpt-6-sol",1827,12.15944959441
"gpt-6-sol",1828,12.299566899254
"gpt-6-sol",1829,5.6247982633527
"gpt-6-sol",1830,10.3424746017776
"gpt-6-sol",1831,10.828995260728
"gpt-6-sol",1832,11.6715570379046
"gpt-6-sol",1833,12.9895194340548
"gpt-6-sol",1834,12.5038798640397
"gpt-6-sol",1835,11.5363497174707
"gpt-6-sol",1836,11.184747529702
"gpt-6-sol",1837,10.7508648827917
"gpt-6-sol",1838,8.95129538586141
"gpt-6-sol",1839,11.4894564498719
"gpt-6-sol",1840,5.44207748799029
"gpt-6-sol",1841,11.7575739536223
"gpt-6-sol",1842,10.9139934416714
"gpt-6-sol",1843,10.9331401907021
"gpt-6-sol",1844,8.90098642614137
"gpt-6-sol",1845,11.0520334122707
"gpt-6-sol",1846,11.875448514539
"gpt-6-sol",1847,10.9139934416714
"gpt-6-sol",1848,12.4396327764051
"gpt-6-sol",1849,11.0520334122707
"gpt-6-sol",1850,12.4084720034984
"gpt-6-sol",1851,10.9331401907021
"gpt-6-sol",1852,11.0520334122707
"gpt-6-sol",1853,11.9106805203378
"gpt-6-sol",1854,12.0869959919141
"gpt-6-sol",1855,10.9562592650298
"gpt-6-sol",1856,12.1197941101265
"gpt-6-sol",1857,11.0238203641348
"gpt-6-sol",1858,11.7345349739644
"gpt-6-sol",1859,12.7932949671668
"gpt-6-sol",1860,12.90932140188
"gpt-6-sol",1861,12.434746969058
"gpt-6-sol",1862,11.0282332314756
"gpt-6-sol",1863,10.9331401907021
"gpt-6-sol",1864,8.90098642614137
"gpt-6-sol",1865,7.82773377077208
"gpt-6-sol",1866,12.4078419689603
"gpt-6-sol",1867,9.10041281481047
"gpt-6-sol",1868,12.3587872960874
"gpt-6-sol",1869,11.8075962907188
"gpt-6-sol",1870,12.0869959919141
"gpt-6-sol",1871,9.29319453908229
"gpt-6-sol",1872,13.0799679989565
"gpt-6-sol",1873,12.3885772873665
"gpt-6-sol",1874,11.7575739536223
"gpt-6-sol",1875,1.62667879842545
"gpt-6-sol",1876,12.15944959441
"gpt-6-sol",1877,11.8075962907188
"gpt-6-sol",1878,12.4084720034984
"gpt-6-sol",1879,11.2052489660132
"gpt-6-sol",1880,9.25397496490535
"gpt-6-sol",1881,12.299566899254
"gpt-6-sol",1882,10.9139934416714
"gpt-6-sol",1883,8.90098642614138
"gpt-6-sol",1884,12.4414766580215
"gpt-6-sol",1885,12.4078419689602
"gpt-6-sol",1886,8.5765455254528
"gpt-6-sol",1887,8.57654552545274
"gpt-6-sol",1888,11.4130552315211
"gpt-6-sol",1889,8.90098642614135
"gpt-6-sol",1890,11.4077358675277
"gpt-6-sol",1891,12.7853830710439
"gpt-6-sol",1892,5.31639700130234
"gpt-6-sol",1893,12.1197941101265
"gpt-6-sol",1894,10.828995260728
"gpt-6-sol",1895,12.1882429678845
"gpt-6-sol",1896,13.2682410539236
"gpt-6-sol",1897,12.7853830710439
"gpt-6-sol",1898,8.58256774719984
"gpt-6-sol",1899,12.90932140188
"gpt-6-sol",1900,10.9331401907021
"gpt-6-sol",1901,11.7845954209552
"gpt-6-sol",1902,12.3885772873664
"gpt-6-sol",1903,11.875448514539
"gpt-6-sol",1904,12.7235836098265
"gpt-6-sol",1905,11.0610946378015
"gpt-6-sol",1906,11.3567257356092
"gpt-6-sol",1907,10.9562592650298
"gpt-6-sol",1908,11.4791249202264
"gpt-6-sol",1909,12.4396327764051
"gpt-6-sol",1910,10.6513053803212
"gpt-6-sol",1911,12.1197941101265
"gpt-6-sol",1912,8.48103380150628
"gpt-6-sol",1913,11.2836580586491
"gpt-6-sol",1914,11.7345349739644
"gpt-6-sol",1915,9.25397496490537
"gpt-6-sol",1916,11.7345349739644
"gpt-6-sol",1917,12.4078419689602
"gpt-6-sol",1918,12.4396327764051
"gpt-6-sol",1919,12.0482543797381
"gpt-6-sol",1920,11.7345349739644
"gpt-6-sol",1921,9.38531562131127
"gpt-6-sol",1922,8.90098642614138
"gpt-6-sol",1923,12.4078419689602
"gpt-6-sol",1924,11.4889573271642
"gpt-6-sol",1925,10.7508648827917
"gpt-6-sol",1926,9.25397496490537
"gpt-6-sol",1927,11.4894564498719
"gpt-6-sol",1928,9.25397496490537
"gpt-6-sol",1929,12.4396327764051
"gpt-6-sol",1930,11.6194756234405
"gpt-6-sol",1931,9.38531562131127
"gpt-6-sol",1932,10.828995260728
"gpt-6-sol",1933,9.32393368736613
"gpt-6-sol",1934,9.25397496490538
"gpt-6-sol",1935,12.3885772873664
"gpt-6-sol",1936,10.6513053803212
"gpt-6-sol",1937,11.4894564498719
"gpt-6-sol",1938,9.08578148346794
"gpt-6-sol",1939,9.38531562131127
"gpt-6-sol",1940,7.86828782019598
"gpt-6-sol",1941,10.9331401907021
"gpt-6-sol",1942,11.3567257356092
"gpt-6-sol",1943,2.89784753199774
"gpt-6-sol",1944,2.50923687922556
"gpt-6-sol",1945,13.7502280208706
"gpt-6-sol",1946,11.7575739536223
"gpt-6-sol",1947,9.32393368736613
"gpt-6-sol",1948,11.0282332314756
"gpt-6-sol",1949,12.4414766580215
"gpt-6-sol",1950,11.4077358675277
"gpt-6-sol",1951,11.6194756234405
"gpt-6-sol",1952,11.184747529702
"gpt-6-sol",1953,11.8390651667017
"gpt-6-sol",1954,10.6513053803212
"gpt-6-sol",1955,10.9562592650298
"gpt-6-sol",1956,8.90098642614137
"gpt-6-sol",1957,13.0799679989565
"gpt-6-sol",1958,10.9139934416714
"gpt-6-sol",1959,9.25397496490537
"gpt-6-sol",1960,11.4894564498719
"gpt-6-sol",1961,10.7508648827917
"gpt-6-sol",1962,13.0799679989565
"gpt-6-sol",1963,11.7809076035077
"gpt-6-sol",1964,12.9895194340548
"gpt-6-sol",1965,11.8075962907188
"gpt-6-sol",1966,10.7508648827917
"gpt-6-sol",1967,11.7123071335702
"gpt-6-sol",1968,10.1611679595564
"gpt-6-sol",1969,5.44207748799032
"gpt-6-sol",1970,8.97614583317255
"gpt-6-sol",1971,12.4396327764051
"gpt-6-sol",1972,10.9331401907021
"gpt-6-sol",1973,11.7345349739644
"gpt-6-sol",1974,11.9860877165037
"gpt-6-sol",1975,8.58256774719981
"gpt-6-sol",1976,12.4078419689602
"gpt-6-sol",1977,11.0520334122707
"gpt-6-sol",1978,12.0482543797381
"gpt-6-sol",1979,10.6513053803212
"gpt-6-sol",1980,11.0282332314756
"gpt-6-sol",1981,9.32393368736613
"gpt-6-sol",1982,10.3770374094115
"gpt-6-sol",1983,11.4077358675277
"gpt-6-sol",1984,11.4077358675277
"gpt-6-sol",1985,9.18128030287088
"gpt-6-sol",1986,5.6247982633527
"gpt-6-sol",1987,10.9331401907021
"gpt-6-sol",1988,9.1108190032377
"gpt-6-sol",1989,10.1611679595564
"gpt-6-sol",1990,10.7153750528175
"gpt-6-sol",1991,12.3885772873665
"gpt-6-sol",1992,11.7809076035077
"gpt-6-sol",1993,12.15944959441
"gpt-6-sol",1994,13.7502280208706
"gpt-6-sol",1995,11.0520334122707
"gpt-6-sol",1996,12.4894948918491
"gpt-6-sol",1997,10.7153750528175
"gpt-6-sol",1998,12.3885772873664
"gpt-6-sol",1999,12.15944959441
"gpt-6-sol",2000,9.32393368736613
"gpt-6-sol",2001,13.0799679989565
"gpt-6-sol",2002,10.7153750528175
"gpt-6-sol",2003,8.57654552545275
"gpt-6-sol",2004,12.1197941101265
"gpt-6-sol",2005,11.0520334122707
"gpt-6-sol",2006,9.18128030287088
"gpt-6-sol",2007,12.3587872960875
"gpt-6-sol",2008,9.32393368736614
"gpt-6-sol",2009,8.9009864261414
"gpt-6-sol",2010,10.828995260728
"gpt-6-sol",2011,11.184747529702
"gpt-6-sol",2012,10.3424746017776
"gpt-6-sol",2013,12.5516313955605
"gpt-6-sol",2014,9.29319453908228
"gpt-6-sol",2015,8.95129538586142
"gpt-6-sol",2016,13.2695280047149
"gpt-6-sol",2017,12.4396327764051
"gpt-6-sol",2018,12.4414766580215
"gpt-6-sol",2019,12.299566899254
"gpt-6-sol",2020,11.0520334122707
"gpt-6-sol",2021,10.3770374094115
"gpt-6-sol",2022,10.6513053803213
"gpt-6-sol",2023,11.0610946378015
"gpt-6-sol",2024,12.5038798640397
"gpt-6-sol",2025,11.7990365631842
"gpt-6-sol",2026,8.95129538586142
"gpt-6-sol",2027,12.15944959441
"gpt-6-sol",2028,8.9009864261414
"gpt-6-sol",2029,11.7845954209552
"gpt-6-sol",2030,11.0520334122707
"gpt-6-sol",2031,12.4084720034984
"gpt-6-sol",2032,12.0869959919141
"gpt-6-sol",2033,11.4894564498719
"gpt-6-sol",2034,9.1108190032377
"gpt-6-sol",2035,11.1189809410932
"gpt-6-sol",2036,9.08578148346792
"gpt-6-sol",2037,12.1752843591302
"gpt-6-sol",2038,5.73298219017921
"gpt-6-sol",2039,10.828995260728
"gpt-6-sol",2040,9.38531562131126
"gpt-6-sol",2041,11.7809076035077
"gpt-6-sol",2042,11.0520334122707
"gpt-6-sol",2043,11.4077358675277
"gpt-6-sol",2044,11.7575739536223
"gpt-6-sol",2045,12.3587872960875
"gpt-6-sol",2046,11.0282332314756
"gpt-6-sol",2047,11.4889573271642
"gpt-6-sol",2048,12.4894948918491
"gpt-6-sol",2049,11.4894564498719
"gpt-6-sol",2050,11.4077358675277
"gpt-6-sol",2051,12.4078419689603
"gpt-6-sol",2052,5.55115672313935
"gpt-6-sol",2053,12.4396327764051
"gpt-6-sol",2054,12.6233049567609
"gpt-6-sol",2055,9.29319453908226
"gpt-6-sol",2056,11.4791249202264
"gpt-6-sol",2057,11.6194756234405
"gpt-6-sol",2058,11.4077358675277
"gpt-6-sol",2059,11.4077358675277
"gpt-6-sol",2060,8.97614583317255
"gpt-6-sol",2061,11.4130552315212
"gpt-6-sol",2062,9.11081900323769
"gpt-6-sol",2063,12.4894948918491
"gpt-6-sol",2064,5.66707164724627
"gpt-6-sol",2065,11.9860877165037
"gpt-6-sol",2066,11.8684670705314
"gpt-6-sol",2067,9.01855090173413
"gpt-6-sol",2068,9.11081900323769
"gpt-6-sol",2069,11.7990365631842
"gpt-6-sol",2070,11.6194756234405
"gpt-6-sol",2071,10.3424746017776
"gpt-6-sol",2072,11.7990365631842
"gpt-6-sol",2073,10.3424746017776
"gpt-6-sol",2074,11.7345349739644
"gpt-6-sol",2075,5.61447912215707
"gpt-6-sol",2076,11.0282332314756
"gpt-6-sol",2077,12.90932140188
"gpt-6-sol",2078,11.184747529702
"gpt-6-sol",2079,11.7345349739644
"gpt-6-sol",2080,10.7508648827917
"gpt-6-sol",2081,11.4077358675277
"gpt-6-sol",2082,11.4077358675277
"gpt-6-sol",2083,9.18128030287087
"gpt-6-sol",2084,9.01855090173413
"gpt-6-sol",2085,12.4084720034984
"gpt-6-sol",2086,9.32393368736613
"gpt-6-sol",2087,11.4077358675277
"gpt-6-sol",2088,12.15944959441
"gpt-6-sol",2089,9.18128030287087
"gpt-6-sol",2090,10.6126662557847
"gpt-6-sol",2091,10.3770374094115
"gpt-6-sol",2092,7.82773377077208
"gpt-6-sol",2093,12.4078419689603
"gpt-6-sol",2094,11.6194756234405
"gpt-6-sol",2095,11.7990365631842
"gpt-6-sol",2096,5.42630482878006
"gpt-6-sol",2097,12.1197941101265
"gpt-6-sol",2098,11.7345349739644
"gpt-6-sol",2099,11.7575739536223
"gpt-6-sol",2100,5.55115672313935
"gpt-6-sol",2101,8.58256774719984
"gpt-6-sol",2102,8.95129538586142
"gpt-6-sol",2103,12.4396327764051
"gpt-6-sol",2104,12.4078419689603
"gpt-6-sol",2105,11.5363497174707
"gpt-6-sol",2106,12.4396327764051
"gpt-6-sol",2107,5.55115672313934
"gpt-6-sol",2108,12.5038798640397
"gpt-6-sol",2109,11.6194756234405
"gpt-6-sol",2110,11.7990365631842
"gpt-6-sol",2111,11.7478799302834
"gpt-6-sol",2112,12.4894948918491
"gpt-6-sol",2113,11.0144174579613
"gpt-6-sol",2114,11.4077358675277
"gpt-6-sol",2115,10.6513053803213
"gpt-6-sol",2116,11.5363497174707
"gpt-6-sol",2117,10.9139934416714
"gpt-6-sol",2118,9.10041281481042
"gpt-6-sol",2119,5.31639700130234
"gpt-6-sol",2120,11.5363497174707
"gpt-6-sol",2121,9.38531562131127
"gpt-6-sol",2122,11.1189809410932
"gpt-6-sol",2123,12.4414766580215
"gpt-6-sol",2124,11.5363497174707
"gpt-6-sol",2125,5.31639700130234
"gpt-6-sol",2126,5.66707164724626
"gpt-6-sol",2127,11.0282332314756
"gpt-6-sol",2128,10.7153750528175
"gpt-6-sol",2129,9.25397496490536
"gpt-6-sol",2130,11.4889573271642
"gpt-6-sol",2131,9.34687435483213
"gpt-6-sol",2132,12.8621800093793
"gpt-6-sol",2133,11.3567257356092
"gpt-6-sol",2134,12.15944959441
"gpt-6-sol",2135,11.4889573271642
"gpt-6-sol",2136,11.5363497174707
"gpt-6-sol",2137,11.9480323581063
"gpt-6-sol",2138,8.97614583317255
"gpt-6-sol",2139,11.4077358675277
"gpt-6-sol",2140,12.434746969058
"gpt-6-sol",2141,9.29319453908228
"gpt-6-sol",2142,12.299566899254
"gpt-6-sol",2143,11.7123071335702
"gpt-6-sol",2144,11.4749368391125
"gpt-6-sol",2145,11.4077358675277
"gpt-6-sol",2146,12.4396327764051
"gpt-6-sol",2147,12.0482543797381
"gpt-6-sol",2148,5.31639700130234
"gpt-6-sol",2149,11.7478799302834
"gpt-6-sol",2150,2.89784753199773
"gpt-6-sol",2151,5.55115672313935
"gpt-6-sol",2152,12.7853830710439
"gpt-6-sol",2153,11.0282332314756
"gpt-6-sol",2154,11.7345349739644
"gpt-6-sol",2155,11.1189809410932
"gpt-6-sol",2156,11.9106805203378
"gpt-6-sol",2157,11.7575739536223
"gpt-6-sol",2158,12.3587872960874
"gpt-6-sol",2159,11.0282332314756
"gpt-6-sol",2160,10.7508648827917
"gpt-6-sol",2161,1.62667879842545
"gpt-6-sol",2162,11.4791249202264
"gpt-6-sol",2163,10.828995260728
"gpt-6-sol",2164,11.5363497174707
"gpt-6-sol",2165,8.97614583317256
"gpt-6-sol",2166,12.0482543797381
"gpt-6-sol",2167,11.4077358675277
"gpt-6-sol",2168,12.3885772873664
"gpt-6-sol",2169,9.38531562131128
"gpt-6-sol",2170,9.38531562131127
"gpt-6-sol",2171,11.0282332314756
"gpt-6-sol",2172,9.0185509017341
"gpt-6-sol",2173,12.7853830710439
"gpt-6-sol",2174,13.2682410539236
"gpt-6-sol",2175,11.7990365631842
"gpt-6-sol",2176,11.0282332314756
"gpt-6-sol",2177,11.8390651667017
"gpt-6-sol",2178,11.3567257356092
"gpt-6-sol",2179,12.4078419689602
"gpt-6-sol",2180,11.3567257356092
"gpt-6-sol",2181,11.5363497174707
"gpt-6-sol",2182,12.0482543797381
"gpt-6-sol",2183,8.57654552545275
"gpt-6-sol",2184,12.4084720034984
"gpt-6-sol",2185,12.4078419689602
"gpt-6-sol",2186,12.15944959441
"gpt-6-sol",2187,8.97614583317254
"gpt-6-sol",2188,12.8621800093793
"gpt-6-sol",2189,5.61447912215709
"gpt-6-sol",2190,11.7478799302834
"gpt-6-sol",2191,9.10041281481047
"gpt-6-sol",2192,11.0144174579613
"gpt-6-sol",2193,11.3567257356092
"gpt-6-sol",2194,11.3567257356092
"gpt-6-sol",2195,11.7990365631842
"gpt-6-sol",2196,12.0482543797381
"gpt-6-sol",2197,9.34687435483212
"gpt-6-sol",2198,11.4889573271642
"gpt-6-sol",2199,11.9106805203378
"gpt-6-sol",2200,8.9009864261414
"gpt-6-sol",2201,12.3587872960875
"gpt-6-sol",2202,8.90098642614138
"gpt-6-sol",2203,12.4078419689602
"gpt-6-sol",2204,12.5516313955605
"gpt-6-sol",2205,12.4084720034984
"gpt-6-sol",2206,9.29319453908227
"gpt-6-sol",2207,11.4894564498719
"gpt-6-sol",2208,13.0799679989565
"gpt-6-sol",2209,10.3424746017776
"gpt-6-sol",2210,12.90932140188
"gpt-6-sol",2211,9.18128030287087
"gpt-6-sol",2212,12.9895194340548
"gpt-6-sol",2213,9.34687435483213
"gpt-6-sol",2214,11.5363497174707
"gpt-6-sol",2215,11.7575739536223
"gpt-6-sol",2216,11.2052489660132
"gpt-6-sol",2217,11.0282332314756
"gpt-6-sol",2218,12.3587872960875
"gpt-6-sol",2219,11.7990365631842
"gpt-6-sol",2220,11.7845954209551
"gpt-6-sol",2221,11.7345349739644
"gpt-6-sol",2222,12.1197941101265
"gpt-6-sol",2223,11.875448514539
"gpt-6-sol",2224,11.7345349739644
"gpt-6-sol",2225,11.0520334122707
"gpt-6-sol",2226,11.4894564498719
"gpt-6-sol",2227,12.5038798640397
"gpt-6-sol",2228,11.7990365631842
"gpt-6-sol",2229,8.9009864261414
"gpt-6-sol",2230,11.4077358675277
"gpt-6-sol",2231,12.434746969058
"gpt-6-sol",2232,12.3587872960875
"gpt-6-sol",2233,8.95129538586141
"gpt-6-sol",2234,9.12413476756831
"gpt-6-sol",2235,11.4889573271642
"gpt-6-sol",2236,9.01855090173412
"gpt-6-sol",2237,12.3885772873664
"gpt-6-sol",2238,12.3587872960874
"gpt-6-sol",2239,12.90932140188
"gpt-6-sol",2240,11.1189809410932
"gpt-6-sol",2241,10.6513053803213
"gpt-6-sol",2242,12.4414766580215
"gpt-6-sol",2243,12.4084720034984
"gpt-6-sol",2244,9.08578148346794
"gpt-6-sol",2245,11.4077358675277
"gpt-6-sol",2246,11.7345349739644
"gpt-6-sol",2247,7.86828782019598
"gpt-6-sol",2248,8.48103380150628
"gpt-6-sol",2249,11.5363497174707
"gpt-6-sol",2250,9.18128030287087
"gpt-6-sol",2251,9.18128030287087
"gpt-6-sol",2252,10.828995260728
"gpt-6-sol",2253,10.7508648827917
"gpt-6-sol",2254,11.4894564498719
"gpt-6-sol",2255,12.4414766580215
"gpt-6-sol",2256,11.7345349739644
"gpt-6-sol",2257,11.7990365631842
"gpt-6-sol",2258,12.1197941101265
"gpt-6-sol",2259,11.0610946378015
"gpt-6-sol",2260,13.0799679989565
"gpt-6-sol",2261,11.7844231310787
"gpt-6-sol",2262,10.828995260728
"gpt-6-sol",2263,11.4889573271642
"gpt-6-sol",2264,10.3424746017776
"gpt-6-sol",2265,11.4130552315211
"gpt-6-sol",2266,11.7809076035077
"gpt-6-sol",2267,12.0482543797381
"gpt-6-sol",2268,11.7123071335702
"gpt-6-sol",2269,12.7235836098265
"gpt-6-sol",2270,11.4894564498719
"gpt-6-sol",2271,11.4077358675277
"gpt-6-sol",2272,10.9331401907021
"gpt-6-sol",2273,12.8621800093793
"gpt-6-sol",2274,10.2406699478174
"gpt-6-sol",2275,9.25397496490536
"gpt-6-sol",2276,12.7235836098265
"gpt-6-sol",2277,11.5868728841996
"gpt-6-sol",2278,11.9860877165037
"gpt-6-sol",2279,12.15944959441
"gpt-6-sol",2280,10.9139934416714
"gpt-6-sol",2281,10.9139934416714
"gpt-6-sol",2282,11.4889573271642
"gpt-6-sol",2283,11.69159792513
"gpt-6-sol",2284,11.7990365631842
"gpt-6-sol",2285,11.8075962907188
"gpt-6-sol",2286,11.0282332314756
"gpt-6-sol",2287,10.6513053803212
"gpt-6-sol",2288,12.90932140188
"gpt-6-sol",2289,10.6513053803213
"gpt-6-sol",2290,10.7153750528175
"gpt-6-sol",2291,9.1241347675683
"gpt-6-sol",2292,11.9860877165037
"gpt-6-sol",2293,12.4078419689603
"gpt-6-sol",2294,11.4077358675277
"gpt-6-sol",2295,11.7990365631842
"gpt-6-sol",2296,11.0610946378015
"gpt-6-sol",2297,9.38531562131127
"gpt-6-sol",2298,11.0520334122707
"gpt-6-sol",2299,9.25397496490536
"gpt-6-sol",2300,11.6194756234405
"gpt-6-sol",2301,11.184747529702
"gpt-6-sol",2302,10.6513053803213
"gpt-6-sol",2303,12.4414766580215
"gpt-6-sol",2304,12.1197941101265
"gpt-6-sol",2305,11.6194756234405
"gpt-6-sol",2306,11.4894564498719
"gpt-6-sol",2307,10.9331401907021
"gpt-6-sol",2308,7.86828782019599
"gpt-6-sol",2309,12.4894948918491
"gpt-6-sol",2310,10.828995260728
"gpt-6-sol",2311,11.6715570379046
"gpt-6-sol",2312,12.15944959441
"gpt-6-sol",2313,10.6126662557847
"gpt-6-sol",2314,10.6126662557847
"gpt-6-sol",2315,11.4889573271642
"gpt-6-sol",2316,11.7990365631842
"gpt-6-sol",2317,11.4077358675277
"gpt-6-sol",2318,11.5363497174707
"gpt-6-sol",2319,10.9139934416714
"gpt-6-sol",2320,11.4077358675277
"gpt-6-sol",2321,11.7809076035077
"gpt-6-sol",2322,11.7990365631842
"gpt-6-sol",2323,5.26140716570688
"gpt-6-sol",2324,11.7123071335702
"gpt-6-sol",2325,10.7508648827917
"gpt-6-sol",2326,9.11081900323771
"gpt-6-sol",2327,11.4130552315212
"gpt-6-sol",2328,9.34687435483217
"gpt-6-sol",2329,11.3567257356092
"gpt-6-sol",2330,9.18128030287087
"gpt-6-sol",2331,11.2052489660131
"gpt-6-sol",2332,10.828995260728
"gpt-6-sol",2333,11.0144174579613
"gpt-6-sol",2334,11.7345349739644
"gpt-6-sol",2335,11.7345349739644
"gpt-6-sol",2336,9.10041281481041
"gpt-6-sol",2337,9.08578148346793
"gpt-6-sol",2338,11.8390651667017
"gpt-6-sol",2339,10.7508648827917
"gpt-6-sol",2340,11.0144174579613
"gpt-6-sol",2341,11.7575739536223
"gpt-6-sol",2342,11.0282332314756
"gpt-6-sol",2343,12.4414766580215
"gpt-6-sol",2344,12.4078419689603
"gpt-6-sol",2345,12.0869959919141
"gpt-6-sol",2346,12.434746969058
"gpt-6-sol",2347,8.9512953858614
"gpt-6-sol",2348,10.7508648827917
"gpt-6-sol",2349,12.9895194340548
"gpt-6-sol",2350,12.0482543797381
"gpt-6-sol",2351,11.1189809410932
"gpt-6-sol",2352,11.6386798720127
"gpt-6-sol",2353,11.3567257356092
"gpt-6-sol",2354,11.4077358675277
"gpt-6-sol",2355,9.01855090173412
"gpt-6-sol",2356,5.55115672313935
"gpt-6-sol",2357,5.61447912215706
"gpt-6-sol",2358,11.5363497174707
"gpt-6-sol",2359,12.299566899254
"gpt-6-sol",2360,11.4889573271642
"gpt-6-sol",2361,12.2291471033789
"gpt-6-sol",2362,9.32393368736613
"gpt-6-sol",2363,10.9331401907021
"gpt-6-sol",2364,10.1611679595564
"gpt-6-sol",2365,12.4894948918491
"gpt-6-sol",2366,12.1197941101265
"gpt-6-sol",2367,5.73298219017919
"gpt-6-sol",2368,12.15944959441
"gpt-6-sol",2369,10.828995260728
"gpt-6-sol",2370,10.6513053803213
"gpt-6-sol",2371,8.95129538586141
"gpt-6-sol",2372,10.9331401907021
"gpt-6-sol",2373,11.4749368391125
"gpt-6-sol",2374,11.7345349739644
"gpt-6-sol",2375,9.38531562131127
"gpt-6-sol",2376,8.97614583317254
"gpt-6-sol",2377,11.4791249202264
"gpt-6-sol",2378,12.1197941101265
"gpt-6-sol",2379,9.11081900323768
"gpt-6-sol",2380,5.49487034426035
"gpt-6-sol",2381,10.7508648827917
"gpt-6-sol",2382,9.34687435483213
"gpt-6-sol",2383,10.3424746017776
"gpt-6-sol",2384,13.2695280047149
"gpt-6-sol",2385,11.7575739536223
"gpt-6-sol",2386,9.25397496490538
"gpt-6-sol",2387,11.0520334122707
"gpt-6-sol",2388,11.4889573271642
"gpt-6-sol",2389,12.7853830710439
"gpt-6-sol",2390,11.4894564498719
"gpt-6-sol",2391,11.3567257356092
"gpt-6-sol",2392,11.8942034111283
"gpt-6-sol",2393,1.62667879842542
"gpt-6-sol",2394,11.6194756234405
"gpt-6-sol",2395,12.2385419814444
"gpt-6-sol",2396,12.15944959441
"gpt-6-sol",2397,5.61447912215709
"gpt-6-sol",2398,9.32393368736613
"gpt-6-sol",2399,12.7932949671669
"gpt-6-sol",2400,9.01855090173411
"gpt-6-sol",2401,12.4396327764051
"gpt-6-sol",2402,9.08578148346794
"gpt-6-sol",2403,11.1189809410932
"gpt-6-sol",2404,10.7508648827917
"gpt-6-sol",2405,12.4084720034984
"gpt-6-sol",2406,7.86828782019598
"gpt-6-sol",2407,11.1189809410932
"gpt-6-sol",2408,11.6194756234405
"gpt-6-sol",2409,10.9331401907021
"gpt-6-sol",2410,10.828995260728
"gpt-6-sol",2411,12.5516313955605
"gpt-6-sol",2412,8.57654552545274
"gpt-6-sol",2413,12.4078419689602
"gpt-6-sol",2414,11.4077358675277
"gpt-6-sol",2415,11.4889573271643
"gpt-6-sol",2416,9.1108190032377
"gpt-6-sol",2417,11.4077358675277
"gpt-6-sol",2418,12.0869959919141
"gpt-6-sol",2419,12.3885772873664
"gpt-6-sol",2420,12.7853830710439
"gpt-6-sol",2421,12.1197941101265
"gpt-6-sol",2422,9.1108190032377
"gpt-6-sol",2423,11.4077358675277
"gpt-6-sol",2424,8.90098642614136
"gpt-6-sol",2425,12.1882429678845
"gpt-6-sol",2426,5.55115672313934
"gpt-6-sol",2427,10.7508648827917
"gpt-6-sol",2428,9.25397496490537
"gpt-6-sol",2429,12.9213824590089
"gpt-6-sol",2430,10.828995260728
"gpt-6-sol",2431,9.29319453908228
"gpt-6-sol",2432,10.9331401907021
"gpt-6-sol",2433,11.0520334122707
"gpt-6-sol",2434,12.4894948918491
"gpt-6-sol",2435,11.4889573271643
"gpt-6-sol",2436,12.2385419814444
"gpt-6-sol",2437,12.1197941101265
"gpt-6-sol",2438,11.5363497174707
"gpt-6-sol",2439,12.15944959441
"gpt-6-sol",2440,11.4077358675277
"gpt-6-sol",2441,11.7345349739644
"gpt-6-sol",2442,11.4894564498719
"gpt-6-sol",2443,9.01855090173413
"gpt-6-sol",2444,11.5363497174707
"gpt-6-sol",2445,12.1752843591302
"gpt-6-sol",2446,10.9562592650298
"gpt-6-sol",2447,10.9331401907021
"gpt-6-sol",2448,9.01855090173412
"gpt-6-sol",2449,11.875448514539
"gpt-6-sol",2450,9.25397496490537
"gpt-6-sol",2451,9.18128030287088
"gpt-6-sol",2452,12.4084720034984
"gpt-6-sol",2453,11.0144174579613
"gpt-6-sol",2454,12.1882429678845
"gpt-6-sol",2455,9.32393368736612
"gpt-6-sol",2456,11.0520334122707
"gpt-6-sol",2457,9.01855090173412
"gpt-6-sol",2458,11.0610946378015
"gpt-6-sol",2459,9.11081900323769
"gpt-6-sol",2460,11.9480323581063
"gpt-6-sol",2461,12.15944959441
"gpt-6-sol",2462,8.97614583317255
"gpt-6-sol",2463,12.4414766580215
"gpt-6-sol",2464,13.2682410539236
"gpt-6-sol",2465,9.12413476756833
"gpt-6-sol",2466,12.0869959919141
"gpt-6-sol",2467,12.7853830710439
"gpt-6-sol",2468,11.7990365631842
"gpt-6-sol",2469,9.32393368736612
"gpt-6-sol",2470,9.29319453908226
"gpt-6-sol",2471,12.1197941101265
"gpt-6-sol",2472,9.32393368736613
"gpt-6-sol",2473,8.90098642614138
"gpt-6-sol",2474,12.4396327764051
"gpt-6-sol",2475,9.18128030287091
"gpt-6-sol",2476,10.9562592650298
"gpt-6-sol",2477,8.58256774719981
"gpt-6-sol",2478,7.82773377077208
"gpt-6-sol",2479,11.4894564498719
"gpt-6-sol",2480,10.9139934416714
"gpt-6-sol",2481,12.505742419346
"gpt-6-sol",2482,10.9331401907022
"gpt-6-sol",2483,11.7345349739644
"gpt-6-sol",2484,11.184747529702
"gpt-6-sol",2485,11.875448514539
"gpt-6-sol",2486,9.10041281481041
"gpt-6-sol",2487,12.0482543797381
"gpt-6-sol",2488,11.7345349739644
"gpt-6-sol",2489,12.8621800093793
"gpt-6-sol",2490,9.12413476756831
"gpt-6-sol",2491,9.93942706933904
"gpt-6-sol",2492,10.828995260728
"gpt-6-sol",2493,12.3587872960875
"gpt-6-sol",2494,12.7235836098265
"gpt-6-sol",2495,11.0144174579613
"gpt-6-sol",2496,11.4894564498719
"gpt-6-sol",2497,10.828995260728
"gpt-6-sol",2498,10.9139934416714
"gpt-6-sol",2499,12.1197941101265
"gpt-6-sol",2500,10.1611679595564
"gpt-6-sol",2501,12.434746969058
"gpt-6-sol",2502,11.4889573271642
"gpt-6-sol",2503,11.7990365631842
"gpt-6-sol",2504,5.55115672313935
"gpt-6-sol",2505,10.9139934416714
"gpt-6-sol",2506,11.4077358675277
"gpt-6-sol",2507,11.4791249202264
"gpt-6-sol",2508,10.828995260728
"gpt-6-sol",2509,11.8897117463796
"gpt-6-sol",2510,12.4414766580215
"gpt-6-sol",2511,8.90098642614138
"gpt-6-sol",2512,9.38531562131127
"gpt-6-sol",2513,9.32393368736613
"gpt-6-sol",2514,11.7575739536223
"gpt-6-sol",2515,11.4894564498719
"gpt-6-sol",2516,12.6233049567609
"gpt-6-sol",2517,12.8621800093793
"gpt-6-sol",2518,9.18128030287087
"gpt-6-sol",2519,8.90098642614138
"gpt-6-sol",2520,5.49487034426036
"gpt-6-sol",2521,5.26140716570687
"gpt-6-sol",2522,2.50923687922559
"gpt-6-sol",2523,12.4078419689603
"gpt-6-sol",2524,12.4414766580215
"gpt-6-sol",2525,12.5516313955605
"gpt-6-sol",2526,8.9512953858614
"gpt-6-sol",2527,12.434746969058
"gpt-6-sol",2528,10.828995260728
"gpt-6-sol",2529,11.5363497174707
"gpt-6-sol",2530,11.0520334122707
"gpt-6-sol",2531,8.97614583317254
"gpt-6-sol",2532,11.0520334122707
"gpt-6-sol",2533,11.4889573271642
"gpt-6-sol",2534,12.9895194340547
"gpt-6-sol",2535,11.5363497174707
"gpt-6-sol",2536,9.38531562131127
"gpt-6-sol",2537,12.4894948918491
"gpt-6-sol",2538,11.8075962907188
"gpt-6-sol",2539,10.9139934416714
"gpt-6-sol",2540,11.5868728841996
"gpt-6-sol",2541,12.7235836098265
"gpt-6-sol",2542,12.6233049567609
"gpt-6-sol",2543,9.01855090173412
"gpt-6-sol",2544,7.86828782019598
"gpt-6-sol",2545,9.01855090173412
"gpt-6-sol",2546,11.2052489660131
"gpt-6-sol",2547,11.5363497174707
"gpt-6-sol",2548,9.38531562131127
"gpt-6-sol",2549,10.7508648827917
"gpt-6-sol",2550,11.7123071335702
"gpt-6-sol",2551,11.7990365631842
"gpt-6-sol",2552,11.875448514539
"gpt-6-sol",2553,9.1241347675683
"gpt-6-sol",2554,11.5363497174707
"gpt-6-sol",2555,12.2291471033789
"gpt-6-sol",2556,12.5516313955605
"gpt-6-sol",2557,12.5516313955605
"gpt-6-sol",2558,11.5363497174707
"gpt-6-sol",2559,9.38531562131125
"gpt-6-sol",2560,9.18128030287091
"gpt-6-sol",2561,12.15944959441
"gpt-6-sol",2562,11.8075962907188
"gpt-6-sol",2563,5.44207748799029
"gpt-6-sol",2564,12.3587872960875
"gpt-6-sol",2565,9.32393368736613
"gpt-6-sol",2566,9.08578148346795
"gpt-6-sol",2567,10.3770374094115
"gpt-6-sol",2568,11.6194756234405
"gpt-6-sol",2569,12.4078419689602
"gpt-6-sol",2570,9.18128030287091
"gpt-6-sol",2571,8.58256774719984
"gpt-6-sol",2572,9.01855090173413
"gpt-6-sol",2573,8.95129538586141
"gpt-6-sol",2574,10.2406699478174
"gpt-6-sol",2575,5.31639700130234
"gpt-6-sol",2576,9.0185509017341
"gpt-6-sol",2577,10.828995260728
"gpt-6-sol",2578,11.0520334122707
"gpt-6-sol",2579,11.4791249202264
"gpt-6-sol",2580,12.4414766580215
"gpt-6-sol",2581,8.57654552545274
"gpt-6-sol",2582,9.25397496490535
"gpt-6-sol",2583,10.828995260728
"gpt-6-sol",2584,9.32393368736612
"gpt-6-sol",2585,12.4078419689603
"gpt-6-sol",2586,7.86828782019599
"gpt-6-sol",2587,11.5363497174707
"gpt-6-sol",2588,8.90098642614139
"gpt-6-sol",2589,11.9342834442379
"gpt-6-sol",2590,12.4894948918491
"gpt-6-sol",2591,11.7844231310787
"gpt-6-sol",2592,11.9860877165037
"gpt-6-sol",2593,12.1197941101265
"gpt-6-sol",2594,11.1189809410932
"gpt-6-sol",2595,9.34687435483216
"gpt-6-sol",2596,9.38531562131126
"gpt-6-sol",2597,11.9860877165037
"gpt-6-sol",2598,7.86828782019598
"gpt-6-sol",2599,11.0610946378015
"gpt-6-sol",2600,11.184747529702
"gpt-6-sol",2601,9.32393368736612
"gpt-6-sol",2602,7.86828782019599
"gpt-6-sol",2603,9.08578148346793
"gpt-6-sol",2604,12.4084720034984
"gpt-6-sol",2605,9.25397496490535
"gpt-6-sol",2606,9.32393368736612
"gpt-6-sol",2607,8.9009864261414
"gpt-6-sol",2608,12.1197941101265
"gpt-6-sol",2609,12.9300846232059
"gpt-6-sol",2610,12.6233049567609
"gpt-6-sol",2611,11.7845954209552
"gpt-6-sol",2612,7.86828782019598
"gpt-6-sol",2613,11.2052489660132
"gpt-6-sol",2614,9.32393368736611
"gpt-6-sol",2615,8.95129538586141
"gpt-6-sol",2616,11.1189809410932
"gpt-6-sol",2617,8.58256774719982
"gpt-6-sol",2618,11.4077358675277
"gpt-6-sol",2619,12.15944959441
"gpt-6-sol",2620,12.4396327764051
"gpt-6-sol",2621,11.5363497174707
"gpt-6-sol",2622,12.9895194340548
"gpt-6-sol",2623,9.32393368736613
"gpt-6-sol",2624,11.0282332314756
"gpt-6-sol",2625,10.9331401907021
"gpt-6-sol",2626,8.90098642614138
"gpt-6-sol",2627,11.4894564498719
"gpt-6-sol",2628,12.6233049567609
"gpt-6-sol",2629,10.3424746017776
"gpt-6-sol",2630,12.6233049567609
"gpt-6-sol",2631,12.7235836098265
"gpt-6-sol",2632,11.0282332314756
"gpt-6-sol",2633,12.6233049567609
"gpt-6-sol",2634,5.61447912215708
"gpt-6-sol",2635,11.4077358675277
"gpt-6-sol",2636,11.8897117463796
"gpt-6-sol",2637,8.90098642614139
"gpt-6-sol",2638,10.2406699478174
"gpt-6-sol",2639,11.4889573271642
"gpt-6-sol",2640,10.9331401907021
"gpt-6-sol",2641,8.90098642614139
"gpt-6-sol",2642,12.4396327764051
"gpt-6-sol",2643,12.3587872960875
"gpt-6-sol",2644,9.01855090173414
"gpt-6-sol",2645,12.434746969058
"gpt-6-sol",2646,11.4077358675277
"gpt-6-sol",2647,11.0144174579613
"gpt-6-sol",2648,10.1611679595564
"gpt-6-sol",2649,12.3885772873665
"gpt-6-sol",2650,12.2385419814444
"gpt-6-sol",2651,11.184747529702
"gpt-6-sol",2652,12.7235836098265
"gpt-6-sol",2653,11.4749368391125
"gpt-6-sol",2654,11.0238203641348
"gpt-6-sol",2655,12.15944959441
"gpt-6-sol",2656,10.9139934416714
"gpt-6-sol",2657,11.9860877165037
"gpt-6-sol",2658,5.55115672313935
"gpt-6-sol",2659,10.9139934416714
"gpt-6-sol",2660,9.25397496490537
"gpt-6-sol",2661,12.4084720034984
"gpt-6-sol",2662,12.4078419689602
"gpt-6-sol",2663,10.9139934416714
"gpt-6-sol",2664,12.0482543797381
"gpt-6-sol",2665,11.8075962907188
"gpt-6-sol",2666,9.81869922105127
"gpt-6-sol",2667,10.828995260728
"gpt-6-sol",2668,2.50923687922559
"gpt-6-sol",2669,11.4889573271642
"gpt-6-sol",2670,12.299566899254
"gpt-6-sol",2671,11.0238203641348
"gpt-6-sol",2672,9.08578148346793
"gpt-6-sol",2673,5.26140716570687
"gpt-6-sol",2674,11.4077358675277
"gpt-6-sol",2675,11.4077358675277
"gpt-6-sol",2676,9.01855090173412
"gpt-6-sol",2677,12.4396327764051
"gpt-6-sol",2678,11.4077358675277
"gpt-6-sol",2679,9.08578148346794
"gpt-6-sol",2680,11.8390651667017
"gpt-6-sol",2681,11.8942034111283
"gpt-6-sol",2682,9.38531562131125
"gpt-6-sol",2683,9.32393368736614
"gpt-6-sol",2684,10.9331401907021
"gpt-6-sol",2685,5.44207748799027
"gpt-6-sol",2686,12.9895194340547
"gpt-6-sol",2687,10.6126662557847
"gpt-6-sol",2688,12.0869959919141
"gpt-6-sol",2689,9.11081900323768
"gpt-6-sol",2690,12.0482543797381
"gpt-6-sol",2691,9.11081900323771
"gpt-6-sol",2692,11.0520334122707
"gpt-6-sol",2693,12.5038798640397
"gpt-6-sol",2694,11.0144174579613
"gpt-6-sol",2695,8.90098642614137
"gpt-6-sol",2696,9.25397496490537
"gpt-6-sol",2697,11.4894564498719
"gpt-6-sol",2698,5.62479826335271
"gpt-6-sol",2699,12.5038798640397
"gpt-6-sol",2700,11.4077358675277
"gpt-6-sol",2701,12.4396327764051
"gpt-6-sol",2702,10.9331401907021
"gpt-6-sol",2703,11.4077358675277
"gpt-6-sol",2704,5.26140716570689
"gpt-6-sol",2705,12.15944959441
"gpt-6-sol",2706,12.4396327764051
"gpt-6-sol",2707,12.9300846232059
"gpt-6-sol",2708,9.25397496490536
"gpt-6-sol",2709,12.4396327764051
"gpt-6-sol",2710,10.9331401907021
"gpt-6-sol",2711,11.8390651667017
"gpt-6-sol",2712,10.828995260728
"gpt-6-sol",2713,12.5038798640397
"gpt-6-sol",2714,12.4084720034984
"gpt-6-sol",2715,12.4396327764051
"gpt-6-sol",2716,9.11081900323767
"gpt-6-sol",2717,12.5516313955605
"gpt-6-sol",2718,5.73298219017919
"gpt-6-sol",2719,9.25397496490536
"gpt-6-sol",2720,10.9331401907021
"gpt-6-sol",2721,11.9106805203378
"gpt-6-sol",2722,7.82773377077208
"gpt-6-sol",2723,12.15944959441
"gpt-6-sol",2724,12.1197941101265
"gpt-6-sol",2725,11.184747529702
"gpt-6-sol",2726,11.4791249202264
"gpt-6-sol",2727,11.7345349739644
"gpt-6-sol",2728,11.8390651667017
"gpt-6-sol",2729,12.434746969058
"gpt-6-sol",2730,9.38531562131127
"gpt-6-sol",2731,11.7990365631842
"gpt-6-sol",2732,12.4894948918491
"gpt-6-sol",2733,11.0610946378015
"gpt-6-sol",2734,10.7508648827917
"gpt-6-sol",2735,11.4894564498719
"gpt-6-sol",2736,9.18128030287088
"gpt-6-sol",2737,12.4396327764051
"gpt-6-sol",2738,12.4894948918491
"gpt-6-sol",2739,12.2291471033789
"gpt-6-sol",2740,11.3567257356092
"gpt-6-sol",2741,9.11081900323769
"gpt-6-sol",2742,9.0185509017341
"gpt-6-sol",2743,11.5363497174707
"gpt-6-sol",2744,7.86828782019599
"gpt-6-sol",2745,7.86828782019598
"gpt-6-sol",2746,9.01855090173412
"gpt-6-sol",2747,11.7990365631842
"gpt-6-sol",2748,11.4077358675277
"gpt-6-sol",2749,10.9331401907021
"gpt-6-sol",2750,5.26140716570687
"gpt-6-sol",2751,9.18128030287087
"gpt-6-sol",2752,11.4077358675277
"gpt-6-sol",2753,11.5363497174707
"gpt-6-sol",2754,12.7932949671669
"gpt-6-sol",2755,11.4130552315212
"gpt-6-sol",2756,10.9331401907021
"gpt-6-sol",2757,5.44207748799029
"gpt-6-sol",2758,12.7853830710439
"gpt-6-sol",2759,11.4889573271642
"gpt-6-sol",2760,11.4889573271642
"gpt-6-sol",2761,11.5363497174707
"gpt-6-sol",2762,12.648162306578
"gpt-6-sol",2763,12.15944959441
"gpt-6-sol",2764,9.11081900323769
"gpt-6-sol",2765,7.82773377077207
"gpt-6-sol",2766,10.9331401907021
"gpt-6-sol",2767,12.15944959441
"gpt-6-sol",2768,9.29319453908226
"gpt-6-sol",2769,12.8621800093793
"gpt-6-sol",2770,12.7235836098265
"gpt-6-sol",2771,10.3770374094115
"gpt-6-sol",2772,10.3424746017776
"gpt-6-sol",2773,11.4894564498719
"gpt-6-sol",2774,8.57654552545274
"gpt-6-sol",2775,11.184747529702
"gpt-6-sol",2776,12.3885772873664
"gpt-6-sol",2777,10.3424746017776
"gpt-6-sol",2778,11.0282332314756
"gpt-6-sol",2779,8.48103380150625
"gpt-6-sol",2780,11.3567257356092
"gpt-6-sol",2781,11.0282332314756
"gpt-6-sol",2782,11.7345349739644
"gpt-6-sol",2783,11.7990365631842
"gpt-6-sol",2784,10.6126662557847
"gpt-6-sol",2785,9.93942706933904
"gpt-6-sol",2786,12.434746969058
"gpt-6-sol",2787,9.01855090173413
"gpt-6-sol",2788,11.4077358675277
"gpt-6-sol",2789,11.5363497174707
"gpt-6-sol",2790,10.3770374094115
"gpt-6-sol",2791,10.6126662557847
"gpt-6-sol",2792,11.4889573271642
"gpt-6-sol",2793,10.7508648827917
"gpt-6-sol",2794,12.8621800093793
"gpt-6-sol",2795,12.9895194340547
"gpt-6-sol",2796,12.505742419346
"gpt-6-sol",2797,7.86828782019598
"gpt-6-sol",2798,12.3587872960874
"gpt-6-sol",2799,12.3587872960875
"gpt-6-sol",2800,5.61447912215708
"gpt-6-sol",2801,9.38531562131127
"gpt-6-sol",2802,11.4894564498719
"gpt-6-sol",2803,12.8621800093793
"gpt-6-sol",2804,9.01855090173412
"gpt-6-sol",2805,12.1197941101265
"gpt-6-sol",2806,11.4077358675277
"gpt-6-sol",2807,10.3770374094115
"gpt-6-sol",2808,10.828995260728
"gpt-6-sol",2809,9.18128030287087
"gpt-6-sol",2810,12.4414766580215
"gpt-6-sol",2811,9.32393368736613
"gpt-6-sol",2812,11.8390651667017
"gpt-6-sol",2813,9.25397496490537
"gpt-6-sol",2814,9.32393368736613
"gpt-6-sol",2815,12.5516313955605
"gpt-6-sol",2816,8.58256774719981
"gpt-6-sol",2817,12.505742419346
"gpt-6-sol",2818,11.7478799302834
"gpt-6-sol",2819,11.7123071335702
"gpt-6-sol",2820,9.1241347675683
"gpt-6-sol",2821,11.4791249202264
"gpt-6-sol",2822,10.9562592650298
"gpt-6-sol",2823,11.7345349739644
"gpt-6-sol",2824,11.4894564498719
"gpt-6-sol",2825,11.4889573271642
"gpt-6-sol",2826,11.7990365631842
"gpt-6-sol",2827,12.90932140188
"gpt-6-sol",2828,12.0482543797381
"gpt-6-sol",2829,12.3587872960874
"gpt-6-sol",2830,9.11081900323769
"gpt-6-sol",2831,12.4414766580215
"gpt-6-sol",2832,11.7990365631842
"gpt-6-sol",2833,5.44207748799029
"gpt-6-sol",2834,11.3567257356092
"gpt-6-sol",2835,9.01855090173412
"gpt-6-sol",2836,11.4889573271642
"gpt-6-sol",2837,9.1108190032377
"gpt-6-sol",2838,9.38531562131126
"gpt-6-sol",2839,12.5038798640397
"gpt-6-sol",2840,11.4077358675277
"gpt-6-sol",2841,10.7508648827917
"gpt-6-sol",2842,11.4889573271642
"gpt-6-sol",2843,10.828995260728
"gpt-6-sol",2844,12.4396327764051
"gpt-6-sol",2845,10.9139934416714
"gpt-6-sol",2846,12.0869959919141
"gpt-6-sol",2847,10.9139934416714
"gpt-6-sol",2848,7.86828782019598
"gpt-6-sol",2849,11.7123071335702
"gpt-6-sol",2850,12.90932140188
"gpt-6-sol",2851,10.7508648827917
"gpt-6-sol",2852,11.4077358675277
"gpt-6-sol",2853,11.0282332314756
"gpt-6-sol",2854,11.7845954209552
"gpt-6-sol",2855,12.4396327764051
"gpt-6-sol",2856,10.6513053803213
"gpt-6-sol",2857,7.86828782019599
"gpt-6-sol",2858,12.4084720034984
"gpt-6-sol",2859,11.3567257356092
"gpt-6-sol",2860,9.12413476756831
"gpt-6-sol",2861,13.2695280047149
"gpt-6-sol",2862,10.7508648827917
"gpt-6-sol",2863,9.1108190032377
"gpt-6-sol",2864,9.32393368736612
"gpt-6-sol",2865,11.4889573271642
"gpt-6-sol",2866,10.9139934416714
"gpt-6-sol",2867,9.12413476756831
"gpt-6-sol",2868,9.34687435483213
"gpt-6-sol",2869,11.1189809410932
"gpt-6-sol",2870,12.4894948918491
"gpt-6-sol",2871,11.8075962907188
"gpt-6-sol",2872,5.49487034426034
"gpt-6-sol",2873,9.1241347675683
"gpt-6-sol",2874,12.8621800093793
"gpt-6-sol",2875,8.58256774719982
"gpt-6-sol",2876,11.7345349739644
"gpt-6-sol",2877,10.9331401907021
"gpt-6-sol",2878,11.8390651667017
"gpt-6-sol",2879,12.9300846232059
"gpt-6-sol",2880,11.4894564498719
"gpt-6-sol",2881,10.3424746017776
"gpt-6-sol",2882,10.3770374094115
"gpt-6-sol",2883,9.25397496490536
"gpt-6-sol",2884,9.25397496490535
"gpt-6-sol",2885,11.4889573271642
"gpt-6-sol",2886,11.7575739536223
"gpt-6-sol",2887,12.7235836098265
"gpt-6-sol",2888,11.2052489660132
"gpt-6-sol",2889,12.4396327764051
"gpt-6-sol",2890,5.26140716570686
"gpt-6-sol",2891,11.4077358675277
"gpt-6-sol",2892,9.08578148346793
"gpt-6-sol",2893,8.95129538586141
"gpt-6-sol",2894,12.1197941101265
"gpt-6-sol",2895,10.828995260728
"gpt-6-sol",2896,12.299566899254
"gpt-6-sol",2897,9.08578148346796
"gpt-6-sol",2898,11.4077358675277
"gpt-6-sol",2899,10.9139934416714
"gpt-6-sol",2900,9.1108190032377
"gpt-6-sol",2901,12.3587872960875
"gpt-6-sol",2902,7.82773377077208
"gpt-6-sol",2903,9.32393368736613
"gpt-6-sol",2904,10.6126662557847
"gpt-6-sol",2905,11.9860877165037
"gpt-6-sol",2906,12.7235836098265
"gpt-6-sol",2907,10.3770374094115
"gpt-6-sol",2908,12.0482543797381
"gpt-6-sol",2909,12.9895194340548
"gpt-6-sol",2910,8.9009864261414
"gpt-6-sol",2911,8.58256774719983
"gpt-6-sol",2912,12.0482543797381
"gpt-6-sol",2913,12.8621800093793
"gpt-6-sol",2914,11.8897117463796
"gpt-6-sol",2915,9.11081900323769
"gpt-6-sol",2916,10.6513053803212
"gpt-6-sol",2917,10.7508648827917
"gpt-6-sol",2918,11.6194756234404
"gpt-6-sol",2919,12.4414766580215
"gpt-6-sol",2920,11.7123071335702
"gpt-6-sol",2921,11.4077358675277
"gpt-6-sol",2922,11.4077358675277
"gpt-6-sol",2923,11.7345349739644
"gpt-6-sol",2924,10.7508648827917
"gpt-6-sol",2925,10.9331401907021
"gpt-6-sol",2926,10.9331401907021
"gpt-6-sol",2927,12.4414766580215
"gpt-6-sol",2928,9.1241347675683
"gpt-6-sol",2929,11.0144174579613
"gpt-6-sol",2930,10.9139934416714
"gpt-6-sol",2931,10.3770374094115
"gpt-6-sol",2932,7.86828782019598
"gpt-6-sol",2933,5.31639700130234
"gpt-6-sol",2934,11.9106805203378
"gpt-6-sol",2935,10.7508648827917
"gpt-6-sol",2936,10.9139934416714
"gpt-6-sol",2937,10.7508648827917
"gpt-6-sol",2938,11.8075962907188
"gpt-6-sol",2939,10.9562592650298
"gpt-6-sol",2940,10.3770374094115
"gpt-6-sol",2941,12.1882429678845
"gpt-6-sol",2942,10.6126662557847
"gpt-6-sol",2943,8.90098642614136
"gpt-6-sol",2944,11.6194756234405
"gpt-6-sol",2945,11.0520334122707
"gpt-6-sol",2946,9.1108190032377
"gpt-6-sol",2947,11.5363497174707
"gpt-6-sol",2948,11.184747529702
"gpt-6-sol",2949,12.6233049567609
"gpt-6-sol",2950,10.6513053803213
"gpt-6-sol",2951,10.6513053803213
"gpt-6-sol",2952,9.38531562131128
"gpt-6-sol",2953,10.828995260728
"gpt-6-sol",2954,10.3424746017776
"gpt-6-sol",2955,13.0799679989565
"gpt-6-sol",2956,11.7478799302834
"gpt-6-sol",2957,10.9139934416714
"gpt-6-sol",2958,5.31639700130236
"gpt-6-sol",2959,9.01855090173412
"gpt-6-sol",2960,11.7575739536223
"gpt-6-sol",2961,11.4077358675277
"gpt-6-sol",2962,10.3770374094115
"gpt-6-sol",2963,5.31639700130235
"gpt-6-sol",2964,12.9300846232059
"gpt-6-sol",2965,11.7345349739644
"gpt-6-sol",2966,11.7345349739644
"gpt-6-sol",2967,11.8942034111283
"gpt-6-sol",2968,8.95129538586141
"gpt-6-sol",2969,8.90098642614139
"gpt-6-sol",2970,10.7508648827917
"gpt-6-sol",2971,11.4894564498719
"gpt-6-sol",2972,12.15944959441
"gpt-6-sol",2973,11.6132597771086
"gpt-6-sol",2974,10.7153750528175
"gpt-6-sol",2975,9.1108190032377
"gpt-6-sol",2976,12.4396327764051
"gpt-6-sol",2977,12.1197941101265
"gpt-6-sol",2978,11.4077358675277
"gpt-6-sol",2979,12.7235836098265
"gpt-6-sol",2980,11.0282332314756
"gpt-6-sol",2981,11.8075962907188
"gpt-6-sol",2982,10.7508648827917
"gpt-6-sol",2983,12.8621800093793
"gpt-6-sol",2984,11.5363497174707
"gpt-6-sol",2985,8.97614583317253
"gpt-6-sol",2986,9.25397496490537
"gpt-6-sol",2987,14.0585599315921
"gpt-6-sol",2988,1.62667879842543
"gpt-6-sol",2989,10.9139934416714
"gpt-6-sol",2990,11.4791249202264
"gpt-6-sol",2991,12.15944959441
"gpt-6-sol",2992,11.0238203641348
"gpt-6-sol",2993,9.12413476756834
"gpt-6-sol",2994,12.4084720034984
"gpt-6-sol",2995,12.4414766580215
"gpt-6-sol",2996,9.01855090173411
"gpt-6-sol",2997,12.505742419346
"gpt-6-sol",2998,9.11081900323769
"gpt-6-sol",2999,11.4889573271642
"gpt-6-sol",3000,5.44207748799029
"gpt-6-sol",3001,8.57654552545275
"gpt-6-sol",3002,11.3567257356092
"gpt-6-sol",3003,9.25397496490538
"gpt-6-sol",3004,10.9562592650298
"gpt-6-sol",3005,11.4791249202264
"gpt-6-sol",3006,11.6194756234404
"gpt-6-sol",3007,10.7508648827917
"gpt-6-sol",3008,10.7508648827917
"gpt-6-sol",3009,5.7329821901792
"gpt-6-sol",3010,12.4396327764051
"gpt-6-sol",3011,10.2406699478174
"gpt-6-sol",3012,12.15944959441
"gpt-6-sol",3013,11.0610946378015
"gpt-6-sol",3014,12.15944959441
"gpt-6-sol",3015,10.9331401907021
"gpt-6-sol",3016,11.8390651667017
"gpt-6-sol",3017,11.2052489660132
"gpt-6-sol",3018,9.11081900323769
"gpt-6-sol",3019,10.7508648827917
"gpt-6-sol",3020,10.828995260728
"gpt-6-sol",3021,10.9562592650298
"gpt-6-sol",3022,7.86828782019598
"gpt-6-sol",3023,12.4396327764051
"gpt-6-sol",3024,11.0282332314756
"gpt-6-sol",3025,8.48103380150628
"gpt-6-sol",3026,10.6513053803213
"gpt-6-sol",3027,12.2385419814444
"gpt-6-sol",3028,11.0282332314756
"gpt-6-sol",3029,5.44207748799029
"gpt-6-sol",3030,11.5868728841996
"gpt-6-sol",3031,9.25397496490535
"gpt-6-sol",3032,5.49487034426033
"gpt-6-sol",3033,10.7508648827917
"gpt-6-sol",3034,12.1197941101265
"gpt-6-sol",3035,12.434746969058
"gpt-6-sol",3036,8.95129538586141
"gpt-6-sol",3037,11.6715570379046
"gpt-6-sol",3038,12.7932949671669
"gpt-6-sol",3039,12.15944959441
"gpt-6-sol",3040,10.9331401907021
"gpt-6-sol",3041,11.7345349739644
"gpt-6-sol",3042,10.3424746017776
"gpt-6-sol",3043,11.4889573271642
"gpt-6-sol",3044,12.3587872960875
"gpt-6-sol",3045,10.7153750528176
"gpt-6-sol",3046,8.95129538586141
"gpt-6-sol",3047,9.25397496490536
"gpt-6-sol",3048,11.0282332314756
"gpt-6-sol",3049,12.5038798640397
"gpt-6-sol",3050,12.7853830710439
"gpt-6-sol",3051,12.4396327764051
"gpt-6-sol",3052,10.6513053803213
"gpt-6-sol",3053,9.12413476756831
"gpt-6-sol",3054,12.4078419689603
"gpt-6-sol",3055,8.90098642614137
"gpt-6-sol",3056,9.38531562131128
"gpt-6-sol",3057,12.90932140188
"gpt-6-sol",3058,12.5038798640397
"gpt-6-sol",3059,11.9106805203378
"gpt-6-sol",3060,5.73298219017921
"gpt-6-sol",3061,7.86828782019598
"gpt-6-sol",3062,11.7575739536223
"gpt-6-sol",3063,11.7575739536223
"gpt-6-sol",3064,11.4077358675277
"gpt-6-sol",3065,11.7809076035077
"gpt-6-sol",3066,11.6194756234405
"gpt-6-sol",3067,12.1197941101265
"gpt-6-sol",3068,7.82773377077207
"gpt-6-sol",3069,11.7575739536223
"gpt-6-sol",3070,12.4414766580215
"gpt-6-sol",3071,10.3424746017776
"gpt-6-sol",3072,12.5038798640397
"gpt-6-sol",3073,9.18128030287087
"gpt-6-sol",3074,11.4077358675277
"gpt-6-sol",3075,9.93942706933906
"gpt-6-sol",3076,12.2291471033789
"gpt-6-sol",3077,11.5868728841996
"gpt-6-sol",3078,11.0144174579613
"gpt-6-sol",3079,10.7508648827917
"gpt-6-sol",3080,9.01855090173412
"gpt-6-sol",3081,10.6513053803213
"gpt-6-sol",3082,11.6386798720127
"gpt-6-sol",3083,11.4889573271642
"gpt-6-sol",3084,11.8075962907188
"gpt-6-sol",3085,12.4396327764051
"gpt-6-sol",3086,9.25397496490536
"gpt-6-sol",3087,5.49487034426035
"gpt-6-sol",3088,11.3567257356092
"gpt-6-sol",3089,11.2052489660131
"gpt-6-sol",3090,12.1197941101265
"gpt-6-sol",3091,9.32393368736613
"gpt-6-sol",3092,9.08578148346793
"gpt-6-sol",3093,11.1189809410932
"gpt-6-sol",3094,11.8075962907188
"gpt-6-sol",3095,5.44207748799028
"gpt-6-sol",3096,11.0610946378015
"gpt-6-sol",3097,11.1189809410932
"gpt-6-sol",3098,10.7508648827917
"gpt-6-sol",3099,11.0610946378015
"gpt-6-sol",3100,10.7508648827917
"gpt-6-sol",3101,10.7508648827917
"gpt-6-sol",3102,10.1611679595564
"gpt-6-sol",3103,11.0282332314756
"gpt-6-sol",3104,10.828995260728
"gpt-6-sol",3105,11.8390651667017
"gpt-6-sol",3106,12.299566899254
"gpt-6-sol",3107,9.32393368736613
"gpt-6-sol",3108,11.7990365631842
"gpt-6-sol",3109,10.9139934416714
"gpt-6-sol",3110,11.875448514539
"gpt-6-sol",3111,10.7508648827917
"gpt-6-sol",3112,8.57654552545275
"gpt-6-sol",3113,11.4894564498719
"gpt-6-sol",3114,9.01855090173413
"gpt-6-sol",3115,13.2695280047149
"gpt-6-sol",3116,10.9139934416714
"gpt-6-sol",3117,5.31639700130235
"gpt-6-sol",3118,10.6513053803213
"gpt-6-sol",3119,9.12413476756834
"gpt-6-sol",3120,11.4077358675277
"gpt-6-sol",3121,10.9139934416714
"gpt-6-sol",3122,10.7153750528175
"gpt-6-sol",3123,11.4130552315212
"gpt-6-sol",3124,9.18128030287087
"gpt-6-sol",3125,12.299566899254
"gpt-6-sol",3126,10.6126662557847
"gpt-6-sol",3127,11.6386798720127
"gpt-6-sol",3128,10.3770374094115
"gpt-6-sol",3129,11.7345349739644
"gpt-6-sol",3130,9.38531562131126
"gpt-6-sol",3131,11.7345349739644
"gpt-6-sol",3132,10.9562592650298
"gpt-6-sol",3133,11.9106805203378
"gpt-6-sol",3134,10.828995260728
"gpt-6-sol",3135,11.0520334122707
"gpt-6-sol",3136,10.7153750528175
"gpt-6-sol",3137,9.1241347675683
"gpt-6-sol",3138,9.25397496490535
"gpt-6-sol",3139,11.0520334122707
"gpt-6-sol",3140,9.29319453908228
"gpt-6-sol",3141,12.5038798640397
"gpt-6-sol",3142,8.58256774719981
"gpt-6-sol",3143,11.7809076035077
"gpt-6-sol",3144,9.18128030287087
"gpt-6-sol",3145,12.6233049567609
"gpt-6-sol",3146,9.93942706933905
"gpt-6-sol",3147,8.95129538586141
"gpt-6-sol",3148,11.4894564498719
"gpt-6-sol",3149,9.93942706933904
"gpt-6-sol",3150,0.818283858089391
"gpt-6-sol",3151,11.4077358675277
"gpt-6-sol",3152,5.49487034426033
"gpt-6-sol",3153,11.8942034111283
"gpt-6-sol",3154,11.4077358675277
"gpt-6-sol",3155,11.4077358675277
"gpt-6-sol",3156,11.0520334122707
"gpt-6-sol",3157,11.0282332314756
"gpt-6-sol",3158,11.8075962907188
"gpt-6-sol",3159,12.90932140188
"gpt-6-sol",3160,12.3587872960875
"gpt-6-sol",3161,5.66707164724625
"gpt-6-sol",3162,10.9331401907021
"gpt-6-sol",3163,10.3770374094115
"gpt-6-sol",3164,9.34687435483216
"gpt-6-sol",3165,10.6126662557847
"gpt-6-sol",3166,5.31639700130235
"gpt-6-sol",3167,12.434746969058
"gpt-6-sol",3168,11.7345349739644
"gpt-6-sol",3169,10.7508648827917
"gpt-6-sol",3170,8.90098642614139
"gpt-6-sol",3171,9.25397496490536
"gpt-6-sol",3172,8.97614583317253
"gpt-6-sol",3173,10.7508648827917
"gpt-6-sol",3174,11.8390651667017
"gpt-6-sol",3175,2.50923687922557
"gpt-6-sol",3176,11.3567257356092
"gpt-6-sol",3177,12.4396327764051
"gpt-6-sol",3178,11.5363497174707
"gpt-6-sol",3179,5.44207748799027
"gpt-6-sol",3180,12.299566899254
"gpt-6-sol",3181,11.4889573271643
"gpt-6-sol",3182,9.08578148346793
"gpt-6-sol",3183,5.6144791221571
"gpt-6-sol",3184,11.4889573271642
"gpt-6-sol",3185,5.73298219017919
"gpt-6-sol",3186,8.57654552545274
"gpt-6-sol",3187,5.49487034426035
"gpt-6-sol",3188,11.7345349739644
"gpt-6-sol",3189,8.58256774719982
"gpt-6-sol",3190,9.12413476756832
"gpt-6-sol",3191,11.3567257356092
"gpt-6-sol",3192,12.3587872960875
"gpt-6-sol",3193,5.31639700130234
"gpt-6-sol",3194,11.6194756234404
"gpt-6-sol",3195,11.9106805203378
"gpt-6-sol",3196,9.12413476756831
"gpt-6-sol",3197,8.95129538586141
"gpt-6-sol",3198,11.7990365631842
"gpt-6-sol",3199,12.4078419689602
"gpt-6-sol",3200,8.57654552545275
"gpt-6-sol",3201,9.18128030287087
"gpt-6-sol",3202,2.50923687922559
"gpt-6-sol",3203,9.34687435483215
"gpt-6-sol",3204,9.1108190032377
"gpt-6-sol",3205,12.5038798640397
"gpt-6-sol",3206,9.18128030287088
"gpt-6-sol",3207,11.184747529702
"gpt-6-sol",3208,11.4077358675277
"gpt-6-sol",3209,10.3770374094115
"gpt-6-sol",3210,11.3567257356092
"gpt-6-sol",3211,11.3567257356092
"gpt-6-sol",3212,10.9331401907021
"gpt-6-sol",3213,9.1241347675683
"gpt-6-sol",3214,11.4077358675277
"gpt-6-sol",3215,12.3587872960874
"gpt-6-sol",3216,11.7809076035077
"gpt-6-sol",3217,11.6194756234405
"gpt-6-sol",3218,11.4077358675277
"gpt-6-sol",3219,5.66707164724625
"gpt-6-sol",3220,8.95129538586141
"gpt-6-sol",3221,8.57654552545272
"gpt-6-sol",3222,12.3885772873664
"gpt-6-sol",3223,11.7123071335702
"gpt-6-sol",3224,10.3770374094115
"gpt-6-sol",3225,11.9860877165037
"gpt-6-sol",3226,11.7990365631842
"gpt-6-sol",3227,11.4749368391125
"gpt-6-sol",3228,11.4077358675277
"gpt-6-sol",3229,12.4396327764051
"gpt-6-sol",3230,12.4396327764051
"gpt-6-sol",3231,11.6194756234405
"gpt-6-sol",3232,10.9331401907021
"gpt-6-sol",3233,11.0610946378015
"gpt-6-sol",3234,5.31639700130234
"gpt-6-sol",3235,9.01855090173413
"gpt-6-sol",3236,12.0869959919141
"gpt-6-sol",3237,11.4749368391125
"gpt-6-sol",3238,11.875448514539
"gpt-6-sol",3239,11.7990365631842
"gpt-6-sol",3240,10.7508648827917
"gpt-6-sol",3241,11.4077358675277
"gpt-6-sol",3242,11.8897117463796
"gpt-6-sol",3243,11.1189809410932
"gpt-6-sol",3244,11.4077358675277
"gpt-6-sol",3245,10.7508648827917
"gpt-6-sol",3246,12.8621800093793
"gpt-6-sol",3247,11.4077358675277
"gpt-6-sol",3248,11.0282332314756
"gpt-6-sol",3249,11.8075962907188
"gpt-6-sol",3250,9.34687435483215
"gpt-6-sol",3251,9.34687435483213
"gpt-6-sol",3252,9.18128030287087
"gpt-6-sol",3253,8.90098642614138
"gpt-6-sol",3254,10.6513053803213
"gpt-6-sol",3255,11.3567257356092
"gpt-6-sol",3256,10.9139934416714
"gpt-6-sol",3257,12.5038798640397
"gpt-6-sol",3258,5.31639700130234
"gpt-6-sol",3259,9.11081900323769
"gpt-6-sol",3260,11.4749368391125
"gpt-6-sol",3261,5.66707164724626
"gpt-6-sol",3262,9.1241347675683
"gpt-6-sol",3263,12.6233049567609
"gpt-6-sol",3264,9.08578148346794
"gpt-6-sol",3265,11.7575739536223
"gpt-6-sol",3266,13.0799679989565
"gpt-6-sol",3267,11.7345349739644
"gpt-6-sol",3268,11.3567257356092
"gpt-6-sol",3269,11.2836580586491
"gpt-6-sol",3270,10.2406699478174
"gpt-6-sol",3271,2.89784753199773
"gpt-6-sol",3272,11.7990365631842
"gpt-6-sol",3273,11.3567257356092
"gpt-6-sol",3274,11.4894564498719
"gpt-6-sol",3275,12.8621800093793
"gpt-6-sol",3276,12.434746969058
"gpt-6-sol",3277,11.4791249202264
"gpt-6-sol",3278,12.4894948918491
"gpt-6-sol",3279,11.6194756234404
"gpt-6-sol",3280,11.2052489660131
"gpt-6-sol",3281,12.9300846232059
"gpt-6-sol",3282,9.1108190032377
"gpt-6-sol",3283,9.34687435483216
"gpt-6-sol",3284,12.2291471033789
"gpt-6-sol",3285,11.4077358675277
"gpt-6-sol",3286,12.4414766580215
"gpt-6-sol",3287,10.9331401907021
"gpt-6-sol",3288,10.6513053803213
"gpt-6-sol",3289,12.3587872960875
"gpt-6-sol",3290,9.38531562131126
"gpt-6-sol",3291,11.5363497174707
"gpt-6-sol",3292,10.9139934416714
"gpt-6-sol",3293,11.2052489660131
"gpt-6-sol",3294,9.12413476756831
"gpt-6-sol",3295,9.1108190032377
"gpt-6-sol",3296,11.8075962907188
"gpt-6-sol",3297,11.7575739536223
"gpt-6-sol",3298,11.4077358675277
"gpt-6-sol",3299,11.4077358675277
"gpt-6-sol",3300,12.15944959441
"gpt-6-sol",3301,12.9895194340548
"gpt-6-sol",3302,10.6513053803213
"gpt-6-sol",3303,11.4894564498719
"gpt-6-sol",3304,5.42630482878004
"gpt-6-sol",3305,11.7809076035077
"gpt-6-sol",3306,12.9300846232059
"gpt-6-sol",3307,11.4894564498719
"gpt-6-sol",3308,10.6513053803213
"gpt-6-sol",3309,11.8390651667017
"gpt-6-sol",3310,8.57654552545274
"gpt-6-sol",3311,8.9009864261414
"gpt-6-sol",3312,1.62667879842545
"gpt-6-sol",3313,11.7990365631842
"gpt-6-sol",3314,5.66707164724625
"gpt-6-sol",3315,9.25397496490535
"gpt-6-sol",3316,11.6194756234405
"gpt-6-sol",3317,11.4077358675277
"gpt-6-sol",3318,12.0482543797381
"gpt-6-sol",3319,11.7844231310787
"gpt-6-sol",3320,12.7853830710439
"gpt-6-sol",3321,10.6169435932083
"gpt-6-sol",3322,12.3587872960875
"gpt-6-sol",3323,12.0482543797381
"gpt-6-sol",3324,10.3424746017776
"gpt-6-sol",3325,11.7345349739644
"gpt-6-sol",3326,11.5363497174707
"gpt-6-sol",3327,10.6513053803213
"gpt-6-sol",3328,9.1108190032377
"gpt-6-sol",3329,11.6194756234405
"gpt-6-sol",3330,11.3567257356092
"gpt-6-sol",3331,10.7508648827917
"gpt-6-sol",3332,11.6194756234405
"gpt-6-sol",3333,8.95129538586141
"gpt-6-sol",3334,9.81869922105126
"gpt-6-sol",3335,5.42630482878006
"gpt-6-sol",3336,11.7478799302834
"gpt-6-sol",3337,9.29319453908227
"gpt-6-sol",3338,8.97614583317255
"gpt-6-sol",3339,5.55115672313933
"gpt-6-sol",3340,12.0482543797381
"gpt-6-sol",3341,12.4084720034984
"gpt-6-sol",3342,11.5363497174707
"gpt-6-sol",3343,10.828995260728
"gpt-6-sol",3344,9.01855090173413
"gpt-6-sol",3345,8.58256774719982
"gpt-6-sol",3346,11.3567257356092
"gpt-6-sol",3347,10.9562592650298
"gpt-6-sol",3348,11.0282332314756
"gpt-6-sol",3349,10.828995260728
"gpt-6-sol",3350,11.0144174579613
"gpt-6-sol",3351,12.3587872960875
"gpt-6-sol",3352,11.3567257356092
"gpt-6-sol",3353,12.1197941101265
"gpt-6-sol",3354,8.90098642614137
"gpt-6-sol",3355,11.6194756234405
"gpt-6-sol",3356,12.0482543797381
"gpt-6-sol",3357,12.5038798640397
"gpt-6-sol",3358,12.434746969058
"gpt-6-sol",3359,5.49487034426035
"gpt-6-sol",3360,9.81869922105126
"gpt-6-sol",3361,5.31639700130234
"gpt-6-sol",3362,5.62479826335272
"gpt-6-sol",3363,10.9139934416714
"gpt-6-sol",3364,10.6126662557847
"gpt-6-sol",3365,11.4889573271642
"gpt-6-sol",3366,12.0482543797381
"gpt-6-sol",3367,11.0520334122707
"gpt-6-sol",3368,11.8075962907188
"gpt-6-sol",3369,10.6513053803212
"gpt-6-sol",3370,11.4077358675277
"gpt-6-sol",3371,11.184747529702
"gpt-6-sol",3372,7.86828782019599
"gpt-6-sol",3373,9.25397496490534
"gpt-6-sol",3374,12.6233049567609
"gpt-6-sol",3375,12.6233049567609
"gpt-6-sol",3376,9.29319453908227
"gpt-6-sol",3377,12.434746969058
"gpt-6-sol",3378,12.15944959441
"gpt-6-sol",3379,11.184747529702
"gpt-6-sol",3380,10.2406699478174
"gpt-6-sol",3381,10.9562592650298
"gpt-6-sol",3382,12.8621800093793
"gpt-6-sol",3383,8.57654552545273
"gpt-6-sol",3384,12.3587872960875
"gpt-6-sol",3385,11.5363497174707
"gpt-6-sol",3386,11.2836580586491
"gpt-6-sol",3387,11.0610946378015
"gpt-6-sol",3388,5.49487034426035
"gpt-6-sol",3389,12.3587872960874
"gpt-6-sol",3390,12.0869959919141
"gpt-6-sol",3391,12.5516313955605
"gpt-6-sol",3392,9.81869922105125
"gpt-6-sol",3393,12.9300846232059
"gpt-6-sol",3394,10.1611679595564
"gpt-6-sol",3395,10.828995260728
"gpt-6-sol",3396,11.9860877165037
"gpt-6-sol",3397,12.1752843591302
"gpt-6-sol",3398,2.89784753199773
"gpt-6-sol",3399,11.9106805203378
"gpt-6-sol",3400,11.4077358675277
"gpt-6-sol",3401,13.0799679989565
"gpt-6-sol",3402,5.49487034426035
"gpt-6-sol",3403,11.1189809410932
"gpt-6-sol",3404,10.7508648827917
"gpt-6-sol",3405,10.9139934416714
"gpt-6-sol",3406,10.3770374094115
"gpt-6-sol",3407,12.9213824590089
"gpt-6-sol",3408,12.5038798640397
"gpt-6-sol",3409,12.434746969058
"gpt-6-sol",3410,12.90932140188
"gpt-6-sol",3411,11.7990365631842
"gpt-6-sol",3412,11.9860877165037
"gpt-6-sol",3413,12.3587872960874
"gpt-6-sol",3414,11.0520334122707
"gpt-6-sol",3415,5.26140716570686
"gpt-6-sol",3416,9.25397496490536
"gpt-6-sol",3417,12.9300846232059
"gpt-6-sol",3418,11.4894564498719
"gpt-6-sol",3419,8.57654552545274
"gpt-6-sol",3420,8.9009864261414
"gpt-6-sol",3421,11.184747529702
"gpt-6-sol",3422,9.12413476756831
"gpt-6-sol",3423,8.9512953858614
"gpt-6-sol",3424,0.818283858089387
"gpt-6-sol",3425,11.3567257356092
"gpt-6-sol",3426,11.7345349739644
"gpt-6-sol",3427,11.4894564498719
"gpt-6-sol",3428,11.0520334122707
"gpt-6-sol",3429,11.8942034111283
"gpt-6-sol",3430,11.4889573271642
"gpt-6-sol",3431,12.4396327764051
"gpt-6-sol",3432,12.3587872960875
"gpt-6-sol",3433,10.3424746017776
"gpt-6-sol",3434,11.0520334122707
"gpt-6-sol",3435,11.1189809410932
"gpt-6-sol",3436,11.7809076035077
"gpt-6-sol",3437,5.26140716570685
"gpt-6-sol",3438,11.8897117463796
"gpt-6-sol",3439,9.01855090173413
"gpt-6-sol",3440,8.48103380150628
"gpt-6-sol",3441,8.97614583317255
"gpt-6-sol",3442,5.31639700130234
"gpt-6-sol",3443,11.4077358675277
"gpt-6-sol",3444,11.4894564498719
"gpt-6-sol",3445,11.0520334122707
"gpt-6-sol",3446,11.7345349739644
"gpt-6-sol",3447,12.505742419346
"gpt-6-sol",3448,11.4749368391125
"gpt-6-sol",3449,12.4894948918491
"gpt-6-sol",3450,7.86828782019598
"gpt-6-sol",3451,10.828995260728
"gpt-6-sol",3452,11.7345349739644
"gpt-6-sol",3453,11.8897117463796
"gpt-6-sol",3454,10.9562592650298
"gpt-6-sol",3455,11.4791249202264
"gpt-6-sol",3456,12.15944959441
"gpt-6-sol",3457,11.4894564498719
"gpt-6-sol",3458,12.4084720034984
"gpt-6-sol",3459,11.7123071335702
"gpt-6-sol",3460,11.8075962907188
"gpt-6-sol",3461,12.6233049567609
"gpt-6-sol",3462,12.4084720034984
"gpt-6-sol",3463,11.3567257356092
"gpt-6-sol",3464,10.9331401907021
"gpt-6-sol",3465,10.3770374094115
"gpt-6-sol",3466,12.5038798640397
"gpt-6-sol",3467,11.4749368391125
"gpt-6-sol",3468,11.1189809410932
"gpt-6-sol",3469,12.4396327764051
"gpt-6-sol",3470,12.8621800093793
"gpt-6-sol",3471,9.32393368736613
"gpt-6-sol",3472,12.5516313955605
"gpt-6-sol",3473,9.25397496490535
"gpt-6-sol",3474,10.9331401907021
"gpt-6-sol",3475,8.90098642614137
"gpt-6-sol",3476,12.1197941101265
"gpt-6-sol",3477,5.55115672313934
"gpt-6-sol",3478,12.434746969058
"gpt-6-sol",3479,10.828995260728
"gpt-6-sol",3480,8.90098642614138
"gpt-6-sol",3481,12.7235836098265
"gpt-6-sol",3482,11.3567257356093
"gpt-6-sol",3483,11.5363497174707
"gpt-6-sol",3484,11.6715570379046
"gpt-6-sol",3485,11.5363497174707
"gpt-6-sol",3486,12.4414766580215
"gpt-6-sol",3487,12.4396327764051
"gpt-6-sol",3488,12.0869959919141
"gpt-6-sol",3489,10.6513053803212
"gpt-6-sol",3490,11.0610946378015
"gpt-6-sol",3491,11.7345349739644
"gpt-6-sol",3492,10.6513053803213
"gpt-6-sol",3493,8.9009864261414
"gpt-6-sol",3494,10.828995260728
"gpt-6-sol",3495,11.7809076035077
"gpt-6-sol",3496,5.49487034426034
"gpt-6-sol",3497,11.0238203641348
"gpt-6-sol",3498,11.8390651667017
"gpt-6-sol",3499,11.5363497174707
"gpt-6-sol",3500,12.9895194340547
"gpt-6-sol",3501,11.8075962907188
"gpt-6-sol",3502,11.4749368391125
"gpt-6-sol",3503,11.7990365631842
"gpt-6-sol",3504,9.10041281481047
"gpt-6-sol",3505,10.6513053803213
"gpt-6-sol",3506,-1.44093577807568
"gpt-6-sol",3507,9.25397496490535
"gpt-6-sol",3508,11.0610946378015
"gpt-6-sol",3509,11.5363497174707
"gpt-6-sol",3510,10.7508648827917
"gpt-6-sol",3511,9.1241347675683
"gpt-6-sol",3512,7.86828782019599
"gpt-6-sol",3513,10.9331401907021
"gpt-6-sol",3514,11.4791249202264
"gpt-6-sol",3515,12.1197941101265
"gpt-6-sol",3516,11.4889573271642
"gpt-6-sol",3517,11.5363497174707
"gpt-6-sol",3518,10.9331401907021
"gpt-6-sol",3519,11.4894564498719
"gpt-6-sol",3520,12.4894948918491
"gpt-6-sol",3521,12.4414766580215
"gpt-6-sol",3522,11.8942034111283
"gpt-6-sol",3523,12.15944959441
"gpt-6-sol",3524,12.648162306578
"gpt-6-sol",3525,12.7235836098265
"gpt-6-sol",3526,10.2406699478174
"gpt-6-sol",3527,11.0520334122707
"gpt-6-sol",3528,12.4396327764051
"gpt-6-sol",3529,10.7508648827917
"gpt-6-sol",3530,10.9139934416714
"gpt-6-sol",3531,9.01855090173414
"gpt-6-sol",3532,12.9300846232059
"gpt-6-sol",3533,10.9562592650298
"gpt-6-sol",3534,8.58256774719982
"gpt-6-sol",3535,12.4396327764051
"gpt-6-sol",3536,8.97614583317255
"gpt-6-sol",3537,11.7809076035077
"gpt-6-sol",3538,5.31639700130234
"gpt-6-sol",3539,11.7345349739644
"gpt-6-sol",3540,11.7123071335702
"gpt-6-sol",3541,11.4077358675277
"gpt-6-sol",3542,5.62479826335274
"gpt-6-sol",3543,12.0869959919141
"gpt-6-sol",3544,11.4077358675277
"gpt-6-sol",3545,9.34687435483214
"gpt-6-sol",3546,10.7508648827917
"gpt-6-sol",3547,11.4791249202264
"gpt-6-sol",3548,9.34687435483214
"gpt-6-sol",3549,11.0520334122707
"gpt-6-sol",3550,11.4894564498719
"gpt-6-sol",3551,11.5363497174707
"gpt-6-sol",3552,12.8621800093793
"gpt-6-sol",3553,8.97614583317255
"gpt-6-sol",3554,12.434746969058
"gpt-6-sol",3555,9.1241347675683
"gpt-6-sol",3556,11.0144174579613
"gpt-6-sol",3557,11.4077358675277
"gpt-6-sol",3558,11.2052489660131
"gpt-6-sol",3559,10.9139934416714
"gpt-6-sol",3560,0.818283858089389
"gpt-6-sol",3561,12.4396327764051
"gpt-6-sol",3562,12.3587872960874
"gpt-6-sol",3563,13.7502280208706
"gpt-6-sol",3564,11.6194756234405
"gpt-6-sol",3565,10.3770374094115
"gpt-6-sol",3566,11.4791249202264
"gpt-6-sol",3567,12.15944959441
"gpt-6-sol",3568,11.4749368391125
"gpt-6-sol",3569,10.9139934416714
"gpt-6-sol",3570,10.828995260728
"gpt-6-sol",3571,10.2406699478174
"gpt-6-sol",3572,11.3567257356092
"gpt-6-sol",3573,12.434746969058
"gpt-6-sol",3574,12.4414766580215
"gpt-6-sol",3575,5.66707164724628
"gpt-6-sol",3576,7.82773377077207
"gpt-6-sol",3577,11.4077358675277
"gpt-6-sol",3578,10.9331401907021
"gpt-6-sol",3579,10.9562592650298
"gpt-6-sol",3580,11.6194756234405
"gpt-6-sol",3581,11.0520334122707
"gpt-6-sol",3582,5.49487034426036
"gpt-6-sol",3583,12.4396327764051
"gpt-6-sol",3584,10.6513053803213
"gpt-6-sol",3585,11.7809076035077
"gpt-6-sol",3586,11.3567257356092
"gpt-6-sol",3587,11.0610946378015
"gpt-6-sol",3588,5.55115672313934
"gpt-6-sol",3589,11.4889573271642
"gpt-6-sol",3590,9.11081900323767
"gpt-6-sol",3591,9.0185509017341
"gpt-6-sol",3592,10.9331401907022
"gpt-6-sol",3593,12.9895194340548
"gpt-6-sol",3594,9.11081900323768
"gpt-6-sol",3595,9.01855090173412
"gpt-6-sol",3596,11.1189809410932
"gpt-6-sol",3597,12.1197941101265
"gpt-6-sol",3598,11.4894564498719
"gpt-6-sol",3599,5.6144791221571
"gpt-6-sol",3600,12.15944959441
"gpt-6-sol",3601,10.6513053803212
"gpt-6-sol",3602,10.2406699478174
"gpt-6-sol",3603,12.7235836098265
"gpt-6-sol",3604,11.4894564498719
"gpt-6-sol",3605,11.2052489660131
"gpt-6-sol",3606,12.15944959441
"gpt-6-sol",3607,12.8621800093793
"gpt-6-sol",3608,11.4077358675277
"gpt-6-sol",3609,11.6194756234405
"gpt-6-sol",3610,11.4889573271643
"gpt-6-sol",3611,10.9562592650298
"gpt-6-sol",3612,8.97614583317255
"gpt-6-sol",3613,11.3567257356092
"gpt-6-sol",3614,9.11081900323769
"gpt-6-sol",3615,10.7508648827917
"gpt-6-sol",3616,12.299566899254
"gpt-6-sol",3617,5.44207748799029
"gpt-6-sol",3618,12.0482543797381
"gpt-6-sol",3619,12.3587872960874
"gpt-6-sol",3620,11.2052489660132
"gpt-6-sol",3621,11.1189809410932
"gpt-6-sol",3622,12.4084720034984
"gpt-6-sol",3623,9.11081900323771
"gpt-6-sol",3624,11.7809076035077
"gpt-6-sol",3625,11.0520334122707
"gpt-6-sol",3626,11.9860877165037
"gpt-6-sol",3627,10.6513053803212
"gpt-6-sol",3628,11.7990365631842
"gpt-6-sol",3629,9.10041281481047
"gpt-6-sol",3630,7.82773377077208
"gpt-6-sol",3631,11.0282332314756
"gpt-6-sol",3632,12.3587872960875
"gpt-6-sol",3633,9.25397496490536
"gpt-6-sol",3634,9.11081900323769
"gpt-6-sol",3635,11.4077358675277
"gpt-6-sol",3636,9.38531562131127
"gpt-6-sol",3637,11.4077358675277
"gpt-6-sol",3638,12.4084720034984
"gpt-6-sol",3639,7.86828782019598
"gpt-6-sol",3640,11.6715570379046
"gpt-6-sol",3641,9.25397496490535
"gpt-6-sol",3642,7.86828782019599
"gpt-6-sol",3643,11.8390651667017
"gpt-6-sol",3644,12.3587872960874
"gpt-6-sol",3645,10.9139934416714
"gpt-6-sol",3646,11.4894564498719
"gpt-6-sol",3647,9.11081900323769
"gpt-6-sol",3648,12.1197941101265
"gpt-6-sol",3649,9.11081900323771
"gpt-6-sol",3650,12.1882429678845
"gpt-6-sol",3651,11.4077358675277
"gpt-6-sol",3652,12.4414766580215
"gpt-6-sol",3653,12.4396327764051
"gpt-6-sol",3654,7.86828782019599
"gpt-6-sol",3655,9.34687435483213
"gpt-6-sol",3656,9.25397496490535
"gpt-6-sol",3657,10.7153750528175
"gpt-6-sol",3658,10.9562592650298
"gpt-6-sol",3659,10.6169435932084
"gpt-6-sol",3660,11.4894564498719
"gpt-6-sol",3661,10.6513053803213
"gpt-6-sol",3662,12.5038798640397
"gpt-6-sol",3663,12.4414766580215
"gpt-6-sol",3664,8.90098642614139
"gpt-6-sol",3665,10.3770374094115
"gpt-6-sol",3666,11.4130552315212
"gpt-6-sol",3667,10.6513053803213
"gpt-6-sol",3668,12.4078419689602
"gpt-6-sol",3669,12.5038798640397
"gpt-6-sol",3670,11.4077358675277
"gpt-6-sol",3671,10.1611679595564
"gpt-6-sol",3672,11.3567257356092
"gpt-6-sol",3673,12.2385419814444
"gpt-6-sol",3674,10.3770374094115
"gpt-6-sol",3675,12.4078419689603
"gpt-6-sol",3676,12.434746969058
"gpt-6-sol",3677,11.4077358675277
"gpt-6-sol",3678,10.3770374094115
"gpt-6-sol",3679,10.1611679595564
"gpt-6-sol",3680,12.8621800093793
"gpt-6-sol",3681,11.7844231310787
"gpt-6-sol",3682,10.828995260728
"gpt-6-sol",3683,9.25397496490536
"gpt-6-sol",3684,5.42630482878007
"gpt-6-sol",3685,11.4889573271642
"gpt-6-sol",3686,11.3567257356092
"gpt-6-sol",3687,5.44207748799029
"gpt-6-sol",3688,9.29319453908229
"gpt-6-sol",3689,11.4791249202264
"gpt-6-sol",3690,12.434746969058
"gpt-6-sol",3691,12.1882429678845
"gpt-6-sol",3692,9.11081900323769
"gpt-6-sol",3693,5.66707164724625
"gpt-6-sol",3694,11.7123071335702
"gpt-6-sol",3695,11.5868728841996
"gpt-6-sol",3696,12.5516313955605
"gpt-6-sol",3697,12.6233049567609
"gpt-6-sol",3698,11.8942034111283
"gpt-6-sol",3699,11.4077358675277
"gpt-6-sol",3700,9.08578148346793
"gpt-6-sol",3701,12.1197941101265
"gpt-6-sol",3702,10.9331401907021
"gpt-6-sol",3703,12.1197941101265
"gpt-6-sol",3704,10.9331401907021
"gpt-6-sol",3705,10.3770374094115
"gpt-6-sol",3706,9.32393368736612
"gpt-6-sol",3707,10.9562592650298
"gpt-6-sol",3708,9.32393368736612
"gpt-6-sol",3709,10.9139934416714
"gpt-6-sol",3710,11.4077358675277
"gpt-6-sol",3711,9.38531562131127
"gpt-6-sol",3712,12.5038798640397
"gpt-6-sol",3713,12.299566899254
"gpt-6-sol",3714,11.8897117463796
"gpt-6-sol",3715,10.828995260728
"gpt-6-sol",3716,11.3567257356092
"gpt-6-sol",3717,11.3567257356092
"gpt-6-sol",3718,11.3567257356092
"gpt-6-sol",3719,10.9562592650298
"gpt-6-sol",3720,9.11081900323769
"gpt-6-sol",3721,8.9009864261414
"gpt-6-sol",3722,8.95129538586141
"gpt-6-sol",3723,8.57654552545273
"gpt-6-sol",3724,11.4077358675277
"gpt-6-sol",3725,11.6194756234405
"gpt-6-sol",3726,11.5363497174707
"gpt-6-sol",3727,10.828995260728
"gpt-6-sol",3728,5.42630482878006
"gpt-6-sol",3729,12.4078419689603
"gpt-6-sol",3730,11.7345349739644
"gpt-6-sol",3731,12.4396327764051
"gpt-6-sol",3732,12.7853830710439
"gpt-6-sol",3733,12.15944959441
"gpt-6-sol",3734,12.4078419689603
"gpt-6-sol",3735,12.7235836098265
"gpt-6-sol",3736,12.9895194340547
"gpt-6-sol",3737,10.7508648827917
"gpt-6-sol",3738,10.9139934416714
"gpt-6-sol",3739,9.34687435483213
"gpt-6-sol",3740,11.6194756234405
"gpt-6-sol",3741,10.6513053803213
"gpt-6-sol",3742,12.9895194340548
"gpt-6-sol",3743,11.5363497174707
"gpt-6-sol",3744,10.9139934416714
"gpt-6-sol",3745,9.18128030287087
"gpt-6-sol",3746,11.7809076035077
"gpt-6-sol",3747,8.95129538586141
"gpt-6-sol",3748,11.9106805203378
"gpt-6-sol",3749,10.9139934416714
"gpt-6-sol",3750,11.4894564498719
"gpt-6-sol",3751,10.6513053803212
"gpt-6-sol",3752,12.4894948918491
"gpt-6-sol",3753,10.9331401907022
"gpt-6-sol",3754,9.11081900323769
"gpt-6-sol",3755,11.7809076035077
"gpt-6-sol",3756,11.7345349739644
"gpt-6-sol",3757,12.4396327764051
"gpt-6-sol",3758,12.5038798640397
"gpt-6-sol",3759,8.90098642614137
"gpt-6-sol",3760,12.15944959441
"gpt-6-sol",3761,12.505742419346
"gpt-6-sol",3762,11.4077358675277
"gpt-6-sol",3763,10.9331401907021
"gpt-6-sol",3764,11.6194756234405
"gpt-6-sol",3765,10.7508648827917
"gpt-6-sol",3766,11.5363497174707
"gpt-6-sol",3767,8.90098642614139
"gpt-6-sol",3768,9.38531562131127
"gpt-6-sol",3769,11.4894564498719
"gpt-6-sol",3770,9.01855090173414
"gpt-6-sol",3771,12.4396327764051
"gpt-6-sol",3772,10.1611679595564
"gpt-6-sol",3773,5.49487034426036
"gpt-6-sol",3774,11.0520334122707
"gpt-6-sol",3775,11.7809076035077
"gpt-6-sol",3776,9.1241347675683
"gpt-6-sol",3777,9.01855090173411
"gpt-6-sol",3778,12.0482543797381
"gpt-6-sol",3779,11.5868728841996
"gpt-6-sol",3780,10.9331401907021
"gpt-6-sol",3781,12.6233049567609
"gpt-6-sol",3782,10.6513053803213
"gpt-6-sol",3783,12.0869959919141
"gpt-6-sol",3784,9.11081900323769
"gpt-6-sol",3785,12.6233049567609
"gpt-6-sol",3786,12.15944959441
"gpt-6-sol",3787,11.8075962907188
"gpt-6-sol",3788,11.7123071335702
"gpt-6-sol",3789,5.61447912215709
"gpt-6-sol",3790,11.9860877165037
"gpt-6-sol",3791,12.434746969058
"gpt-6-sol",3792,5.44207748799029
"gpt-6-sol",3793,12.7235836098265
"gpt-6-sol",3794,9.25397496490536
"gpt-6-sol",3795,11.8897117463795
"gpt-6-sol",3796,11.7845954209552
"gpt-6-sol",3797,11.9480323581064
"gpt-6-sol",3798,9.25397496490535
"gpt-6-sol",3799,12.4396327764051
"gpt-6-sol",3800,11.7990365631842
"gpt-6-sol",3801,11.4077358675277
"gpt-6-sol",3802,12.4414766580215
"gpt-6-sol",3803,8.9009864261414
"gpt-6-sol",3804,10.6126662557847
"gpt-6-sol",3805,10.9139934416714
"gpt-6-sol",3806,11.5363497174707
"gpt-6-sol",3807,9.11081900323769
"gpt-6-sol",3808,12.1197941101265
"gpt-6-sol",3809,5.49487034426035
"gpt-6-sol",3810,10.3424746017776
"gpt-6-sol",3811,9.25397496490536
"gpt-6-sol",3812,9.11081900323769
"gpt-6-sol",3813,12.7235836098265
"gpt-6-sol",3814,8.57654552545274
"gpt-6-sol",3815,12.4084720034984
"gpt-6-sol",3816,10.6169435932084
"gpt-6-sol",3817,12.4084720034984
"gpt-6-sol",3818,11.5363497174707
"gpt-6-sol",3819,9.34687435483213
"gpt-6-sol",3820,10.9331401907021
"gpt-6-sol",3821,10.6513053803213
"gpt-6-sol",3822,5.31639700130234
"gpt-6-sol",3823,11.2052489660131
"gpt-6-sol",3824,11.0282332314756
"gpt-6-sol",3825,11.6194756234404
"gpt-6-sol",3826,5.7329821901792
"gpt-6-sol",3827,11.9106805203378
"gpt-6-sol",3828,11.5363497174707
"gpt-6-sol",3829,9.25397496490537
"gpt-6-sol",3830,9.38531562131128
"gpt-6-sol",3831,11.4889573271642
"gpt-6-sol",3832,11.4077358675277
"gpt-6-sol",3833,12.5516313955605
"gpt-6-sol",3834,9.08578148346793
"gpt-6-sol",3835,12.5038798640397
"gpt-6-sol",3836,11.8390651667017
"gpt-6-sol",3837,10.9562592650298
"gpt-6-sol",3838,9.11081900323771
"gpt-6-sol",3839,12.15944959441
"gpt-6-sol",3840,9.38531562131128
"gpt-6-sol",3841,8.97614583317255
"gpt-6-sol",3842,10.6513053803213
"gpt-6-sol",3843,11.8390651667017
"gpt-6-sol",3844,12.434746969058
"gpt-6-sol",3845,12.90932140188
"gpt-6-sol",3846,9.29319453908227
"gpt-6-sol",3847,8.90098642614138
"gpt-6-sol",3848,11.6194756234405
"gpt-6-sol",3849,9.34687435483214
"gpt-6-sol",3850,11.1189809410932
"gpt-6-sol",3851,12.15944959441
"gpt-6-sol",3852,11.4889573271642
"gpt-6-sol",3853,12.4414766580215
"gpt-6-sol",3854,12.0482543797381
"gpt-6-sol",3855,11.6194756234405
"gpt-6-sol",3856,12.7853830710439
"gpt-6-sol",3857,11.0144174579613
"gpt-6-sol",3858,11.3567257356092
"gpt-6-sol",3859,11.6194756234405
"gpt-6-sol",3860,9.1108190032377
"gpt-6-sol",3861,10.6513053803212
"gpt-6-sol",3862,9.1241347675683
"gpt-6-sol",3863,9.01855090173412
"gpt-6-sol",3864,11.4077358675277
"gpt-6-sol",3865,13.7502280208706
"gpt-6-sol",3866,11.7809076035077
"gpt-6-sol",3867,11.8075962907188
"gpt-6-sol",3868,5.31639700130234
"gpt-6-sol",3869,12.9895194340548
"gpt-6-sol",3870,10.828995260728
"gpt-6-sol",3871,10.9562592650298
"gpt-6-sol",3872,11.9480323581064
"gpt-6-sol",3873,12.1882429678845
"gpt-6-sol",3874,11.4791249202265
"gpt-6-sol",3875,11.7575739536223
"gpt-6-sol",3876,11.6194756234405
"gpt-6-sol",3877,11.7844231310787
"gpt-6-sol",3878,11.9106805203378
"gpt-6-sol",3879,10.828995260728
"gpt-6-sol",3880,8.58256774719982
"gpt-6-sol",3881,11.3567257356092
"gpt-6-sol",3882,10.9331401907021
"gpt-6-sol",3883,12.4396327764051
"gpt-6-sol",3884,10.7508648827917
"gpt-6-sol",3885,12.299566899254
"gpt-6-sol",3886,8.58256774719982
"gpt-6-sol",3887,11.7345349739644
"gpt-6-sol",3888,8.9009864261414
"gpt-6-sol",3889,11.875448514539
"gpt-6-sol",3890,8.90098642614135
"gpt-6-sol",3891,12.3885772873664
"gpt-6-sol",3892,8.90098642614137
"gpt-6-sol",3893,9.34687435483215
"gpt-6-sol",3894,10.7508648827917
"gpt-6-sol",3895,11.4077358675277
"gpt-6-sol",3896,11.9860877165037
"gpt-6-sol",3897,12.2385419814444
"gpt-6-sol",3898,11.7345349739644
"gpt-6-sol",3899,12.4078419689603
"gpt-6-sol",3900,11.4889573271642
"gpt-6-sol",3901,11.4077358675277
"gpt-6-sol",3902,12.7235836098265
"gpt-6-sol",3903,9.08578148346792
"gpt-6-sol",3904,11.2052489660132
"gpt-6-sol",3905,11.8390651667017
"gpt-6-sol",3906,8.90098642614138
"gpt-6-sol",3907,11.4749368391125
"gpt-6-sol",3908,5.31639700130235
"gpt-6-sol",3909,11.7809076035077
"gpt-6-sol",3910,11.4894564498719
"gpt-6-sol",3911,11.7123071335702
"gpt-6-sol",3912,5.62479826335273
"gpt-6-sol",3913,9.08578148346792
"gpt-6-sol",3914,11.4077358675277
"gpt-6-sol",3915,9.08578148346794
"gpt-6-sol",3916,9.93942706933906
"gpt-6-sol",3917,12.4414766580215
"gpt-6-sol",3918,11.3567257356092
"gpt-6-sol",3919,11.4894564498719
"gpt-6-sol",3920,11.5363497174707
"gpt-6-sol",3921,11.6194756234405
"gpt-6-sol",3922,12.15944959441
"gpt-6-sol",3923,11.4889573271642
"gpt-6-sol",3924,10.9562592650298
"gpt-6-sol",3925,11.0238203641348
"gpt-6-sol",3926,9.34687435483216
"gpt-6-sol",3927,11.5363497174707
"gpt-6-sol",3928,11.4791249202264
"gpt-6-sol",3929,11.9860877165037
"gpt-6-sol",3930,9.29319453908229
"gpt-6-sol",3931,12.0869959919141
"gpt-6-sol",3932,9.1108190032377
"gpt-6-sol",3933,9.25397496490535
"gpt-6-sol",3934,9.08578148346793
"gpt-6-sol",3935,12.299566899254
"gpt-6-sol",3936,12.4084720034984
"gpt-6-sol",3937,11.8390651667017
"gpt-6-sol",3938,0.818283858089389
"gpt-6-sol",3939,9.10041281481041
"gpt-6-sol",3940,11.0610946378015
"gpt-6-sol",3941,9.0185509017341
"gpt-6-sol",3942,10.9139934416714
"gpt-6-sol",3943,7.82773377077207
"gpt-6-sol",3944,12.1197941101265
"gpt-6-sol",3945,13.0799679989565
"gpt-6-sol",3946,12.4084720034984
"gpt-6-sol",3947,9.25397496490535
"gpt-6-sol",3948,11.6194756234404
"gpt-6-sol",3949,11.4889573271642
"gpt-6-sol",3950,11.2836580586491
"gpt-6-sol",3951,11.4077358675277
"gpt-6-sol",3952,12.4894948918491
"gpt-6-sol",3953,8.97614583317254
"gpt-6-sol",3954,12.90932140188
"gpt-6-sol",3955,11.7809076035077
"gpt-6-sol",3956,11.5868728841996
"gpt-6-sol",3957,10.9331401907021
"gpt-6-sol",3958,11.4077358675277
"gpt-6-sol",3959,11.7345349739644
"gpt-6-sol",3960,9.18128030287087
"gpt-6-sol",3961,9.29319453908228
"gpt-6-sol",3962,11.9106805203378
"gpt-6-sol",3963,9.25397496490537
"gpt-6-sol",3964,11.4077358675277
"gpt-6-sol",3965,11.184747529702
"gpt-6-sol",3966,12.0482543797381
"gpt-6-sol",3967,11.0520334122707
"gpt-6-sol",3968,5.6247982633527
"gpt-6-sol",3969,11.6194756234404
"gpt-6-sol",3970,12.3587872960875
"gpt-6-sol",3971,5.66707164724627
"gpt-6-sol",3972,10.9139934416714
"gpt-6-sol",3973,11.9860877165037
"gpt-6-sol",3974,11.0282332314756
"gpt-6-sol",3975,11.5363497174707
"gpt-6-sol",3976,11.7575739536223
"gpt-6-sol",3977,11.7575739536223
"gpt-6-sol",3978,11.3567257356092
"gpt-6-sol",3979,12.4396327764051
"gpt-6-sol",3980,11.2052489660131
"gpt-6-sol",3981,12.1197941101265
"gpt-6-sol",3982,12.299566899254
"gpt-6-sol",3983,9.29319453908229
"gpt-6-sol",3984,12.15944959441
"gpt-6-sol",3985,9.08578148346794
"gpt-6-sol",3986,11.4077358675277
"gpt-6-sol",3987,9.01855090173411
"gpt-6-sol",3988,11.4889573271642
"gpt-6-sol",3989,12.15944959441
"gpt-6-sol",3990,11.7345349739644
"gpt-6-sol",3991,11.7990365631842
"gpt-6-sol",3992,5.73298219017919
"gpt-6-sol",3993,11.4130552315211
"gpt-6-sol",3994,10.3424746017776
"gpt-6-sol",3995,10.828995260728
"gpt-6-sol",3996,10.9562592650298
"gpt-6-sol",3997,8.95129538586141
"gpt-6-sol",3998,11.4130552315212
"gpt-6-sol",3999,11.7345349739644
"gpt-6-sol",4000,12.434746969058
"gpt-6-sol",4001,12.8621800093793
"gpt-6-sol",4002,11.5363497174707
"gpt-6-sol",4003,12.0869959919141
"gpt-6-sol",4004,10.9562592650298
"gpt-6-sol",4005,11.5363497174707
"gpt-6-sol",4006,11.0520334122707
"gpt-6-sol",4007,10.828995260728
"gpt-6-sol",4008,11.9106805203378
"gpt-6-sol",4009,9.18128030287087
"gpt-6-sol",4010,5.66707164724628
"gpt-6-sol",4011,12.4084720034984
"gpt-6-sol",4012,12.4396327764051
"gpt-6-sol",4013,5.44207748799028
"gpt-6-sol",4014,0.818283858089389
"gpt-6-sol",4015,10.3770374094115
"gpt-6-sol",4016,9.11081900323769
"gpt-6-sol",4017,9.1241347675683
"gpt-6-sol",4018,11.0520334122707
"gpt-6-sol",4019,8.95129538586141
"gpt-6-sol",4020,10.6126662557847
"gpt-6-sol",4021,11.7345349739644
"gpt-6-sol",4022,8.58256774719986
"gpt-6-sol",4023,11.5363497174707
"gpt-6-sol",4024,10.9139934416714
"gpt-6-sol",4025,12.2291471033789
"gpt-6-sol",4026,11.7123071335702
"gpt-6-sol",4027,11.7990365631842
"gpt-6-sol",4028,10.9331401907021
"gpt-6-sol",4029,11.0144174579613
"gpt-6-sol",4030,12.4078419689603
"gpt-6-sol",4031,12.4894948918491
"gpt-6-sol",4032,12.4894948918491
"gpt-6-sol",4033,12.299566899254
"gpt-6-sol",4034,11.6915979251299
"gpt-6-sol",4035,12.1197941101265
"gpt-6-sol",4036,8.9009864261414
"gpt-6-sol",4037,11.7345349739644
"gpt-6-sol",4038,12.6233049567609
"gpt-6-sol",4039,11.4130552315212
"gpt-6-sol",4040,11.2052489660131
"gpt-6-sol",4041,5.62479826335273
"gpt-6-sol",4042,11.9860877165037
"gpt-6-sol",4043,9.38531562131127
"gpt-6-sol",4044,11.6194756234405
"gpt-6-sol",4045,9.38531562131127
"gpt-6-sol",4046,10.3770374094115
"gpt-6-sol",4047,10.6513053803213
"gpt-6-sol",4048,5.42630482878006
"gpt-6-sol",4049,10.3770374094115
"gpt-6-sol",4050,11.1189809410932
"gpt-6-sol",4051,5.4420774879903
"gpt-6-sol",4052,10.9139934416714
"gpt-6-sol",4053,12.15944959441
"gpt-6-sol",4054,11.4791249202264
"gpt-6-sol",4055,10.6513053803212
"gpt-6-sol",4056,8.5765455254528
"gpt-6-sol",4057,11.184747529702
"gpt-6-sol",4058,9.12413476756833
"gpt-6-sol",4059,11.0610946378015
"gpt-6-sol",4060,9.29319453908228
"gpt-6-sol",4061,11.4894564498719
"gpt-6-sol",4062,11.5868728841996
"gpt-6-sol",4063,11.0520334122707
"gpt-6-sol",4064,12.4084720034984
"gpt-6-sol",4065,9.25397496490535
"gpt-6-sol",4066,11.3567257356092
"gpt-6-sol",4067,12.4414766580215
"gpt-6-sol",4068,9.11081900323769
"gpt-6-sol",4069,10.828995260728
"gpt-6-sol",4070,11.7345349739644
"gpt-6-sol",4071,12.4396327764051
"gpt-6-sol",4072,11.6194756234405
"gpt-6-sol",4073,10.7508648827917
"gpt-6-sol",4074,8.90098642614136
"gpt-6-sol",4075,8.57654552545274
"gpt-6-sol",4076,11.5868728841996
"gpt-6-sol",4077,9.25397496490535
"gpt-6-sol",4078,11.8390651667017
"gpt-6-sol",4079,12.4396327764051
"gpt-6-sol",4080,5.31639700130234
"gpt-6-sol",4081,12.4078419689602
"gpt-6-sol",4082,12.1882429678845
"gpt-6-sol",4083,5.55115672313935
"gpt-6-sol",4084,11.6194756234404
"gpt-6-sol",4085,10.9139934416714
"gpt-6-sol",4086,10.828995260728
"gpt-6-sol",4087,9.08578148346795
"gpt-6-sol",4088,12.7235836098265
"gpt-6-sol",4089,9.18128030287088
"gpt-6-sol",4090,12.434746969058
"gpt-6-sol",4091,5.55115672313935
"gpt-6-sol",4092,11.2052489660132
"gpt-6-sol",4093,5.6247982633527
"gpt-6-sol",4094,12.1197941101265
"gpt-6-sol",4095,12.4084720034984
"gpt-6-sol",4096,7.86828782019598
"gpt-6-sol",4097,12.9895194340548
"gpt-6-sol",4098,11.0520334122707
"gpt-6-sol",4099,11.0144174579613
"gpt-6-sol",4100,9.32393368736612
"gpt-6-sol",4101,12.1197941101265
"gpt-6-sol",4102,11.184747529702
"gpt-6-sol",4103,9.34687435483213
"gpt-6-sol",4104,11.4077358675277
"gpt-6-sol",4105,11.4077358675277
"gpt-6-sol",4106,10.9331401907021
"gpt-6-sol",4107,10.828995260728
"gpt-6-sol",4108,10.9139934416714
"gpt-6-sol",4109,11.8942034111283
"gpt-6-sol",4110,7.86828782019599
"gpt-6-sol",4111,10.828995260728
"gpt-6-sol",4112,10.9331401907021
"gpt-6-sol",4113,10.6513053803213
"gpt-6-sol",4114,11.0610946378015
"gpt-6-sol",4115,8.57654552545275
"gpt-6-sol",4116,11.4791249202264
"gpt-6-sol",4117,10.6126662557847
"gpt-6-sol",4118,9.93942706933904
"gpt-6-sol",4119,12.3587872960874
"gpt-6-sol",4120,12.5038798640397
"gpt-6-sol",4121,11.1189809410932
"gpt-6-sol",4122,11.5363497174707
"gpt-6-sol",4123,10.9139934416714
"gpt-6-sol",4124,11.8757242843888
"gpt-6-sol",4125,9.25397496490537
"gpt-6-sol",4126,12.15944959441
"gpt-6-sol",4127,9.18128030287087
"gpt-6-sol",4128,11.6386798720127
"gpt-6-sol",4129,11.5363497174707
"gpt-6-sol",4130,11.4889573271642
"gpt-6-sol",4131,11.7123071335702
"gpt-6-sol",4132,11.4894564498719
"gpt-6-sol",4133,5.66707164724628
"gpt-6-sol",4134,9.38531562131127
"gpt-6-sol",4135,11.8390651667017
"gpt-6-sol",4136,11.3567257356092
"gpt-6-sol",4137,11.5363497174707
"gpt-6-sol",4138,12.9300846232059
"gpt-6-sol",4139,9.34687435483216
"gpt-6-sol",4140,12.1197941101265
"gpt-6-sol",4141,10.7153750528175
"gpt-6-sol",4142,9.25397496490535
"gpt-6-sol",4143,12.4396327764051
"gpt-6-sol",4144,11.4791249202264
"gpt-6-sol",4145,7.86828782019597
"gpt-6-sol",4146,11.6194756234405
"gpt-6-sol",4147,11.5363497174707
"gpt-6-sol",4148,11.4894564498719
"gpt-6-sol",4149,5.44207748799025
"gpt-6-sol",4150,12.4396327764051
"gpt-6-sol",4151,9.18128030287087
"gpt-6-sol",4152,10.1611679595564
"gpt-6-sol",4153,10.9562592650298
"gpt-6-sol",4154,11.4889573271642
"gpt-6-sol",4155,12.4396327764051
"gpt-6-sol",4156,12.15944959441
"gpt-6-sol",4157,10.6513053803212
"gpt-6-sol",4158,11.5868728841996
"gpt-6-sol",4159,11.7844231310787
"gpt-6-sol",4160,2.89784753199773
"gpt-6-sol",4161,5.55115672313934
"gpt-6-sol",4162,12.1197941101265
"gpt-6-sol",4163,12.6233049567609
"gpt-6-sol",4164,11.6194756234405
"gpt-6-sol",4165,9.01855090173412
"gpt-6-sol",4166,8.57654552545273
"gpt-6-sol",4167,10.6513053803213
"gpt-6-sol",4168,11.4791249202264
"gpt-6-sol",4169,5.44207748799028
"gpt-6-sol",4170,11.4077358675277
"gpt-6-sol",4171,9.12413476756834
"gpt-6-sol",4172,11.7345349739644
"gpt-6-sol",4173,9.38531562131125
"gpt-6-sol",4174,12.7853830710439
"gpt-6-sol",4175,11.6194756234405
"gpt-6-sol",4176,12.3587872960875
"gpt-6-sol",4177,8.58256774719984
"gpt-6-sol",4178,9.29319453908228
"gpt-6-sol",4179,11.5363497174707
"gpt-6-sol",4180,12.6233049567609
"gpt-6-sol",4181,10.9139934416714
"gpt-6-sol",4182,11.7478799302834
"gpt-6-sol",4183,12.4396327764051
"gpt-6-sol",4184,11.0520334122707
"gpt-6-sol",4185,12.434746969058
"gpt-6-sol",4186,11.7345349739644
"gpt-6-sol",4187,11.4894564498719
"gpt-6-sol",4188,9.01855090173412
"gpt-6-sol",4189,11.4889573271642
"gpt-6-sol",4190,10.9139934416714
"gpt-6-sol",4191,11.0520334122707
"gpt-6-sol",4192,10.9139934416714
"gpt-6-sol",4193,11.3567257356092
"gpt-6-sol",4194,10.3424746017776
"gpt-6-sol",4195,12.15944959441
"gpt-6-sol",4196,10.7508648827917
"gpt-6-sol",4197,8.90098642614138
"gpt-6-sol",4198,8.95129538586141
"gpt-6-sol",4199,10.9331401907021
"gpt-6-sol",4200,2.89784753199774
"gpt-6-sol",4201,10.9331401907021
"gpt-6-sol",4202,12.0869959919141
"gpt-6-sol",4203,12.9300846232059
"gpt-6-sol",4204,12.7235836098265
"gpt-6-sol",4205,12.299566899254
"gpt-6-sol",4206,11.3567257356092
"gpt-6-sol",4207,9.12413476756831
"gpt-6-sol",4208,12.1197941101265
"gpt-6-sol",4209,5.31639700130235
"gpt-6-sol",4210,10.9139934416714
"gpt-6-sol",4211,9.11081900323771
"gpt-6-sol",4212,10.7508648827917
"gpt-6-sol",4213,12.4084720034984
"gpt-6-sol",4214,9.01855090173412
"gpt-6-sol",4215,9.01855090173412
"gpt-6-sol",4216,10.1611679595564
"gpt-6-sol",4217,10.9139934416714
"gpt-6-sol",4218,11.4077358675277
"gpt-6-sol",4219,8.97614583317254
"gpt-6-sol",4220,12.3587872960874
"gpt-6-sol",4221,12.4894948918491
"gpt-6-sol",4222,12.4396327764051
"gpt-6-sol",4223,10.6513053803213
"gpt-6-sol",4224,12.7235836098265
"gpt-6-sol",4225,11.1189809410932
"gpt-6-sol",4226,10.9139934416714
"gpt-6-sol",4227,11.7845954209551
"gpt-6-sol",4228,11.7575739536223
"gpt-6-sol",4229,10.3770374094115
"gpt-6-sol",4230,10.1611679595564
"gpt-6-sol",4231,5.49487034426036
"gpt-6-sol",4232,13.0799679989565
"gpt-6-sol",4233,10.6169435932084
"gpt-6-sol",4234,11.9860877165037
"gpt-6-sol",4235,12.9895194340548
"gpt-6-sol",4236,12.4084720034984
"gpt-6-sol",4237,9.11081900323769
"gpt-6-sol",4238,10.9562592650298
"gpt-6-sol",4239,12.9895194340547
"gpt-6-sol",4240,7.86828782019598
"gpt-6-sol",4241,10.3424746017776
"gpt-6-sol",4242,11.0238203641348
"gpt-6-sol",4243,12.4894948918491
"gpt-6-sol",4244,9.18128030287089
"gpt-6-sol",4245,10.828995260728
"gpt-6-sol",4246,11.5363497174707
"gpt-6-sol",4247,12.299566899254
"gpt-6-sol",4248,11.6194756234405
"gpt-6-sol",4249,12.4396327764051
"gpt-6-sol",4250,12.15944959441
"gpt-6-sol",4251,11.9860877165037
"gpt-6-sol",4252,12.1197941101265
"gpt-6-sol",4253,12.1882429678845
"gpt-6-sol",4254,12.4414766580215
"gpt-6-sol",4255,8.97614583317257
"gpt-6-sol",4256,11.4889573271642
"gpt-6-sol",4257,11.7575739536223
"gpt-6-sol",4258,11.0520334122707
"gpt-6-sol",4259,11.3567257356093
"gpt-6-sol",4260,10.6513053803212
"gpt-6-sol",4261,12.6233049567609
"gpt-6-sol",4262,12.3587872960875
"gpt-6-sol",4263,8.90098642614137
"gpt-6-sol",4264,11.5868728841996
"gpt-6-sol",4265,10.6513053803212
"gpt-6-sol",4266,10.6126662557847
"gpt-6-sol",4267,11.1189809410932
"gpt-6-sol",4268,9.38531562131126
"gpt-6-sol",4269,11.4077358675277
"gpt-6-sol",4270,8.58256774719982
"gpt-6-sol",4271,10.9139934416714
"gpt-6-sol",4272,10.9139934416714
"gpt-6-sol",4273,12.15944959441
"gpt-6-sol",4274,9.01855090173412
"gpt-6-sol",4275,5.49487034426033
"gpt-6-sol",4276,12.4396327764051
"gpt-6-sol",4277,11.0520334122707
"gpt-6-sol",4278,9.25397496490537
"gpt-6-sol",4279,10.3770374094115
"gpt-6-sol",4280,9.12413476756828
"gpt-6-sol",4281,12.5038798640397
"gpt-6-sol",4282,12.6233049567609
"gpt-6-sol",4283,11.7990365631842
"gpt-6-sol",4284,9.1108190032377
"gpt-6-sol",4285,10.9139934416714
"gpt-6-sol",4286,9.25397496490536
"gpt-6-sol",4287,11.8942034111283
"gpt-6-sol",4288,9.01855090173412
"gpt-6-sol",4289,5.26140716570685
"gpt-6-sol",4290,12.4084720034984
"gpt-6-sol",4291,8.57654552545273
"gpt-6-sol",4292,11.3567257356092
"gpt-6-sol",4293,11.7990365631842
"gpt-6-sol",4294,9.01855090173413
"gpt-6-sol",4295,12.3587872960875
"gpt-6-sol",4296,12.4894948918491
"gpt-6-sol",4297,10.6513053803213
"gpt-6-sol",4298,11.0144174579613
"gpt-6-sol",4299,11.875448514539
"gpt-6-sol",4300,11.5363497174707
"gpt-6-sol",4301,9.38531562131127
"gpt-6-sol",4302,10.6513053803213
"gpt-6-sol",4303,9.18128030287089
"gpt-6-sol",4304,9.18128030287088
"gpt-6-sol",4305,10.7508648827917
"gpt-6-sol",4306,12.3587872960874
"gpt-6-sol",4307,8.97614583317254
"gpt-6-sol",4308,11.1189809410932
"gpt-6-sol",4309,10.6126662557847
"gpt-6-sol",4310,9.11081900323771
"gpt-6-sol",4311,5.44207748799031
"gpt-6-sol",4312,11.0520334122707
"gpt-6-sol",4313,11.4889573271642
"gpt-6-sol",4314,10.1611679595564
"gpt-6-sol",4315,11.7345349739644
"gpt-6-sol",4316,9.81869922105126
"gpt-6-sol",4317,5.66707164724625
"gpt-6-sol",4318,12.0869959919141
"gpt-6-sol",4319,11.8390651667017
"gpt-6-sol",4320,11.9342834442379
"gpt-6-sol",4321,11.184747529702
"gpt-6-sol",4322,5.42630482878007
"gpt-6-sol",4323,11.0520334122707
"gpt-6-sol",4324,11.4077358675277
"gpt-6-sol",4325,11.3567257356092
"gpt-6-sol",4326,12.1197941101265
"gpt-6-sol",4327,8.9009864261414
"gpt-6-sol",4328,9.38531562131127
"gpt-6-sol",4329,11.9106805203378
"gpt-6-sol",4330,12.434746969058
"gpt-6-sol",4331,11.6386798720127
"gpt-6-sol",4332,11.8942034111283
"gpt-6-sol",4333,12.90932140188
"gpt-6-sol",4334,11.2052489660131
"gpt-6-sol",4335,10.9331401907021
"gpt-6-sol",4336,11.0238203641348
"gpt-6-sol",4337,11.6194756234405
"gpt-6-sol",4338,10.3770374094115
"gpt-6-sol",4339,11.4894564498719
"gpt-6-sol",4340,10.6513053803212
"gpt-6-sol",4341,11.8897117463795
"gpt-6-sol",4342,11.7990365631842
"gpt-6-sol",4343,12.7235836098265
"gpt-6-sol",4344,12.3587872960874
"gpt-6-sol",4345,11.4077358675277
"gpt-6-sol",4346,9.11081900323769
"gpt-6-sol",4347,13.0799679989565
"gpt-6-sol",4348,12.4894948918491
"gpt-6-sol",4349,13.7502280208706
"gpt-6-sol",4350,11.4077358675277
"gpt-6-sol",4351,9.08578148346794
"gpt-6-sol",4352,11.4894564498719
"gpt-6-sol",4353,9.01855090173411
"gpt-6-sol",4354,11.3567257356092
"gpt-6-sol",4355,12.7235836098265
"gpt-6-sol",4356,9.01855090173413
"gpt-6-sol",4357,10.7508648827917
"gpt-6-sol",4358,10.9331401907021
"gpt-6-sol",4359,11.8390651667017
"gpt-6-sol",4360,11.4791249202264
"gpt-6-sol",4361,11.6194756234405
"gpt-6-sol",4362,11.8390651667017
"gpt-6-sol",4363,11.0282332314756
"gpt-6-sol",4364,12.2291471033789
"gpt-6-sol",4365,5.31639700130235
"gpt-6-sol",4366,12.5516313955605
"gpt-6-sol",4367,10.9139934416714
"gpt-6-sol",4368,11.7990365631842
"gpt-6-sol",4369,11.4077358675277
"gpt-6-sol",4370,12.7932949671669
"gpt-6-sol",4371,11.7990365631842
"gpt-6-sol",4372,11.9860877165037
"gpt-6-sol",4373,12.0482543797381
"gpt-6-sol",4374,12.4414766580215
"gpt-6-sol",4375,11.4894564498719
"gpt-6-sol",4376,9.25397496490537
"gpt-6-sol",4377,11.7809076035077
"gpt-6-sol",4378,8.9009864261414
"gpt-6-sol",4379,11.3567257356092
"gpt-6-sol",4380,8.48103380150628
"gpt-6-sol",4381,11.4894564498719
"gpt-6-sol",4382,10.828995260728
"gpt-6-sol",4383,10.828995260728
"gpt-6-sol",4384,12.4396327764051
"gpt-6-sol",4385,9.25397496490537
"gpt-6-sol",4386,11.4077358675277
"gpt-6-sol",4387,12.2291471033789
"gpt-6-sol",4388,5.6144791221571
"gpt-6-sol",4389,11.7575739536223
"gpt-6-sol",4390,11.0282332314756
"gpt-6-sol",4391,8.90098642614139
"gpt-6-sol",4392,10.3770374094115
"gpt-6-sol",4393,11.0610946378015
"gpt-6-sol",4394,11.7845954209552
"gpt-6-sol",4395,2.89784753199773
"gpt-6-sol",4396,11.0282332314756
"gpt-6-sol",4397,9.25397496490538
"gpt-6-sol",4398,12.4894948918491
"gpt-6-sol",4399,12.4078419689603
"gpt-6-sol",4400,12.4396327764051
"gpt-6-sol",4401,12.4078419689603
"gpt-6-sol",4402,11.0238203641348
"gpt-6-sol",4403,11.4889573271642
"gpt-6-sol",4404,12.7235836098265
"gpt-6-sol",4405,8.90098642614139
"gpt-6-sol",4406,11.4077358675277
"gpt-6-sol",4407,11.0520334122707
"gpt-6-sol",4408,9.01855090173412
"gpt-6-sol",4409,8.57654552545275
"gpt-6-sol",4410,12.4396327764051
"gpt-6-sol",4411,5.42630482878007
"gpt-6-sol",4412,11.0520334122707
"gpt-6-sol",4413,11.5363497174707
"gpt-6-sol",4414,11.4077358675277
"gpt-6-sol",4415,11.4894564498719
"gpt-6-sol",4416,10.9139934416714
"gpt-6-sol",4417,8.95129538586141
"gpt-6-sol",4418,12.7235836098265
"gpt-6-sol",4419,10.9562592650298
"gpt-6-sol",4420,12.8621800093793
"gpt-6-sol",4421,8.90098642614137
"gpt-6-sol",4422,11.0520334122707
"gpt-6-sol",4423,8.90098642614138
"gpt-6-sol",4424,9.29319453908228
"gpt-6-sol",4425,11.7345349739644
"gpt-6-sol",4426,11.7345349739644
"gpt-6-sol",4427,9.25397496490536
"gpt-6-sol",4428,12.90932140188
"gpt-6-sol",4429,11.4889573271642
"gpt-6-sol",4430,9.01855090173413
"gpt-6-sol",4431,12.4414766580215
"gpt-6-sol",4432,10.6126662557847
"gpt-6-sol",4433,11.7845954209551
"gpt-6-sol",4434,12.3587872960874
"gpt-6-sol",4435,10.3770374094115
"gpt-6-sol",4436,8.9512953858614
"gpt-6-sol",4437,11.0238203641348
"gpt-6-sol",4438,13.0799679989565
"gpt-6-sol",4439,10.828995260728
"gpt-6-sol",4440,11.8897117463796
"gpt-6-sol",4441,10.3424746017776
"gpt-6-sol",4442,11.7345349739644
"gpt-6-sol",4443,11.0282332314756
"gpt-6-sol",4444,11.5868728841996
"gpt-6-sol",4445,8.57654552545274
"gpt-6-sol",4446,10.1611679595564
"gpt-6-sol",4447,5.6247982633527
"gpt-6-sol",4448,11.8390651667017
"gpt-6-sol",4449,11.4077358675277
"gpt-6-sol",4450,12.1197941101265
"gpt-6-sol",4451,11.4077358675277
"gpt-6-sol",4452,12.8621800093793
"gpt-6-sol",4453,11.4077358675277
"gpt-6-sol",4454,12.1197941101265
"gpt-6-sol",4455,12.8621800093793
"gpt-6-sol",4456,12.299566899254
"gpt-6-sol",4457,10.3770374094115
"gpt-6-sol",4458,8.90098642614139
"gpt-6-sol",4459,9.01855090173412
"gpt-6-sol",4460,9.34687435483215
"gpt-6-sol",4461,10.7508648827917
"gpt-6-sol",4462,10.7508648827917
"gpt-6-sol",4463,12.4414766580215
"gpt-6-sol",4464,11.0520334122707
"gpt-6-sol",4465,8.58256774719982
"gpt-6-sol",4466,12.15944959441
"gpt-6-sol",4467,10.1611679595564
"gpt-6-sol",4468,9.01855090173411
"gpt-6-sol",4469,11.0520334122707
"gpt-6-sol",4470,11.3567257356092
"gpt-6-sol",4471,11.0282332314756
"gpt-6-sol",4472,9.11081900323771
"gpt-6-sol",4473,11.8075962907188
"gpt-6-sol",4474,10.9139934416714
"gpt-6-sol",4475,9.34687435483215
"gpt-6-sol",4476,11.4749368391125
"gpt-6-sol",4477,9.12413476756829
"gpt-6-sol",4478,9.93942706933905
"gpt-6-sol",4479,11.5363497174707
"gpt-6-sol",4480,11.4894564498719
"gpt-6-sol",4481,11.0520334122707
"gpt-6-sol",4482,5.44207748799031
"gpt-6-sol",4483,11.5363497174707
"gpt-6-sol",4484,11.4077358675277
"gpt-6-sol",4485,11.0520334122707
"gpt-6-sol",4486,11.0144174579613
"gpt-6-sol",4487,9.01855090173413
"gpt-6-sol",4488,9.18128030287088
"gpt-6-sol",4489,12.1197941101265
"gpt-6-sol",4490,11.8390651667017
"gpt-6-sol",4491,10.6513053803212
"gpt-6-sol",4492,11.0282332314756
"gpt-6-sol",4493,9.01855090173412
"gpt-6-sol",4494,13.2695280047149
"gpt-6-sol",4495,12.0482543797381
"gpt-6-sol",4496,11.4889573271642
"gpt-6-sol",4497,9.93942706933906
"gpt-6-sol",4498,8.9512953858614
"gpt-6-sol",4499,12.15944959441
"gpt-6-sol",4500,7.86828782019599
"gpt-6-sol",4501,10.2406699478174
"gpt-6-sol",4502,12.434746969058
"gpt-6-sol",4503,11.5363497174707
"gpt-6-sol",4504,8.97614583317257
"gpt-6-sol",4505,10.7153750528175
"gpt-6-sol",4506,11.4077358675277
"gpt-6-sol",4507,11.5363497174707
"gpt-6-sol",4508,10.828995260728
"gpt-6-sol",4509,10.3770374094115
"gpt-6-sol",4510,12.1882429678845
"gpt-6-sol",4511,11.4077358675277
"gpt-6-sol",4512,11.4077358675277
"gpt-6-sol",4513,11.7990365631842
"gpt-6-sol",4514,12.1197941101265
"gpt-6-sol",4515,12.6233049567609
"gpt-6-sol",4516,11.4077358675277
"gpt-6-sol",4517,9.18128030287087
"gpt-6-sol",4518,5.4420774879903
"gpt-6-sol",4519,10.7508648827917
"gpt-6-sol",4520,7.82773377077208
"gpt-6-sol",4521,12.0482543797381
"gpt-6-sol",4522,10.3424746017776
"gpt-6-sol",4523,12.1197941101265
"gpt-6-sol",4524,12.0869959919141
"gpt-6-sol",4525,7.86828782019599
"gpt-6-sol",4526,11.4894564498719
"gpt-6-sol",4527,9.08578148346792
"gpt-6-sol",4528,11.8897117463796
"gpt-6-sol",4529,12.4396327764051
"gpt-6-sol",4530,12.15944959441
"gpt-6-sol",4531,5.26140716570687
"gpt-6-sol",4532,11.4889573271642
"gpt-6-sol",4533,9.08578148346795
"gpt-6-sol",4534,12.9300846232059
"gpt-6-sol",4535,10.828995260728
"gpt-6-sol",4536,12.4396327764051
"gpt-6-sol",4537,10.6513053803213
"gpt-6-sol",4538,12.4414766580215
"gpt-6-sol",4539,11.4077358675277
"gpt-6-sol",4540,12.15944959441
"gpt-6-sol",4541,11.6194756234405
"gpt-6-sol",4542,9.25397496490536
"gpt-6-sol",4543,11.6194756234405
"gpt-6-sol",4544,9.81869922105126
"gpt-6-sol",4545,11.0520334122707
"gpt-6-sol",4546,10.3424746017776
"gpt-6-sol",4547,8.58256774719982
"gpt-6-sol",4548,11.5363497174707
"gpt-6-sol",4549,11.4077358675277
"gpt-6-sol",4550,11.5363497174707
"gpt-6-sol",4551,9.18128030287087
"gpt-6-sol",4552,8.90098642614138
"gpt-6-sol",4553,12.6233049567609
"gpt-6-sol",4554,12.15944959441
"gpt-6-sol",4555,11.4889573271642
"gpt-6-sol",4556,12.4414766580215
"gpt-6-sol",4557,12.15944959441
"gpt-6-sol",4558,12.3885772873665
"gpt-6-sol",4559,12.4084720034984
"gpt-6-sol",4560,11.0610946378015
"gpt-6-sol",4561,10.1611679595564
"gpt-6-sol",4562,11.7844231310787
"gpt-6-sol",4563,10.7508648827917
"gpt-6-sol",4564,2.89784753199774
"gpt-6-sol",4565,12.4414766580215
"gpt-6-sol",4566,10.9139934416714
"gpt-6-sol",4567,12.1197941101265
"gpt-6-sol",4568,8.97614583317255
"gpt-6-sol",4569,9.12413476756828
"gpt-6-sol",4570,8.90098642614138
"gpt-6-sol",4571,10.6513053803213
"gpt-6-sol",4572,11.0610946378015
"gpt-6-sol",4573,12.4396327764051
"gpt-6-sol",4574,12.1197941101265
"gpt-6-sol",4575,5.61447912215708
"gpt-6-sol",4576,12.8621800093793
"gpt-6-sol",4577,10.9562592650298
"gpt-6-sol",4578,12.5516313955605
"gpt-6-sol",4579,12.15944959441
"gpt-6-sol",4580,10.6513053803213
"gpt-6-sol",4581,10.7508648827917
"gpt-6-sol",4582,10.7508648827917
"gpt-6-sol",4583,11.5363497174707
"gpt-6-sol",4584,11.0610946378015
"gpt-6-sol",4585,12.0869959919141
"gpt-6-sol",4586,11.4077358675277
"gpt-6-sol",4587,11.0520334122707
"gpt-6-sol",4588,12.4396327764051
"gpt-6-sol",4589,10.9331401907021
"gpt-6-sol",4590,11.6194756234405
"gpt-6-sol",4591,12.7853830710439
"gpt-6-sol",4592,8.90098642614139
"gpt-6-sol",4593,5.73298219017919
"gpt-6-sol",4594,12.1197941101265
"gpt-6-sol",4595,9.81869922105125
"gpt-6-sol",4596,7.86828782019598
"gpt-6-sol",4597,12.3587872960874
"gpt-6-sol",4598,9.38531562131127
"gpt-6-sol",4599,5.62479826335273
"gpt-6-sol",4600,5.66707164724625
"gpt-6-sol",4601,8.9009864261414
"gpt-6-sol",4602,12.9895194340548
"gpt-6-sol",4603,11.0282332314756
"gpt-6-sol",4604,12.0482543797381
"gpt-6-sol",4605,11.184747529702
"gpt-6-sol",4606,9.12413476756832
"gpt-6-sol",4607,10.7508648827917
"gpt-6-sol",4608,11.4889573271643
"gpt-6-sol",4609,13.0799679989565
"gpt-6-sol",4610,11.8897117463795
"gpt-6-sol",4611,10.7508648827917
"gpt-6-sol",4612,12.4396327764051
"gpt-6-sol",4613,9.08578148346794
"gpt-6-sol",4614,8.58256774719982
"gpt-6-sol",4615,9.25397496490536
"gpt-6-sol",4616,12.0482543797381
"gpt-6-sol",4617,11.8942034111283
"gpt-6-sol",4618,11.7345349739644
"gpt-6-sol",4619,12.2291471033789
"gpt-6-sol",4620,11.0520334122707
"gpt-6-sol",4621,12.4078419689602
"gpt-6-sol",4622,11.7345349739644
"gpt-6-sol",4623,9.1108190032377
"gpt-6-sol",4624,11.5363497174707
"gpt-6-sol",4625,8.57654552545273
"gpt-6-sol",4626,11.7123071335702
"gpt-6-sol",4627,8.90098642614136
"gpt-6-sol",4628,8.48103380150627
"gpt-6-sol",4629,5.31639700130236
"gpt-6-sol",4630,9.08578148346795
"gpt-6-sol",4631,11.6194756234405
"gpt-6-sol",4632,11.7345349739644
"gpt-6-sol",4633,10.6126662557847
"gpt-6-sol",4634,12.3587872960874
"gpt-6-sol",4635,9.08578148346794
"gpt-6-sol",4636,5.31639700130234
"gpt-6-sol",4637,9.01855090173412
"gpt-6-sol",4638,11.4889573271642
"gpt-6-sol",4639,12.15944959441
"gpt-6-sol",4640,12.4084720034984
"gpt-6-sol",4641,11.7844231310787
"gpt-6-sol",4642,12.4894948918491
"gpt-6-sol",4643,8.58256774719982
"gpt-6-sol",4644,12.2291471033789
"gpt-6-sol",4645,8.57654552545273
"gpt-6-sol",4646,10.9331401907021
"gpt-6-sol",4647,11.7345349739644
"gpt-6-sol",4648,11.5363497174707
"gpt-6-sol",4649,11.5363497174707
"gpt-6-sol",4650,11.5363497174707
"gpt-6-sol",4651,12.4396327764051
"gpt-6-sol",4652,12.2291471033789
"gpt-6-sol",4653,11.4077358675277
"gpt-6-sol",4654,11.2052489660132
"gpt-6-sol",4655,11.184747529702
"gpt-6-sol",4656,11.4894564498719
"gpt-6-sol",4657,8.48103380150628
"gpt-6-sol",4658,10.1611679595564
"gpt-6-sol",4659,12.3587872960875
"gpt-6-sol",4660,11.9106805203378
"gpt-6-sol",4661,10.828995260728
"gpt-6-sol",4662,9.25397496490535
"gpt-6-sol",4663,12.4414766580215
"gpt-6-sol",4664,9.38531562131127
"gpt-6-sol",4665,11.3567257356093
"gpt-6-sol",4666,11.4077358675277
"gpt-6-sol",4667,12.4414766580215
"gpt-6-sol",4668,11.7844231310787
"gpt-6-sol",4669,8.97614583317257
"gpt-6-sol",4670,10.6513053803213
"gpt-6-sol",4671,10.6513053803213
"gpt-6-sol",4672,12.4084720034984
"gpt-6-sol",4673,11.7990365631842
"gpt-6-sol",4674,11.4077358675277
"gpt-6-sol",4675,11.4894564498719
"gpt-6-sol",4676,12.3587872960875
"gpt-6-sol",4677,11.0144174579613
"gpt-6-sol",4678,8.95129538586141
"gpt-6-sol",4679,11.7809076035077
"gpt-6-sol",4680,8.95129538586141
"gpt-6-sol",4681,8.9009864261414
"gpt-6-sol",4682,11.875448514539
"gpt-6-sol",4683,11.7123071335702
"gpt-6-sol",4684,10.828995260728
"gpt-6-sol",4685,11.8075962907188
"gpt-6-sol",4686,12.299566899254
"gpt-6-sol",4687,10.7153750528175
"gpt-6-sol",4688,8.90098642614137
"gpt-6-sol",4689,8.90098642614138
"gpt-6-sol",4690,12.1197941101265
"gpt-6-sol",4691,11.3567257356092
"gpt-6-sol",4692,11.4077358675277
"gpt-6-sol",4693,5.42630482878005
"gpt-6-sol",4694,10.828995260728
"gpt-6-sol",4695,9.18128030287087
"gpt-6-sol",4696,12.1197941101265
"gpt-6-sol",4697,8.9512953858614
"gpt-6-sol",4698,11.4077358675277
"gpt-6-sol",4699,10.828995260728
"gpt-6-sol",4700,12.15944959441
"gpt-6-sol",4701,11.4077358675277
"gpt-6-sol",4702,11.7345349739644
"gpt-6-sol",4703,12.4396327764051
"gpt-6-sol",4704,12.1882429678845
"gpt-6-sol",4705,11.184747529702
"gpt-6-sol",4706,12.299566899254
"gpt-6-sol",4707,12.1197941101265
"gpt-6-sol",4708,10.6513053803213
"gpt-6-sol",4709,8.97614583317255
"gpt-6-sol",4710,12.6233049567609
"gpt-6-sol",4711,11.4889573271642
"gpt-6-sol",4712,5.31639700130236
"gpt-6-sol",4713,10.7508648827917
"gpt-6-sol",4714,11.0520334122707
"gpt-6-sol",4715,10.9331401907021
"gpt-6-sol",4716,9.01855090173412
"gpt-6-sol",4717,5.6247982633527
"gpt-6-sol",4718,9.11081900323769
"gpt-6-sol",4719,5.49487034426034
"gpt-6-sol",4720,12.90932140188
"gpt-6-sol",4721,11.4894564498719
"gpt-6-sol",4722,11.6915979251299
"gpt-6-sol",4723,9.29319453908228
"gpt-6-sol",4724,12.9213824590089
"gpt-6-sol",4725,12.3587872960875
"gpt-6-sol",4726,11.7345349739644
"gpt-6-sol",4727,9.01855090173412
"gpt-6-sol",4728,7.86828782019598
"gpt-6-sol",4729,9.11081900323769
"gpt-6-sol",4730,11.5363497174707
"gpt-6-sol",4731,10.6126662557847
"gpt-6-sol",4732,5.61447912215708
"gpt-6-sol",4733,12.299566899254
"gpt-6-sol",4734,11.6194756234405
"gpt-6-sol",4735,12.4414766580215
"gpt-6-sol",4736,12.15944959441
"gpt-6-sol",4737,11.9106805203378
"gpt-6-sol",4738,10.7508648827917
"gpt-6-sol",4739,10.3770374094115
"gpt-6-sol",4740,10.9331401907021
"gpt-6-sol",4741,11.7990365631842
"gpt-6-sol",4742,12.7932949671669
"gpt-6-sol",4743,11.7990365631842
"gpt-6-sol",4744,11.7478799302834
"gpt-6-sol",4745,9.38531562131128
"gpt-6-sol",4746,11.6715570379046
"gpt-6-sol",4747,7.86828782019598
"gpt-6-sol",4748,11.8684670705314
"gpt-6-sol",4749,10.9331401907021
"gpt-6-sol",4750,12.4078419689603
"gpt-6-sol",4751,9.34687435483215
"gpt-6-sol",4752,8.58256774719982
"gpt-6-sol",4753,8.57654552545275
"gpt-6-sol",4754,8.90098642614138
"gpt-6-sol",4755,9.11081900323769
"gpt-6-sol",4756,10.6513053803212
"gpt-6-sol",4757,11.7575739536223
"gpt-6-sol",4758,8.97614583317255
"gpt-6-sol",4759,12.3587872960874
"gpt-6-sol",4760,12.1197941101265
"gpt-6-sol",4761,12.3587872960874
"gpt-6-sol",4762,10.9331401907021
"gpt-6-sol",4763,12.299566899254
"gpt-6-sol",4764,11.4889573271642
"gpt-6-sol",4765,10.828995260728
"gpt-6-sol",4766,8.9009864261414
"gpt-6-sol",4767,10.7153750528175
"gpt-6-sol",4768,10.828995260728
"gpt-6-sol",4769,12.4084720034984
"gpt-6-sol",4770,10.9139934416714
"gpt-6-sol",4771,11.4894564498719
"gpt-6-sol",4772,9.29319453908228
"gpt-6-sol",4773,10.3770374094115
"gpt-6-sol",4774,10.7153750528175
"gpt-6-sol",4775,8.97614583317254
"gpt-6-sol",4776,11.4894564498719
"gpt-6-sol",4777,12.3587872960875
"gpt-6-sol",4778,11.5363497174707
"gpt-6-sol",4779,12.4894948918491
"gpt-6-sol",4780,13.7502280208706
"gpt-6-sol",4781,12.15944959441
"gpt-6-sol",4782,11.8075962907188
"gpt-6-sol",4783,11.184747529702
"gpt-6-sol",4784,8.57654552545274
"gpt-6-sol",4785,11.7345349739644
"gpt-6-sol",4786,11.4791249202265
"gpt-6-sol",4787,9.11081900323767
"gpt-6-sol",4788,9.25397496490535
"gpt-6-sol",4789,12.4894948918491
"gpt-6-sol",4790,10.3770374094115
"gpt-6-sol",4791,11.4889573271642
"gpt-6-sol",4792,7.82773377077207
"gpt-6-sol",4793,11.4889573271642
"gpt-6-sol",4794,11.4077358675277
"gpt-6-sol",4795,11.4894564498719
"gpt-6-sol",4796,9.08578148346793
"gpt-6-sol",4797,11.4130552315212
"gpt-6-sol",4798,8.90098642614136
"gpt-6-sol",4799,10.3424746017776
"gpt-6-sol",4800,12.7235836098265
"gpt-6-sol",4801,11.5868728841996
"gpt-6-sol",4802,9.01855090173413
"gpt-6-sol",4803,12.2291471033789
"gpt-6-sol",4804,12.4084720034984
"gpt-6-sol",4805,8.95129538586141
"gpt-6-sol",4806,11.0520334122707
"gpt-6-sol",4807,11.4889573271642
"gpt-6-sol",4808,11.7845954209551
"gpt-6-sol",4809,9.11081900323769
"gpt-6-sol",4810,10.6126662557847
"gpt-6-sol",4811,11.7345349739644
"gpt-6-sol",4812,9.32393368736613
"gpt-6-sol",4813,11.2052489660131
"gpt-6-sol",4814,9.25397496490536
"gpt-6-sol",4815,10.9139934416714
"gpt-6-sol",4816,11.4749368391125
"gpt-6-sol",4817,11.3567257356092
"gpt-6-sol",4818,11.1189809410932
"gpt-6-sol",4819,12.4078419689603
"gpt-6-sol",4820,11.4130552315212
"gpt-6-sol",4821,11.0520334122707
"gpt-6-sol",4822,11.7123071335702
"gpt-6-sol",4823,10.7153750528175
"gpt-6-sol",4824,9.34687435483214
"gpt-6-sol",4825,11.6194756234405
"gpt-6-sol",4826,9.25397496490537
"gpt-6-sol",4827,10.7508648827917
"gpt-6-sol",4828,10.6126662557847
"gpt-6-sol",4829,11.4077358675277
"gpt-6-sol",4830,5.66707164724626
"gpt-6-sol",4831,11.4889573271642
"gpt-6-sol",4832,11.7345349739644
"gpt-6-sol",4833,10.7508648827917
"gpt-6-sol",4834,8.90098642614137
"gpt-6-sol",4835,10.9331401907022
"gpt-6-sol",4836,9.38531562131127
"gpt-6-sol",4837,11.5363497174707
"gpt-6-sol",4838,12.1197941101265
"gpt-6-sol",4839,10.6513053803212
"gpt-6-sol",4840,10.6513053803213
"gpt-6-sol",4841,11.8075962907188
"gpt-6-sol",4842,12.4894948918491
"gpt-6-sol",4843,11.5868728841996
"gpt-6-sol",4844,8.58256774719982
"gpt-6-sol",4845,11.5363497174707
"gpt-6-sol",4846,9.32393368736613
"gpt-6-sol",4847,12.15944959441
"gpt-6-sol",4848,11.3567257356092
"gpt-6-sol",4849,8.9512953858614
"gpt-6-sol",4850,11.9342834442379
"gpt-6-sol",4851,9.01855090173413
"gpt-6-sol",4852,12.9213824590089
"gpt-6-sol",4853,11.8075962907188
"gpt-6-sol",4854,12.4414766580215
"gpt-6-sol",4855,11.184747529702
"gpt-6-sol",4856,11.4894564498719
"gpt-6-sol",4857,8.57654552545273
"gpt-6-sol",4858,11.5363497174707
"gpt-6-sol",4859,12.6233049567609
"gpt-6-sol",4860,12.4414766580215
"gpt-6-sol",4861,5.55115672313933
"gpt-6-sol",4862,9.32393368736613
"gpt-6-sol",4863,12.434746969058
"gpt-6-sol",4864,12.1197941101265
"gpt-6-sol",4865,11.7990365631842
"gpt-6-sol",4866,12.7853830710439
"gpt-6-sol",4867,11.4077358675277
"gpt-6-sol",4868,10.3424746017776
"gpt-6-sol",4869,10.7508648827917
"gpt-6-sol",4870,12.1197941101265
"gpt-6-sol",4871,10.9139934416714
"gpt-6-sol",4872,5.61447912215708
"gpt-6-sol",4873,10.6169435932083
"gpt-6-sol",4874,12.8621800093793
"gpt-6-sol",4875,12.505742419346
"gpt-6-sol",4876,11.4889573271642
"gpt-6-sol",4877,12.5516313955605
"gpt-6-sol",4878,12.4396327764051
"gpt-6-sol",4879,2.50923687922557
"gpt-6-sol",4880,12.15944959441
"gpt-6-sol",4881,10.3770374094115
"gpt-6-sol",4882,12.4396327764051
"gpt-6-sol",4883,10.828995260728
"gpt-6-sol",4884,12.3587872960875
"gpt-6-sol",4885,11.3567257356092
"gpt-6-sol",4886,12.7235836098265
"gpt-6-sol",4887,11.4077358675277
"gpt-6-sol",4888,12.7932949671669
"gpt-6-sol",4889,11.2052489660131
"gpt-6-sol",4890,7.86828782019599
"gpt-6-sol",4891,11.7345349739644
"gpt-6-sol",4892,11.6194756234405
"gpt-6-sol",4893,9.18128030287087
"gpt-6-sol",4894,8.58256774719982
"gpt-6-sol",4895,11.3567257356092
"gpt-6-sol",4896,12.299566899254
"gpt-6-sol",4897,10.6513053803213
"gpt-6-sol",4898,12.4084720034984
"gpt-6-sol",4899,10.2406699478174
"gpt-6-sol",4900,11.2052489660132
"gpt-6-sol",4901,11.7478799302834
"gpt-6-sol",4902,10.7508648827917
"gpt-6-sol",4903,5.31639700130235
"gpt-6-sol",4904,12.1197941101265
"gpt-6-sol",4905,12.1882429678845
"gpt-6-sol",4906,11.8390651667017
"gpt-6-sol",4907,5.62479826335273
"gpt-6-sol",4908,12.4894948918491
"gpt-6-sol",4909,12.4396327764051
"gpt-6-sol",4910,8.97614583317256
"gpt-6-sol",4911,11.7990365631842
"gpt-6-sol",4912,8.95129538586141
"gpt-6-sol",4913,9.01855090173414
"gpt-6-sol",4914,11.2836580586491
"gpt-6-sol",4915,11.0282332314756
"gpt-6-sol",4916,11.4077358675277
"gpt-6-sol",4917,11.9860877165037
"gpt-6-sol",4918,10.6513053803213
"gpt-6-sol",4919,10.9331401907021
"gpt-6-sol",4920,12.4396327764051
"gpt-6-sol",4921,8.97614583317255
"gpt-6-sol",4922,11.8075962907188
"gpt-6-sol",4923,2.89784753199775
"gpt-6-sol",4924,12.1197941101265
"gpt-6-sol",4925,5.44207748799029
"gpt-6-sol",4926,12.1197941101265
"gpt-6-sol",4927,11.4894564498719
"gpt-6-sol",4928,9.25397496490537
"gpt-6-sol",4929,9.38531562131126
"gpt-6-sol",4930,5.66707164724623
"gpt-6-sol",4931,12.1752843591302
"gpt-6-sol",4932,11.7345349739644
"gpt-6-sol",4933,8.58256774719981
"gpt-6-sol",4934,12.4396327764051
"gpt-6-sol",4935,10.1611679595564
"gpt-6-sol",4936,11.3567257356092
"gpt-6-sol",4937,11.5363497174707
"gpt-6-sol",4938,11.7345349739644
"gpt-6-sol",4939,12.4078419689603
"gpt-6-sol",4940,12.15944959441
"gpt-6-sol",4941,12.4078419689602
"gpt-6-sol",4942,9.01855090173412
"gpt-6-sol",4943,12.1197941101265
"gpt-6-sol",4944,12.5516313955605
"gpt-6-sol",4945,10.7508648827917
"gpt-6-sol",4946,5.66707164724625
"gpt-6-sol",4947,12.8621800093793
"gpt-6-sol",4948,12.3885772873664
"gpt-6-sol",4949,11.5363497174707
"gpt-6-sol",4950,12.5038798640397
"gpt-6-sol",4951,11.4077358675277
"gpt-6-sol",4952,11.6194756234405
"gpt-6-sol",4953,11.5363497174707
"gpt-6-sol",4954,11.4077358675277
"gpt-6-sol",4955,10.7508648827917
"gpt-6-sol",4956,11.7345349739644
"gpt-6-sol",4957,12.4078419689602
"gpt-6-sol",4958,10.9139934416714
"gpt-6-sol",4959,11.4077358675277
"gpt-6-sol",4960,12.505742419346
"gpt-6-sol",4961,12.4396327764051
"gpt-6-sol",4962,12.4894948918491
"gpt-6-sol",4963,12.2291471033789
"gpt-6-sol",4964,12.4414766580215
"gpt-6-sol",4965,11.0520334122707
"gpt-6-sol",4966,11.4077358675277
"gpt-6-sol",4967,9.25397496490537
"gpt-6-sol",4968,10.6126662557847
"gpt-6-sol",4969,12.1197941101265
"gpt-6-sol",4970,12.5516313955605
"gpt-6-sol",4971,11.8390651667017
"gpt-6-sol",4972,11.4889573271642
"gpt-6-sol",4973,11.4889573271642
"gpt-6-sol",4974,11.6194756234405
"gpt-6-sol",4975,10.3770374094115
"gpt-6-sol",4976,12.4396327764051
"gpt-6-sol",4977,12.6233049567609
"gpt-6-sol",4978,9.18128030287087
"gpt-6-sol",4979,11.5868728841996
"gpt-6-sol",4980,11.7345349739644
"gpt-6-sol",4981,12.299566899254
"gpt-6-sol",4982,9.18128030287087
"gpt-6-sol",4983,9.25397496490535
"gpt-6-sol",4984,10.9139934416714
"gpt-6-sol",4985,12.9895194340547
"gpt-6-sol",4986,11.5363497174707
"gpt-6-sol",4987,11.7844231310787
"gpt-6-sol",4988,11.7123071335702
"gpt-6-sol",4989,10.3770374094115
"gpt-6-sol",4990,11.7845954209552
"gpt-6-sol",4991,8.90098642614138
"gpt-6-sol",4992,11.7575739536223
"gpt-6-sol",4993,8.57654552545274
"gpt-6-sol",4994,5.31639700130234
"gpt-6-sol",4995,11.0520334122707
"gpt-6-sol",4996,11.0520334122707
"gpt-6-sol",4997,9.38531562131127
"gpt-6-sol",4998,5.44207748799029
"gpt-6-sol",4999,12.4084720034984
"gpt-6-sol",5000,1.62667879842543
"gpt-6.1-sol",1,1.14705245764049
"gpt-6.1-sol",2,24.1613567838181
"gpt-6.1-sol",3,5.84266498355599
"gpt-6.1-sol",4,4.69524569262888
"gpt-6.1-sol",5,5.12447796271958
"gpt-6.1-sol",6,5.58139425191465
"gpt-6.1-sol",7,6.74930246688793
"gpt-6.1-sol",8,1.24282843593199
"gpt-6.1-sol",9,6.13973263955715
"gpt-6.1-sol",10,2.92151781308123
"gpt-6.1-sol",11,6.13973263955716
"gpt-6.1-sol",12,5.60052907671985
"gpt-6.1-sol",13,9.86430581803346
"gpt-6.1-sol",14,2.4076549199435
"gpt-6.1-sol",15,2.14021155318285
"gpt-6.1-sol",16,3.44254161804487
"gpt-6.1-sol",17,6.74930246688791
"gpt-6.1-sol",18,3.44254161804489
"gpt-6.1-sol",19,4.46771284148698
"gpt-6.1-sol",20,7.29699601421174
"gpt-6.1-sol",21,4.204216335166
"gpt-6.1-sol",22,3.36358521902868
"gpt-6.1-sol",23,24.161356783818
"gpt-6.1-sol",24,6.39686330750751
"gpt-6.1-sol",25,4.8091652156133
"gpt-6.1-sol",26,2.53847114594788
"gpt-6.1-sol",27,3.90428218373835
"gpt-6.1-sol",28,6.99919388728515
"gpt-6.1-sol",29,10.2124075237002
"gpt-6.1-sol",30,-0.283092383289962
"gpt-6.1-sol",31,39.6011589820854
"gpt-6.1-sol",32,6.91328234142361
"gpt-6.1-sol",33,-0.0317483487820074
"gpt-6.1-sol",34,7.58935554529429
"gpt-6.1-sol",35,8.59480689232584
"gpt-6.1-sol",36,9.64096804110966
"gpt-6.1-sol",37,3.66169107743897
"gpt-6.1-sol",38,10.9731975797637
"gpt-6.1-sol",39,5.12447796271956
"gpt-6.1-sol",40,3.66169107743897
"gpt-6.1-sol",41,7.68034449354975
"gpt-6.1-sol",42,3.36358521902868
"gpt-6.1-sol",43,2.19278513146571
"gpt-6.1-sol",44,3.67035354340491
"gpt-6.1-sol",45,9.64096804110966
"gpt-6.1-sol",46,7.95961321771522
"gpt-6.1-sol",47,8.69113307676905
"gpt-6.1-sol",48,9.64096804110965
"gpt-6.1-sol",49,2.14021155318285
"gpt-6.1-sol",50,2.93549359807279
"gpt-6.1-sol",51,5.37747512061556
"gpt-6.1-sol",52,1.9294516950879
"gpt-6.1-sol",53,6.74795197329486
"gpt-6.1-sol",54,3.67035354340491
"gpt-6.1-sol",55,-0.277524346116998
"gpt-6.1-sol",56,4.46771284148699
"gpt-6.1-sol",57,6.91328234142361
"gpt-6.1-sol",58,6.99919388728516
"gpt-6.1-sol",59,10.2124075237002
"gpt-6.1-sol",60,6.68089816721008
"gpt-6.1-sol",61,3.58964928847414
"gpt-6.1-sol",62,9.86430581803346
"gpt-6.1-sol",63,24.8300170948015
"gpt-6.1-sol",64,4.69524569262886
"gpt-6.1-sol",65,2.5384711459479
"gpt-6.1-sol",66,4.36767149209229
"gpt-6.1-sol",67,7.95961321771522
"gpt-6.1-sol",68,2.5384711459479
"gpt-6.1-sol",69,8.93316719435467
"gpt-6.1-sol",70,2.53847114594789
"gpt-6.1-sol",71,5.23853603652394
"gpt-6.1-sol",72,24.1613567838181
"gpt-6.1-sol",73,4.8091652156133
"gpt-6.1-sol",74,25.5609597870215
"gpt-6.1-sol",75,4.65138282085304
"gpt-6.1-sol",76,5.58139425191466
"gpt-6.1-sol",77,0.994899798754459
"gpt-6.1-sol",78,4.80916521561332
"gpt-6.1-sol",79,3.71092394058706
"gpt-6.1-sol",80,3.36976449023729
"gpt-6.1-sol",81,5.83362160874472
"gpt-6.1-sol",82,4.65138282085304
"gpt-6.1-sol",83,7.95961321771524
"gpt-6.1-sol",84,4.81756905604555
"gpt-6.1-sol",85,3.87888419477679
"gpt-6.1-sol",86,4.17716862295764
"gpt-6.1-sol",87,6.74795197329486
"gpt-6.1-sol",88,3.86881819341202
"gpt-6.1-sol",89,-0.277524346116998
"gpt-6.1-sol",90,6.72114500727542
"gpt-6.1-sol",91,4.48812639927288
"gpt-6.1-sol",92,1.01297094543677
"gpt-6.1-sol",93,5.84266498355599
"gpt-6.1-sol",94,7.29699601421177
"gpt-6.1-sol",95,2.4076549199435
"gpt-6.1-sol",96,10.9731975797637
"gpt-6.1-sol",97,4.17716862295767
"gpt-6.1-sol",98,28.6204369940708
"gpt-6.1-sol",99,9.45718555494223
"gpt-6.1-sol",100,4.36767149209225
"gpt-6.1-sol",101,3.58964928847415
"gpt-6.1-sol",102,9.45718555494223
"gpt-6.1-sol",103,4.60343278588045
"gpt-6.1-sol",104,2.53847114594791
"gpt-6.1-sol",105,-0.432344489155395
"gpt-6.1-sol",106,5.83362160874472
"gpt-6.1-sol",107,5.84266498355599
"gpt-6.1-sol",108,4.65138282085304
"gpt-6.1-sol",109,6.44118884224831
"gpt-6.1-sol",110,4.77225982360901
"gpt-6.1-sol",111,5.70741860166005
"gpt-6.1-sol",112,8.59480689232585
"gpt-6.1-sol",113,3.90428218373835
"gpt-6.1-sol",114,3.71092394058707
"gpt-6.1-sol",115,6.68089816721006
"gpt-6.1-sol",116,23.7035470963407
"gpt-6.1-sol",117,6.7493024668879
"gpt-6.1-sol",118,4.76854033771035
"gpt-6.1-sol",119,2.10465492622974
"gpt-6.1-sol",120,2.32902699380239
"gpt-6.1-sol",121,3.86881819341202
"gpt-6.1-sol",122,4.60343278588046
"gpt-6.1-sol",123,4.77225982360901
"gpt-6.1-sol",124,7.29699601421171
"gpt-6.1-sol",125,5.58139425191468
"gpt-6.1-sol",126,7.29699601421174
"gpt-6.1-sol",127,5.12447796271956
"gpt-6.1-sol",128,6.68089816721006
"gpt-6.1-sol",129,2.32902699380241
"gpt-6.1-sol",130,3.36358521902869
"gpt-6.1-sol",131,5.84266498355599
"gpt-6.1-sol",132,1.14705245764049
"gpt-6.1-sol",133,4.46771284148698
"gpt-6.1-sol",134,7.29699601421175
"gpt-6.1-sol",135,6.4411888422483
"gpt-6.1-sol",136,5.58139425191468
"gpt-6.1-sol",137,9.86430581803346
"gpt-6.1-sol",138,10.1037348908941
"gpt-6.1-sol",139,3.36358521902867
"gpt-6.1-sol",140,7.95106118677674
"gpt-6.1-sol",141,6.9132823414236
"gpt-6.1-sol",142,3.19912282990033
"gpt-6.1-sol",143,5.77307852856877
"gpt-6.1-sol",144,3.66169107743896
"gpt-6.1-sol",145,3.36976449023729
"gpt-6.1-sol",146,6.13973263955715
"gpt-6.1-sol",147,5.18309769970082
"gpt-6.1-sol",148,9.64096804110965
"gpt-6.1-sol",149,5.12447796271956
"gpt-6.1-sol",150,5.77307852856876
"gpt-6.1-sol",151,10.2124075237002
"gpt-6.1-sol",152,0.994899798754466
"gpt-6.1-sol",153,2.14021155318284
"gpt-6.1-sol",154,39.6011589820853
"gpt-6.1-sol",155,0.972478285142322
"gpt-6.1-sol",156,9.86430581803348
"gpt-6.1-sol",157,4.77225982360902
"gpt-6.1-sol",158,3.66169107743898
"gpt-6.1-sol",159,0.994899798754472
"gpt-6.1-sol",160,5.12447796271957
"gpt-6.1-sol",161,3.8788841947768
"gpt-6.1-sol",162,1.98032162510345
"gpt-6.1-sol",163,2.53847114594792
"gpt-6.1-sol",164,7.68034449354975
"gpt-6.1-sol",165,3.8788841947768
"gpt-6.1-sol",166,5.6005290767198
"gpt-6.1-sol",167,6.72114500727539
"gpt-6.1-sol",168,5.84266498355599
"gpt-6.1-sol",169,3.87888419477679
"gpt-6.1-sol",170,9.45718555494223
"gpt-6.1-sol",171,3.67035354340492
"gpt-6.1-sol",172,6.44118884224832
"gpt-6.1-sol",173,7.95961321771524
"gpt-6.1-sol",174,5.53415192399402
"gpt-6.1-sol",175,1.08475847295088
"gpt-6.1-sol",176,2.53847114594791
"gpt-6.1-sol",177,5.37747512061557
"gpt-6.1-sol",178,6.25120003850969
"gpt-6.1-sol",179,5.83362160874472
"gpt-6.1-sol",180,5.12447796271956
"gpt-6.1-sol",181,5.58139425191468
"gpt-6.1-sol",182,28.6204369940708
"gpt-6.1-sol",183,10.9731975797637
"gpt-6.1-sol",184,5.77307852856876
"gpt-6.1-sol",185,3.36976449023728
"gpt-6.1-sol",186,10.4032738704929
"gpt-6.1-sol",187,8.59480689232585
"gpt-6.1-sol",188,2.10465492622973
"gpt-6.1-sol",189,9.33331132399389
"gpt-6.1-sol",190,7.68034449354974
"gpt-6.1-sol",191,3.36976449023729
"gpt-6.1-sol",192,7.95961321771523
"gpt-6.1-sol",193,5.12447796271958
"gpt-6.1-sol",194,4.69524569262888
"gpt-6.1-sol",195,9.45718555494223
"gpt-6.1-sol",196,3.71092394058708
"gpt-6.1-sol",197,7.09013804226485
"gpt-6.1-sol",198,5.23853603652394
"gpt-6.1-sol",199,4.60343278588045
"gpt-6.1-sol",200,7.58935554529426
"gpt-6.1-sol",201,5.12447796271956
"gpt-6.1-sol",202,2.32902699380242
"gpt-6.1-sol",203,2.32902699380242
"gpt-6.1-sol",204,-0.0317483487820151
"gpt-6.1-sol",205,2.19278513146572
"gpt-6.1-sol",206,4.81756905604556
"gpt-6.1-sol",207,5.53415192399402
"gpt-6.1-sol",208,2.53847114594788
"gpt-6.1-sol",209,7.35303596836579
"gpt-6.1-sol",210,7.95961321771523
"gpt-6.1-sol",211,3.58964928847413
"gpt-6.1-sol",212,3.66169107743898
"gpt-6.1-sol",213,4.36767149209227
"gpt-6.1-sol",214,6.74930246688792
"gpt-6.1-sol",215,4.69524569262889
"gpt-6.1-sol",216,6.4411888422483
"gpt-6.1-sol",217,7.29699601421177
"gpt-6.1-sol",218,6.39686330750751
"gpt-6.1-sol",219,5.60052907671981
"gpt-6.1-sol",220,3.8788841947768
"gpt-6.1-sol",221,3.36358521902867
"gpt-6.1-sol",222,4.77225982360902
"gpt-6.1-sol",223,1.98032162510348
"gpt-6.1-sol",224,7.95961321771523
"gpt-6.1-sol",225,8.9331671943547
"gpt-6.1-sol",226,1.88702152799597
"gpt-6.1-sol",227,6.68089816721006
"gpt-6.1-sol",228,5.12447796271956
"gpt-6.1-sol",229,6.68089816721007
"gpt-6.1-sol",230,6.25120003850969
"gpt-6.1-sol",231,7.35303596836579
"gpt-6.1-sol",232,1.08475847295087
"gpt-6.1-sol",233,4.46771284148698
"gpt-6.1-sol",234,3.71092394058706
"gpt-6.1-sol",235,7.68034449354974
"gpt-6.1-sol",236,5.60052907671981
"gpt-6.1-sol",237,2.53847114594789
"gpt-6.1-sol",238,2.53847114594788
"gpt-6.1-sol",239,3.66169107743896
"gpt-6.1-sol",240,3.36358521902869
"gpt-6.1-sol",241,3.36358521902867
"gpt-6.1-sol",242,1.92945169508789
"gpt-6.1-sol",243,5.23853603652394
"gpt-6.1-sol",244,4.73307812149528
"gpt-6.1-sol",245,3.7109239405871
"gpt-6.1-sol",246,7.68034449354975
"gpt-6.1-sol",247,4.65138282085305
"gpt-6.1-sol",248,6.25120003850967
"gpt-6.1-sol",249,7.95961321771521
"gpt-6.1-sol",250,1.01297094543676
"gpt-6.1-sol",251,4.81756905604555
"gpt-6.1-sol",252,5.53415192399404
"gpt-6.1-sol",253,53.6294082784801
"gpt-6.1-sol",254,9.88465363994938
"gpt-6.1-sol",255,25.5609597870215
"gpt-6.1-sol",256,0.0250726276919307
"gpt-6.1-sol",257,10.4032738704929
"gpt-6.1-sol",258,1.01297094543675
"gpt-6.1-sol",259,10.4032738704929
"gpt-6.1-sol",260,2.40765491994351
"gpt-6.1-sol",261,3.87888419477679
"gpt-6.1-sol",262,2.14021155318287
"gpt-6.1-sol",263,24.8275687110465
"gpt-6.1-sol",264,3.67035354340491
"gpt-6.1-sol",265,56.4929887916155
"gpt-6.1-sol",266,4.80916521561327
"gpt-6.1-sol",267,2.40765491994352
"gpt-6.1-sol",268,3.58964928847413
"gpt-6.1-sol",269,2.4076549199435
"gpt-6.1-sol",270,28.6204369940708
"gpt-6.1-sol",271,6.3968633075075
"gpt-6.1-sol",272,1.9294516950879
"gpt-6.1-sol",273,3.36976449023731
"gpt-6.1-sol",274,2.40765491994349
"gpt-6.1-sol",275,25.5609597870215
"gpt-6.1-sol",276,5.12447796271956
"gpt-6.1-sol",277,9.88465363994934
"gpt-6.1-sol",278,6.13973263955715
"gpt-6.1-sol",279,2.13836063588366
"gpt-6.1-sol",280,1.9294516950879
"gpt-6.1-sol",281,7.95961321771525
"gpt-6.1-sol",282,2.19278513146572
"gpt-6.1-sol",283,2.37021666654164
"gpt-6.1-sol",284,3.71092394058706
"gpt-6.1-sol",285,4.80916521561328
"gpt-6.1-sol",286,3.71092394058707
"gpt-6.1-sol",287,8.93316719435468
"gpt-6.1-sol",288,7.95961321771522
"gpt-6.1-sol",289,5.58139425191467
"gpt-6.1-sol",290,3.19912282990033
"gpt-6.1-sol",291,9.33331132399389
"gpt-6.1-sol",292,5.65200959748038
"gpt-6.1-sol",293,0.837606460553445
"gpt-6.1-sol",294,5.58139425191468
"gpt-6.1-sol",295,7.58935554529428
"gpt-6.1-sol",296,1.30279899837443
"gpt-6.1-sol",297,10.9731975797637
"gpt-6.1-sol",298,3.36976449023729
"gpt-6.1-sol",299,3.17512955336747
"gpt-6.1-sol",300,7.68034449354975
"gpt-6.1-sol",301,3.36976449023729
"gpt-6.1-sol",302,5.70741860166005
"gpt-6.1-sol",303,1.08475847295087
"gpt-6.1-sol",304,2.53847114594791
"gpt-6.1-sol",305,6.13973263955716
"gpt-6.1-sol",306,4.77225982360901
"gpt-6.1-sol",307,3.44254161804489
"gpt-6.1-sol",308,3.71092394058705
"gpt-6.1-sol",309,3.01877911157106
"gpt-6.1-sol",310,4.76854033771035
"gpt-6.1-sol",311,2.13836063588367
"gpt-6.1-sol",312,3.67035354340492
"gpt-6.1-sol",313,5.12447796271956
"gpt-6.1-sol",314,6.99919388728518
"gpt-6.1-sol",315,1.9294516950879
"gpt-6.1-sol",316,10.2124075237002
"gpt-6.1-sol",317,7.29699601421174
"gpt-6.1-sol",318,1.92945169508789
"gpt-6.1-sol",319,6.13973263955717
"gpt-6.1-sol",320,4.77225982360901
"gpt-6.1-sol",321,2.40765491994351
"gpt-6.1-sol",322,3.36358521902867
"gpt-6.1-sol",323,6.13973263955718
"gpt-6.1-sol",324,4.20421633516599
"gpt-6.1-sol",325,5.12447796271957
"gpt-6.1-sol",326,9.64096804110967
"gpt-6.1-sol",327,4.73307812149528
"gpt-6.1-sol",328,28.6204369940707
"gpt-6.1-sol",329,1.08475847295088
"gpt-6.1-sol",330,6.72114500727543
"gpt-6.1-sol",331,5.12447796271956
"gpt-6.1-sol",332,1.01297094543677
"gpt-6.1-sol",333,2.37021666654166
"gpt-6.1-sol",334,4.69524569262886
"gpt-6.1-sol",335,25.5415812359073
"gpt-6.1-sol",336,1.92945169508788
"gpt-6.1-sol",337,1.98032162510348
"gpt-6.1-sol",338,1.01297094543676
"gpt-6.1-sol",339,2.14021155318285
"gpt-6.1-sol",340,7.58935554529428
"gpt-6.1-sol",341,3.66169107743897
"gpt-6.1-sol",342,4.36767149209227
"gpt-6.1-sol",343,5.12447796271956
"gpt-6.1-sol",344,24.161356783818
"gpt-6.1-sol",345,2.32902699380241
"gpt-6.1-sol",346,4.69524569262887
"gpt-6.1-sol",347,1.92945169508788
"gpt-6.1-sol",348,4.8091652156133
"gpt-6.1-sol",349,9.64096804110968
"gpt-6.1-sol",350,9.64096804110968
"gpt-6.1-sol",351,0.994899798754463
"gpt-6.1-sol",352,7.29699601421178
"gpt-6.1-sol",353,2.5384711459479
"gpt-6.1-sol",354,7.58935554529429
"gpt-6.1-sol",355,0.837606460553445
"gpt-6.1-sol",356,6.13973263955716
"gpt-6.1-sol",357,2.32902699380241
"gpt-6.1-sol",358,1.24282843593201
"gpt-6.1-sol",359,3.87888419477682
"gpt-6.1-sol",360,4.69524569262889
"gpt-6.1-sol",361,6.7493024668879
"gpt-6.1-sol",362,9.88465363994933
"gpt-6.1-sol",363,5.70741860166004
"gpt-6.1-sol",364,8.93316719435469
"gpt-6.1-sol",365,3.36358521902869
"gpt-6.1-sol",366,12.3742628618459
"gpt-6.1-sol",367,6.7493024668879
"gpt-6.1-sol",368,5.12447796271956
"gpt-6.1-sol",369,5.12447796271958
"gpt-6.1-sol",370,3.71092394058705
"gpt-6.1-sol",371,1.14705245764048
"gpt-6.1-sol",372,4.69524569262886
"gpt-6.1-sol",373,2.32902699380241
"gpt-6.1-sol",374,7.5893555452943
"gpt-6.1-sol",375,7.58935554529429
"gpt-6.1-sol",376,4.80916521561327
"gpt-6.1-sol",377,6.74795197329486
"gpt-6.1-sol",378,2.5384711459479
"gpt-6.1-sol",379,2.88600919063783
"gpt-6.1-sol",380,1.98032162510348
"gpt-6.1-sol",381,3.19912282990034
"gpt-6.1-sol",382,5.12447796271956
"gpt-6.1-sol",383,4.77225982360902
"gpt-6.1-sol",384,1.24282843593203
"gpt-6.1-sol",385,5.77307852856877
"gpt-6.1-sol",386,7.68034449354977
"gpt-6.1-sol",387,5.84266498355599
"gpt-6.1-sol",388,4.81756905604554
"gpt-6.1-sol",389,5.53415192399402
"gpt-6.1-sol",390,5.12447796271956
"gpt-6.1-sol",391,6.13973263955717
"gpt-6.1-sol",392,7.29699601421176
"gpt-6.1-sol",393,4.48812639927288
"gpt-6.1-sol",394,5.84266498355599
"gpt-6.1-sol",395,8.59480689232585
"gpt-6.1-sol",396,2.53847114594788
"gpt-6.1-sol",397,7.95961321771526
"gpt-6.1-sol",398,4.65138282085305
"gpt-6.1-sol",399,2.19278513146571
"gpt-6.1-sol",400,2.13836063588367
"gpt-6.1-sol",401,6.99919388728516
"gpt-6.1-sol",402,5.84266498355599
"gpt-6.1-sol",403,7.68034449354975
"gpt-6.1-sol",404,2.92151781308123
"gpt-6.1-sol",405,3.90428218373832
"gpt-6.1-sol",406,2.37021666654165
"gpt-6.1-sol",407,9.45718555494221
"gpt-6.1-sol",408,24.8300170948015
"gpt-6.1-sol",409,3.66169107743898
"gpt-6.1-sol",410,-0.0317483487820058
"gpt-6.1-sol",411,24.8300170948015
"gpt-6.1-sol",412,4.81756905604555
"gpt-6.1-sol",413,8.69113307676902
"gpt-6.1-sol",414,6.13973263955715
"gpt-6.1-sol",415,6.44118884224831
"gpt-6.1-sol",416,6.13973263955715
"gpt-6.1-sol",417,2.14021155318285
"gpt-6.1-sol",418,4.60343278588045
"gpt-6.1-sol",419,7.58935554529429
"gpt-6.1-sol",420,39.6011589820854
"gpt-6.1-sol",421,0.175768677094828
"gpt-6.1-sol",422,5.65200959748038
"gpt-6.1-sol",423,6.44118884224832
"gpt-6.1-sol",424,5.70741860166006
"gpt-6.1-sol",425,4.60343278588046
"gpt-6.1-sol",426,9.3333113239939
"gpt-6.1-sol",427,37.7096212875436
"gpt-6.1-sol",428,8.93316719435467
"gpt-6.1-sol",429,7.95961321771523
"gpt-6.1-sol",430,5.12447796271957
"gpt-6.1-sol",431,4.76854033771036
"gpt-6.1-sol",432,25.5609597870215
"gpt-6.1-sol",433,5.70741860166008
"gpt-6.1-sol",434,0.994899798754456
"gpt-6.1-sol",435,2.32902699380241
"gpt-6.1-sol",436,1.98032162510348
"gpt-6.1-sol",437,2.37021666654166
"gpt-6.1-sol",438,3.66169107743897
"gpt-6.1-sol",439,6.68089816721006
"gpt-6.1-sol",440,3.3697644902373
"gpt-6.1-sol",441,24.8300170948015
"gpt-6.1-sol",442,5.84266498355599
"gpt-6.1-sol",443,3.44254161804489
"gpt-6.1-sol",444,6.44118884224834
"gpt-6.1-sol",445,2.13836063588365
"gpt-6.1-sol",446,53.4060099968595
"gpt-6.1-sol",447,6.68089816721008
"gpt-6.1-sol",448,3.19912282990033
"gpt-6.1-sol",449,2.19278513146572
"gpt-6.1-sol",450,6.68089816721007
"gpt-6.1-sol",451,10.4032738704929
"gpt-6.1-sol",452,5.12447796271956
"gpt-6.1-sol",453,2.9215178130812
"gpt-6.1-sol",454,5.12447796271958
"gpt-6.1-sol",455,3.87888419477681
"gpt-6.1-sol",456,3.661691077439
"gpt-6.1-sol",457,3.58964928847415
"gpt-6.1-sol",458,6.72114500727542
"gpt-6.1-sol",459,3.71092394058704
"gpt-6.1-sol",460,3.36358521902867
"gpt-6.1-sol",461,6.13973263955716
"gpt-6.1-sol",462,4.81756905604555
"gpt-6.1-sol",463,2.3290269938024
"gpt-6.1-sol",464,1.01297094543676
"gpt-6.1-sol",465,24.1613567838181
"gpt-6.1-sol",466,6.9132823414236
"gpt-6.1-sol",467,53.6294082784801
"gpt-6.1-sol",468,7.29699601421178
"gpt-6.1-sol",469,7.3530359683658
"gpt-6.1-sol",470,4.69524569262886
"gpt-6.1-sol",471,1.01297094543677
"gpt-6.1-sol",472,3.66169107743899
"gpt-6.1-sol",473,6.44118884224831
"gpt-6.1-sol",474,3.90428218373835
"gpt-6.1-sol",475,1.98032162510348
"gpt-6.1-sol",476,3.86881819341202
"gpt-6.1-sol",477,5.84266498355599
"gpt-6.1-sol",478,3.7109239405871
"gpt-6.1-sol",479,5.12447796271956
"gpt-6.1-sol",480,0.994899798754467
"gpt-6.1-sol",481,1.14705245764048
"gpt-6.1-sol",482,2.14021155318287
"gpt-6.1-sol",483,5.84266498355599
"gpt-6.1-sol",484,10.2124075237002
"gpt-6.1-sol",485,9.3333113239939
"gpt-6.1-sol",486,3.86881819341203
"gpt-6.1-sol",487,5.84266498355597
"gpt-6.1-sol",488,3.3697644902373
"gpt-6.1-sol",489,10.2124075237002
"gpt-6.1-sol",490,4.36767149209225
"gpt-6.1-sol",491,9.86430581803348
"gpt-6.1-sol",492,5.83362160874473
"gpt-6.1-sol",493,4.76854033771035
"gpt-6.1-sol",494,5.70741860166007
"gpt-6.1-sol",495,6.44118884224831
"gpt-6.1-sol",496,2.14063544371439
"gpt-6.1-sol",497,9.88465363994932
"gpt-6.1-sol",498,2.32902699380241
"gpt-6.1-sol",499,2.40765491994351
"gpt-6.1-sol",500,3.67035354340491
"gpt-6.1-sol",501,1.9294516950879
"gpt-6.1-sol",502,4.69524569262888
"gpt-6.1-sol",503,7.58935554529429
"gpt-6.1-sol",504,2.93549359807279
"gpt-6.1-sol",505,24.8300170948015
"gpt-6.1-sol",506,6.72114500727543
"gpt-6.1-sol",507,6.9132823414236
"gpt-6.1-sol",508,4.80916521561329
"gpt-6.1-sol",509,3.67035354340492
"gpt-6.1-sol",510,3.87888419477681
"gpt-6.1-sol",511,10.4032738704929
"gpt-6.1-sol",512,6.72114500727543
"gpt-6.1-sol",513,6.74930246688792
"gpt-6.1-sol",514,3.19912282990033
"gpt-6.1-sol",515,6.9132823414236
"gpt-6.1-sol",516,4.80916521561331
"gpt-6.1-sol",517,1.92945169508788
"gpt-6.1-sol",518,6.74930246688793
"gpt-6.1-sol",519,2.14021155318287
"gpt-6.1-sol",520,24.8275687110465
"gpt-6.1-sol",521,2.88600919063783
"gpt-6.1-sol",522,5.65200959748036
"gpt-6.1-sol",523,9.64096804110967
"gpt-6.1-sol",524,7.58935554529427
"gpt-6.1-sol",525,3.66169107743896
"gpt-6.1-sol",526,6.9132823414236
"gpt-6.1-sol",527,6.44118884224834
"gpt-6.1-sol",528,37.7096212875436
"gpt-6.1-sol",529,1.92945169508788
"gpt-6.1-sol",530,2.32902699380239
"gpt-6.1-sol",531,3.36976449023728
"gpt-6.1-sol",532,6.74930246688791
"gpt-6.1-sol",533,5.18309769970083
"gpt-6.1-sol",534,3.90428218373835
"gpt-6.1-sol",535,5.12447796271958
"gpt-6.1-sol",536,5.65200959748036
"gpt-6.1-sol",537,3.17512955336746
"gpt-6.1-sol",538,3.71092394058707
"gpt-6.1-sol",539,9.64096804110967
"gpt-6.1-sol",540,6.68089816721007
"gpt-6.1-sol",541,7.95106118677674
"gpt-6.1-sol",542,5.12447796271957
"gpt-6.1-sol",543,3.66169107743898
"gpt-6.1-sol",544,5.77307852856877
"gpt-6.1-sol",545,6.44118884224831
"gpt-6.1-sol",546,5.12447796271957
"gpt-6.1-sol",547,6.25120003850969
"gpt-6.1-sol",548,9.64096804110965
"gpt-6.1-sol",549,9.86430581803345
"gpt-6.1-sol",550,7.29699601421175
"gpt-6.1-sol",551,6.74930246688789
"gpt-6.1-sol",552,3.87888419477682
"gpt-6.1-sol",553,8.59480689232585
"gpt-6.1-sol",554,4.46771284148699
"gpt-6.1-sol",555,4.20421633516599
"gpt-6.1-sol",556,3.36358521902868
"gpt-6.1-sol",557,5.83362160874471
"gpt-6.1-sol",558,5.84266498355599
"gpt-6.1-sol",559,5.58139425191466
"gpt-6.1-sol",560,2.13836063588366
"gpt-6.1-sol",561,5.12447796271957
"gpt-6.1-sol",562,5.12447796271955
"gpt-6.1-sol",563,9.64096804110968
"gpt-6.1-sol",564,12.3742628618459
"gpt-6.1-sol",565,5.18309769970081
"gpt-6.1-sol",566,28.6204369940708
"gpt-6.1-sol",567,4.8091652156133
"gpt-6.1-sol",568,25.5415812359073
"gpt-6.1-sol",569,1.08475847295087
"gpt-6.1-sol",570,4.65138282085304
"gpt-6.1-sol",571,0.972478285142326
"gpt-6.1-sol",572,25.5415812359073
"gpt-6.1-sol",573,37.7096212875437
"gpt-6.1-sol",574,1.98032162510347
"gpt-6.1-sol",575,4.80916521561331
"gpt-6.1-sol",576,5.65200959748038
"gpt-6.1-sol",577,4.73307812149528
"gpt-6.1-sol",578,4.77225982360901
"gpt-6.1-sol",579,7.68034449354975
"gpt-6.1-sol",580,6.9132823414236
"gpt-6.1-sol",581,4.3676714920923
"gpt-6.1-sol",582,10.2124075237002
"gpt-6.1-sol",583,5.18309769970083
"gpt-6.1-sol",584,4.36767149209227
"gpt-6.1-sol",585,10.4032738704929
"gpt-6.1-sol",586,2.88600919063783
"gpt-6.1-sol",587,2.14021155318287
"gpt-6.1-sol",588,6.68089816721006
"gpt-6.1-sol",589,3.90428218373832
"gpt-6.1-sol",590,3.66169107743897
"gpt-6.1-sol",591,2.19278513146571
"gpt-6.1-sol",592,4.48812639927287
"gpt-6.1-sol",593,6.44118884224831
"gpt-6.1-sol",594,6.74930246688793
"gpt-6.1-sol",595,10.4032738704929
"gpt-6.1-sol",596,5.23853603652393
"gpt-6.1-sol",597,6.74930246688792
"gpt-6.1-sol",598,4.20421633516599
"gpt-6.1-sol",599,3.58964928847415
"gpt-6.1-sol",600,9.64096804110966
"gpt-6.1-sol",601,1.24282843593201
"gpt-6.1-sol",602,4.80916521561331
"gpt-6.1-sol",603,3.36976449023729
"gpt-6.1-sol",604,10.9731975797637
"gpt-6.1-sol",605,6.3968633075075
"gpt-6.1-sol",606,4.60343278588045
"gpt-6.1-sol",607,6.13973263955716
"gpt-6.1-sol",608,4.69524569262887
"gpt-6.1-sol",609,6.13973263955716
"gpt-6.1-sol",610,4.8091652156133
"gpt-6.1-sol",611,-0.283092383289962
"gpt-6.1-sol",612,5.18309769970082
"gpt-6.1-sol",613,5.6005290767198
"gpt-6.1-sol",614,5.65200959748038
"gpt-6.1-sol",615,9.64096804110966
"gpt-6.1-sol",616,1.30279899837444
"gpt-6.1-sol",617,1.98032162510347
"gpt-6.1-sol",618,3.36976449023729
"gpt-6.1-sol",619,4.80916521561331
"gpt-6.1-sol",620,5.53415192399401
"gpt-6.1-sol",621,9.64096804110968
"gpt-6.1-sol",622,6.3968633075075
"gpt-6.1-sol",623,5.77307852856878
"gpt-6.1-sol",624,12.374262861846
"gpt-6.1-sol",625,7.95961321771525
"gpt-6.1-sol",626,0.0250726276919118
"gpt-6.1-sol",627,6.68089816721008
"gpt-6.1-sol",628,3.3697644902373
"gpt-6.1-sol",629,5.53415192399401
"gpt-6.1-sol",630,7.35303596836579
"gpt-6.1-sol",631,4.17716862295764
"gpt-6.1-sol",632,6.7493024668879
"gpt-6.1-sol",633,6.13973263955715
"gpt-6.1-sol",634,24.1613567838181
"gpt-6.1-sol",635,6.74930246688793
"gpt-6.1-sol",636,6.44118884224831
"gpt-6.1-sol",637,4.17716862295766
"gpt-6.1-sol",638,3.19912282990034
"gpt-6.1-sol",639,2.10143323330441
"gpt-6.1-sol",640,9.86430581803344
"gpt-6.1-sol",641,2.32902699380243
"gpt-6.1-sol",642,2.32902699380239
"gpt-6.1-sol",643,9.64096804110965
"gpt-6.1-sol",644,6.74795197329485
"gpt-6.1-sol",645,3.66169107743896
"gpt-6.1-sol",646,5.70741860166007
"gpt-6.1-sol",647,3.90428218373831
"gpt-6.1-sol",648,5.12447796271955
"gpt-6.1-sol",649,4.69524569262888
"gpt-6.1-sol",650,0.0250726276919351
"gpt-6.1-sol",651,39.6011589820852
"gpt-6.1-sol",652,3.67035354340491
"gpt-6.1-sol",653,9.64096804110964
"gpt-6.1-sol",654,6.13973263955717
"gpt-6.1-sol",655,9.64096804110966
"gpt-6.1-sol",656,24.8300170948015
"gpt-6.1-sol",657,-0.432344489155395
"gpt-6.1-sol",658,10.9731975797637
"gpt-6.1-sol",659,5.12447796271955
"gpt-6.1-sol",660,5.18309769970082
"gpt-6.1-sol",661,5.84266498355599
"gpt-6.1-sol",662,9.88465363994938
"gpt-6.1-sol",663,5.58139425191467
"gpt-6.1-sol",664,6.44118884224831
"gpt-6.1-sol",665,5.58139425191468
"gpt-6.1-sol",666,3.6703535434049
"gpt-6.1-sol",667,5.842664983556
"gpt-6.1-sol",668,7.58935554529428
"gpt-6.1-sol",669,7.68034449354976
"gpt-6.1-sol",670,7.58935554529428
"gpt-6.1-sol",671,2.37021666654165
"gpt-6.1-sol",672,3.71092394058706
"gpt-6.1-sol",673,4.81756905604554
"gpt-6.1-sol",674,4.80916521561329
"gpt-6.1-sol",675,4.36767149209226
"gpt-6.1-sol",676,25.5415812359073
"gpt-6.1-sol",677,9.45718555494222
"gpt-6.1-sol",678,4.8091652156133
"gpt-6.1-sol",679,7.95961321771522
"gpt-6.1-sol",680,5.12447796271956
"gpt-6.1-sol",681,8.69113307676905
"gpt-6.1-sol",682,3.36358521902867
"gpt-6.1-sol",683,7.29699601421178
"gpt-6.1-sol",684,4.80916521561331
"gpt-6.1-sol",685,8.59480689232584
"gpt-6.1-sol",686,1.01297094543676
"gpt-6.1-sol",687,23.7035470963407
"gpt-6.1-sol",688,3.71092394058705
"gpt-6.1-sol",689,3.67035354340492
"gpt-6.1-sol",690,39.6011589820853
"gpt-6.1-sol",691,2.14021155318286
"gpt-6.1-sol",692,25.5609597870215
"gpt-6.1-sol",693,5.70741860166005
"gpt-6.1-sol",694,-1.20038133521126
"gpt-6.1-sol",695,6.39686330750751
"gpt-6.1-sol",696,37.7096212875436
"gpt-6.1-sol",697,4.69524569262887
"gpt-6.1-sol",698,5.12447796271957
"gpt-6.1-sol",699,7.95961321771522
"gpt-6.1-sol",700,3.36358521902869
"gpt-6.1-sol",701,5.84266498355597
"gpt-6.1-sol",702,24.161356783818
"gpt-6.1-sol",703,4.65138282085304
"gpt-6.1-sol",704,5.12447796271956
"gpt-6.1-sol",705,5.84266498355599
"gpt-6.1-sol",706,2.4076549199435
"gpt-6.1-sol",707,5.12447796271955
"gpt-6.1-sol",708,2.13836063588367
"gpt-6.1-sol",709,3.17512955336747
"gpt-6.1-sol",710,7.29699601421173
"gpt-6.1-sol",711,4.36767149209227
"gpt-6.1-sol",712,7.68034449354975
"gpt-6.1-sol",713,25.5415812359073
"gpt-6.1-sol",714,5.84266498355601
"gpt-6.1-sol",715,1.88702152799599
"gpt-6.1-sol",716,2.10143323330441
"gpt-6.1-sol",717,5.84266498355599
"gpt-6.1-sol",718,4.36767149209225
"gpt-6.1-sol",719,3.3697644902373
"gpt-6.1-sol",720,3.90428218373836
"gpt-6.1-sol",721,6.13973263955717
"gpt-6.1-sol",722,9.86430581803343
"gpt-6.1-sol",723,2.37021666654165
"gpt-6.1-sol",724,4.8091652156133
"gpt-6.1-sol",725,2.19278513146572
"gpt-6.1-sol",726,7.29699601421175
"gpt-6.1-sol",727,3.71092394058706
"gpt-6.1-sol",728,4.65138282085305
"gpt-6.1-sol",729,37.7096212875437
"gpt-6.1-sol",730,3.36358521902867
"gpt-6.1-sol",731,3.36976449023727
"gpt-6.1-sol",732,7.29699601421176
"gpt-6.1-sol",733,6.44118884224831
"gpt-6.1-sol",734,24.8275687110465
"gpt-6.1-sol",735,3.90428218373834
"gpt-6.1-sol",736,6.68089816721007
"gpt-6.1-sol",737,7.29699601421174
"gpt-6.1-sol",738,4.80916521561329
"gpt-6.1-sol",739,2.4076549199435
"gpt-6.1-sol",740,3.90428218373834
"gpt-6.1-sol",741,8.59480689232585
"gpt-6.1-sol",742,3.86881819341202
"gpt-6.1-sol",743,6.13973263955717
"gpt-6.1-sol",744,6.44118884224833
"gpt-6.1-sol",745,5.23853603652395
"gpt-6.1-sol",746,1.30279899837444
"gpt-6.1-sol",747,9.64096804110966
"gpt-6.1-sol",748,3.36358521902869
"gpt-6.1-sol",749,1.98032162510349
"gpt-6.1-sol",750,3.8788841947768
"gpt-6.1-sol",751,4.69524569262888
"gpt-6.1-sol",752,4.80916521561329
"gpt-6.1-sol",753,3.36358521902868
"gpt-6.1-sol",754,6.74930246688792
"gpt-6.1-sol",755,5.12447796271956
"gpt-6.1-sol",756,3.17512955336747
"gpt-6.1-sol",757,5.77307852856875
"gpt-6.1-sol",758,7.35303596836579
"gpt-6.1-sol",759,6.13973263955716
"gpt-6.1-sol",760,6.25120003850969
"gpt-6.1-sol",761,4.80916521561329
"gpt-6.1-sol",762,3.6703535434049
"gpt-6.1-sol",763,5.12447796271957
"gpt-6.1-sol",764,1.98032162510348
"gpt-6.1-sol",765,3.86881819341201
"gpt-6.1-sol",766,23.7035470963407
"gpt-6.1-sol",767,5.65200959748038
"gpt-6.1-sol",768,2.10465492622974
"gpt-6.1-sol",769,7.58935554529428
"gpt-6.1-sol",770,5.12447796271956
"gpt-6.1-sol",771,5.12447796271957
"gpt-6.1-sol",772,1.92945169508788
"gpt-6.1-sol",773,4.80916521561331
"gpt-6.1-sol",774,9.88465363994933
"gpt-6.1-sol",775,4.80916521561332
"gpt-6.1-sol",776,10.9731975797637
"gpt-6.1-sol",777,9.86430581803347
"gpt-6.1-sol",778,4.81756905604554
"gpt-6.1-sol",779,3.71092394058706
"gpt-6.1-sol",780,28.6204369940708
"gpt-6.1-sol",781,6.74930246688791
"gpt-6.1-sol",782,3.44254161804489
"gpt-6.1-sol",783,6.72114500727542
"gpt-6.1-sol",784,2.5384711459479
"gpt-6.1-sol",785,7.68034449354974
"gpt-6.1-sol",786,3.86881819341204
"gpt-6.1-sol",787,0.0250726276919214
"gpt-6.1-sol",788,6.3968633075075
"gpt-6.1-sol",789,24.8300170948015
"gpt-6.1-sol",790,4.17716862295767
"gpt-6.1-sol",791,1.0847584729509
"gpt-6.1-sol",792,6.74930246688792
"gpt-6.1-sol",793,6.7493024668879
"gpt-6.1-sol",794,8.9331671943547
"gpt-6.1-sol",795,25.5609597870215
"gpt-6.1-sol",796,7.58935554529428
"gpt-6.1-sol",797,5.18309769970082
"gpt-6.1-sol",798,6.9132823414236
"gpt-6.1-sol",799,5.84266498355599
"gpt-6.1-sol",800,9.33331132399394
"gpt-6.1-sol",801,4.76854033771035
"gpt-6.1-sol",802,3.3635852190287
"gpt-6.1-sol",803,4.46771284148698
"gpt-6.1-sol",804,2.1927851314657
"gpt-6.1-sol",805,2.32902699380244
"gpt-6.1-sol",806,3.36976449023731
"gpt-6.1-sol",807,7.58935554529427
"gpt-6.1-sol",808,6.25120003850969
"gpt-6.1-sol",809,3.67035354340492
"gpt-6.1-sol",810,3.86881819341201
"gpt-6.1-sol",811,7.5893555452943
"gpt-6.1-sol",812,6.68089816721006
"gpt-6.1-sol",813,3.3697644902373
"gpt-6.1-sol",814,6.44118884224831
"gpt-6.1-sol",815,5.84266498355599
"gpt-6.1-sol",816,5.60052907671982
"gpt-6.1-sol",817,4.77225982360901
"gpt-6.1-sol",818,0.972478285142326
"gpt-6.1-sol",819,2.13836063588367
"gpt-6.1-sol",820,3.86881819341202
"gpt-6.1-sol",821,9.64096804110966
"gpt-6.1-sol",822,4.73307812149529
"gpt-6.1-sol",823,4.3676714920923
"gpt-6.1-sol",824,7.95106118677674
"gpt-6.1-sol",825,4.81874785688041
"gpt-6.1-sol",826,0.994899798754468
"gpt-6.1-sol",827,3.36976449023729
"gpt-6.1-sol",828,4.69524569262888
"gpt-6.1-sol",829,9.64096804110967
"gpt-6.1-sol",830,6.74930246688793
"gpt-6.1-sol",831,3.01877911157106
"gpt-6.1-sol",832,4.17716862295767
"gpt-6.1-sol",833,-0.305870704330333
"gpt-6.1-sol",834,23.7035470963407
"gpt-6.1-sol",835,3.90428218373834
"gpt-6.1-sol",836,4.77225982360901
"gpt-6.1-sol",837,2.9215178130812
"gpt-6.1-sol",838,4.69524569262887
"gpt-6.1-sol",839,10.9731975797637
"gpt-6.1-sol",840,5.12447796271957
"gpt-6.1-sol",841,4.76854033771036
"gpt-6.1-sol",842,53.6294082784801
"gpt-6.1-sol",843,6.74930246688792
"gpt-6.1-sol",844,7.95106118677674
"gpt-6.1-sol",845,6.25120003850969
"gpt-6.1-sol",846,24.8300170948015
"gpt-6.1-sol",847,6.74930246688792
"gpt-6.1-sol",848,4.17716862295768
"gpt-6.1-sol",849,5.77307852856878
"gpt-6.1-sol",850,6.74930246688792
"gpt-6.1-sol",851,3.71092394058707
"gpt-6.1-sol",852,1.24282843593202
"gpt-6.1-sol",853,6.74795197329486
"gpt-6.1-sol",854,5.12447796271956
"gpt-6.1-sol",855,1.30279899837442
"gpt-6.1-sol",856,4.65138282085304
"gpt-6.1-sol",857,7.58935554529428
"gpt-6.1-sol",858,3.36358521902867
"gpt-6.1-sol",859,5.58139425191468
"gpt-6.1-sol",860,2.40765491994351
"gpt-6.1-sol",861,7.5893555452943
"gpt-6.1-sol",862,1.01297094543677
"gpt-6.1-sol",863,7.58935554529427
"gpt-6.1-sol",864,9.64096804110966
"gpt-6.1-sol",865,4.36767149209227
"gpt-6.1-sol",866,5.83362160874472
"gpt-6.1-sol",867,5.12447796271956
"gpt-6.1-sol",868,10.2124075237002
"gpt-6.1-sol",869,53.6294082784801
"gpt-6.1-sol",870,2.10465492622975
"gpt-6.1-sol",871,7.29699601421177
"gpt-6.1-sol",872,3.66169107743897
"gpt-6.1-sol",873,23.7035470963407
"gpt-6.1-sol",874,7.58935554529428
"gpt-6.1-sol",875,3.66169107743899
"gpt-6.1-sol",876,6.72114500727545
"gpt-6.1-sol",877,6.44118884224835
"gpt-6.1-sol",878,2.92151781308121
"gpt-6.1-sol",879,2.32902699380243
"gpt-6.1-sol",880,6.91328234142361
"gpt-6.1-sol",881,9.86430581803346
"gpt-6.1-sol",882,3.07226122745005
"gpt-6.1-sol",883,6.74930246688791
"gpt-6.1-sol",884,1.30279899837443
"gpt-6.1-sol",885,7.95961321771522
"gpt-6.1-sol",886,5.53415192399401
"gpt-6.1-sol",887,2.14021155318287
"gpt-6.1-sol",888,2.37021666654166
"gpt-6.1-sol",889,6.13973263955716
"gpt-6.1-sol",890,4.36767149209227
"gpt-6.1-sol",891,7.29699601421177
"gpt-6.1-sol",892,5.84266498355599
"gpt-6.1-sol",893,3.36976449023728
"gpt-6.1-sol",894,5.83362160874471
"gpt-6.1-sol",895,28.6204369940707
"gpt-6.1-sol",896,3.36358521902869
"gpt-6.1-sol",897,39.6011589820853
"gpt-6.1-sol",898,7.29699601421178
"gpt-6.1-sol",899,4.17716862295765
"gpt-6.1-sol",900,5.12447796271957
"gpt-6.1-sol",901,-0.283092383290007
"gpt-6.1-sol",902,1.92945169508789
"gpt-6.1-sol",903,5.84266498355599
"gpt-6.1-sol",904,3.58964928847414
"gpt-6.1-sol",905,3.67035354340491
"gpt-6.1-sol",906,2.40765491994352
"gpt-6.1-sol",907,4.81756905604554
"gpt-6.1-sol",908,4.76854033771034
"gpt-6.1-sol",909,2.53847114594791
"gpt-6.1-sol",910,3.36976449023729
"gpt-6.1-sol",911,1.98032162510346
"gpt-6.1-sol",912,4.76854033771034
"gpt-6.1-sol",913,6.74930246688792
"gpt-6.1-sol",914,6.44118884224831
"gpt-6.1-sol",915,6.74930246688793
"gpt-6.1-sol",916,7.29699601421174
"gpt-6.1-sol",917,7.29699601421176
"gpt-6.1-sol",918,2.53847114594789
"gpt-6.1-sol",919,4.69524569262887
"gpt-6.1-sol",920,5.53415192399402
"gpt-6.1-sol",921,10.4032738704929
"gpt-6.1-sol",922,5.12447796271957
"gpt-6.1-sol",923,6.91328234142361
"gpt-6.1-sol",924,6.91328234142361
"gpt-6.1-sol",925,3.36358521902867
"gpt-6.1-sol",926,2.4076549199435
"gpt-6.1-sol",927,1.98032162510348
"gpt-6.1-sol",928,6.72114500727543
"gpt-6.1-sol",929,3.17512955336747
"gpt-6.1-sol",930,6.25120003850969
"gpt-6.1-sol",931,3.66169107743899
"gpt-6.1-sol",932,4.20421633516601
"gpt-6.1-sol",933,7.29699601421174
"gpt-6.1-sol",934,3.8788841947768
"gpt-6.1-sol",935,3.8788841947768
"gpt-6.1-sol",936,4.8091652156133
"gpt-6.1-sol",937,27.0422079120238
"gpt-6.1-sol",938,6.39686330750748
"gpt-6.1-sol",939,5.84266498355599
"gpt-6.1-sol",940,10.4032738704929
"gpt-6.1-sol",941,5.12447796271958
"gpt-6.1-sol",942,6.13973263955717
"gpt-6.1-sol",943,3.90428218373836
"gpt-6.1-sol",944,8.59480689232585
"gpt-6.1-sol",945,4.65138282085305
"gpt-6.1-sol",946,6.13973263955715
"gpt-6.1-sol",947,10.9731975797637
"gpt-6.1-sol",948,4.76854033771034
"gpt-6.1-sol",949,6.7493024668879
"gpt-6.1-sol",950,3.36976449023729
"gpt-6.1-sol",951,12.3742628618459
"gpt-6.1-sol",952,5.58139425191467
"gpt-6.1-sol",953,2.32902699380243
"gpt-6.1-sol",954,7.5893555452943
"gpt-6.1-sol",955,4.6952456926289
"gpt-6.1-sol",956,7.5893555452943
"gpt-6.1-sol",957,5.12447796271957
"gpt-6.1-sol",958,5.84266498355601
"gpt-6.1-sol",959,5.84266498355599
"gpt-6.1-sol",960,9.33331132399388
"gpt-6.1-sol",961,6.13973263955716
"gpt-6.1-sol",962,6.74930246688792
"gpt-6.1-sol",963,2.10465492622974
"gpt-6.1-sol",964,7.58935554529429
"gpt-6.1-sol",965,39.6011589820853
"gpt-6.1-sol",966,4.48812639927288
"gpt-6.1-sol",967,3.36976449023732
"gpt-6.1-sol",968,5.12447796271957
"gpt-6.1-sol",969,3.19912282990034
"gpt-6.1-sol",970,3.6703535434049
"gpt-6.1-sol",971,9.64096804110966
"gpt-6.1-sol",972,5.84266498355599
"gpt-6.1-sol",973,2.19278513146571
"gpt-6.1-sol",974,4.36767149209227
"gpt-6.1-sol",975,1.08475847295087
"gpt-6.1-sol",976,2.4076549199435
"gpt-6.1-sol",977,2.10465492622974
"gpt-6.1-sol",978,1.98032162510348
"gpt-6.1-sol",979,3.3697644902373
"gpt-6.1-sol",980,10.9731975797637
"gpt-6.1-sol",981,3.66169107743898
"gpt-6.1-sol",982,4.80916521561332
"gpt-6.1-sol",983,0.972478285142338
"gpt-6.1-sol",984,6.3968633075075
"gpt-6.1-sol",985,2.53847114594791
"gpt-6.1-sol",986,7.95961321771522
"gpt-6.1-sol",987,2.32902699380241
"gpt-6.1-sol",988,9.45718555494222
"gpt-6.1-sol",989,2.10465492622974
"gpt-6.1-sol",990,3.36358521902869
"gpt-6.1-sol",991,2.53847114594789
"gpt-6.1-sol",992,0.994899798754469
"gpt-6.1-sol",993,6.74930246688791
"gpt-6.1-sol",994,10.4032738704929
"gpt-6.1-sol",995,8.93316719435469
"gpt-6.1-sol",996,5.12447796271957
"gpt-6.1-sol",997,5.12447796271956
"gpt-6.1-sol",998,5.60052907671984
"gpt-6.1-sol",999,7.95961321771522
"gpt-6.1-sol",1000,4.65138282085304
"gpt-6.1-sol",1001,6.44118884224829
"gpt-6.1-sol",1002,2.5384711459479
"gpt-6.1-sol",1003,6.4411888422483
"gpt-6.1-sol",1004,9.86430581803344
"gpt-6.1-sol",1005,24.161356783818
"gpt-6.1-sol",1006,6.25120003850969
"gpt-6.1-sol",1007,3.71092394058705
"gpt-6.1-sol",1008,2.53847114594789
"gpt-6.1-sol",1009,2.10465492622973
"gpt-6.1-sol",1010,5.18309769970083
"gpt-6.1-sol",1011,-0.432344489155431
"gpt-6.1-sol",1012,3.44254161804489
"gpt-6.1-sol",1013,4.80916521561332
"gpt-6.1-sol",1014,7.95961321771524
"gpt-6.1-sol",1015,9.33331132399389
"gpt-6.1-sol",1016,3.90428218373834
"gpt-6.1-sol",1017,7.09013804226486
"gpt-6.1-sol",1018,4.80916521561329
"gpt-6.1-sol",1019,4.60343278588046
"gpt-6.1-sol",1020,2.32902699380241
"gpt-6.1-sol",1021,3.87888419477682
"gpt-6.1-sol",1022,2.10465492622974
"gpt-6.1-sol",1023,10.4032738704929
"gpt-6.1-sol",1024,6.13973263955715
"gpt-6.1-sol",1025,3.36976449023728
"gpt-6.1-sol",1026,9.88465363994933
"gpt-6.1-sol",1027,28.6204369940707
"gpt-6.1-sol",1028,9.86430581803347
"gpt-6.1-sol",1029,5.12447796271955
"gpt-6.1-sol",1030,7.29699601421176
"gpt-6.1-sol",1031,3.661691077439
"gpt-6.1-sol",1032,1.98032162510349
"gpt-6.1-sol",1033,3.3697644902373
"gpt-6.1-sol",1034,0.0250726276919351
"gpt-6.1-sol",1035,2.5384711459479
"gpt-6.1-sol",1036,10.9731975797637
"gpt-6.1-sol",1037,4.36767149209227
"gpt-6.1-sol",1038,10.9731975797637
"gpt-6.1-sol",1039,7.95961321771524
"gpt-6.1-sol",1040,52.9990076803244
"gpt-6.1-sol",1041,24.1613567838181
"gpt-6.1-sol",1042,3.86881819341205
"gpt-6.1-sol",1043,10.4032738704929
"gpt-6.1-sol",1044,4.8091652156133
"gpt-6.1-sol",1045,0.0250726276919345
"gpt-6.1-sol",1046,6.39686330750749
"gpt-6.1-sol",1047,5.12447796271956
"gpt-6.1-sol",1048,2.53847114594792
"gpt-6.1-sol",1049,10.4032738704929
"gpt-6.1-sol",1050,3.66169107743897
"gpt-6.1-sol",1051,7.68034449354974
"gpt-6.1-sol",1052,9.64096804110965
"gpt-6.1-sol",1053,1.9294516950879
"gpt-6.1-sol",1054,5.12447796271957
"gpt-6.1-sol",1055,7.58935554529426
"gpt-6.1-sol",1056,2.45845791063556
"gpt-6.1-sol",1057,2.40765491994354
"gpt-6.1-sol",1058,7.58935554529428
"gpt-6.1-sol",1059,7.58935554529429
"gpt-6.1-sol",1060,6.13973263955714
"gpt-6.1-sol",1061,6.44118884224832
"gpt-6.1-sol",1062,5.84266498355599
"gpt-6.1-sol",1063,3.8788841947768
"gpt-6.1-sol",1064,9.88465363994934
"gpt-6.1-sol",1065,7.29699601421173
"gpt-6.1-sol",1066,8.59480689232586
"gpt-6.1-sol",1067,4.80916521561331
"gpt-6.1-sol",1068,6.13973263955716
"gpt-6.1-sol",1069,4.80916521561329
"gpt-6.1-sol",1070,10.4032738704929
"gpt-6.1-sol",1071,4.204216335166
"gpt-6.1-sol",1072,2.32902699380241
"gpt-6.1-sol",1073,0.972478285142321
"gpt-6.1-sol",1074,1.01297094543676
"gpt-6.1-sol",1075,5.83362160874471
"gpt-6.1-sol",1076,7.58935554529427
"gpt-6.1-sol",1077,4.60343278588046
"gpt-6.1-sol",1078,6.44118884224831
"gpt-6.1-sol",1079,7.95106118677674
"gpt-6.1-sol",1080,6.72114500727543
"gpt-6.1-sol",1081,12.4548702400581
"gpt-6.1-sol",1082,2.19278513146571
"gpt-6.1-sol",1083,5.84266498355599
"gpt-6.1-sol",1084,10.2124075237002
"gpt-6.1-sol",1085,7.29699601421174
"gpt-6.1-sol",1086,9.64096804110966
"gpt-6.1-sol",1087,3.66169107743897
"gpt-6.1-sol",1088,4.69524569262889
"gpt-6.1-sol",1089,5.12447796271957
"gpt-6.1-sol",1090,5.12447796271957
"gpt-6.1-sol",1091,6.74930246688791
"gpt-6.1-sol",1092,6.68089816721009
"gpt-6.1-sol",1093,9.64096804110967
"gpt-6.1-sol",1094,5.84266498355599
"gpt-6.1-sol",1095,7.68034449354975
"gpt-6.1-sol",1096,5.58139425191465
"gpt-6.1-sol",1097,3.36358521902867
"gpt-6.1-sol",1098,5.12447796271955
"gpt-6.1-sol",1099,8.93316719435469
"gpt-6.1-sol",1100,3.6703535434049
"gpt-6.1-sol",1101,4.81756905604555
"gpt-6.1-sol",1102,5.37747512061556
"gpt-6.1-sol",1103,4.77225982360903
"gpt-6.1-sol",1104,3.17512955336746
"gpt-6.1-sol",1105,9.45718555494223
"gpt-6.1-sol",1106,4.46771284148698
"gpt-6.1-sol",1107,5.58139425191466
"gpt-6.1-sol",1108,6.68089816721009
"gpt-6.1-sol",1109,5.83362160874471
"gpt-6.1-sol",1110,12.3742628618459
"gpt-6.1-sol",1111,4.8091652156133
"gpt-6.1-sol",1112,6.3968633075075
"gpt-6.1-sol",1113,5.58139425191467
"gpt-6.1-sol",1114,6.13973263955718
"gpt-6.1-sol",1115,5.53415192399402
"gpt-6.1-sol",1116,3.8788841947768
"gpt-6.1-sol",1117,1.98032162510349
"gpt-6.1-sol",1118,5.84266498355599
"gpt-6.1-sol",1119,0.175768677094835
"gpt-6.1-sol",1120,4.80916521561328
"gpt-6.1-sol",1121,2.40765491994351
"gpt-6.1-sol",1122,5.84266498355599
"gpt-6.1-sol",1123,10.2124075237002
"gpt-6.1-sol",1124,7.95961321771522
"gpt-6.1-sol",1125,5.83362160874471
"gpt-6.1-sol",1126,2.92151781308121
"gpt-6.1-sol",1127,3.36358521902867
"gpt-6.1-sol",1128,4.73307812149529
"gpt-6.1-sol",1129,24.8275687110465
"gpt-6.1-sol",1130,5.58139425191468
"gpt-6.1-sol",1131,6.72114500727543
"gpt-6.1-sol",1132,24.1613567838181
"gpt-6.1-sol",1133,7.58935554529427
"gpt-6.1-sol",1134,7.58935554529428
"gpt-6.1-sol",1135,3.36358521902869
"gpt-6.1-sol",1136,6.25120003850969
"gpt-6.1-sol",1137,7.5893555452943
"gpt-6.1-sol",1138,2.88600919063781
"gpt-6.1-sol",1139,2.32902699380241
"gpt-6.1-sol",1140,7.29699601421175
"gpt-6.1-sol",1141,5.70741860166006
"gpt-6.1-sol",1142,6.25120003850969
"gpt-6.1-sol",1143,9.64096804110968
"gpt-6.1-sol",1144,3.90428218373834
"gpt-6.1-sol",1145,3.66169107743899
"gpt-6.1-sol",1146,4.69524569262888
"gpt-6.1-sol",1147,3.8788841947768
"gpt-6.1-sol",1148,7.58935554529427
"gpt-6.1-sol",1149,1.9294516950879
"gpt-6.1-sol",1150,1.88702152799597
"gpt-6.1-sol",1151,10.1037348908941
"gpt-6.1-sol",1152,10.9731975797637
"gpt-6.1-sol",1153,3.90428218373834
"gpt-6.1-sol",1154,3.66169107743898
"gpt-6.1-sol",1155,3.17512955336748
"gpt-6.1-sol",1156,5.77307852856877
"gpt-6.1-sol",1157,4.204216335166
"gpt-6.1-sol",1158,3.71092394058706
"gpt-6.1-sol",1159,2.14021155318287
"gpt-6.1-sol",1160,10.9731975797637
"gpt-6.1-sol",1161,8.93316719435469
"gpt-6.1-sol",1162,0.972478285142324
"gpt-6.1-sol",1163,2.88600919063783
"gpt-6.1-sol",1164,10.1037348908941
"gpt-6.1-sol",1165,4.69524569262887
"gpt-6.1-sol",1166,3.67035354340492
"gpt-6.1-sol",1167,28.6204369940707
"gpt-6.1-sol",1168,5.53415192399402
"gpt-6.1-sol",1169,9.64096804110967
"gpt-6.1-sol",1170,5.23853603652397
"gpt-6.1-sol",1171,3.86881819341202
"gpt-6.1-sol",1172,9.86430581803348
"gpt-6.1-sol",1173,6.4411888422483
"gpt-6.1-sol",1174,4.73307812149528
"gpt-6.1-sol",1175,3.71092394058707
"gpt-6.1-sol",1176,6.91328234142361
"gpt-6.1-sol",1177,3.90428218373832
"gpt-6.1-sol",1178,2.37021666654165
"gpt-6.1-sol",1179,3.87888419477679
"gpt-6.1-sol",1180,3.90428218373831
"gpt-6.1-sol",1181,5.53415192399402
"gpt-6.1-sol",1182,6.3968633075075
"gpt-6.1-sol",1183,2.1927851314657
"gpt-6.1-sol",1184,6.68089816721007
"gpt-6.1-sol",1185,2.37021666654166
"gpt-6.1-sol",1186,1.30279899837442
"gpt-6.1-sol",1187,7.68034449354977
"gpt-6.1-sol",1188,2.40765491994349
"gpt-6.1-sol",1189,9.64096804110966
"gpt-6.1-sol",1190,37.7096212875437
"gpt-6.1-sol",1191,3.3635852190287
"gpt-6.1-sol",1192,3.87888419477681
"gpt-6.1-sol",1193,10.9731975797637
"gpt-6.1-sol",1194,52.9990076803244
"gpt-6.1-sol",1195,5.12447796271956
"gpt-6.1-sol",1196,2.13836063588367
"gpt-6.1-sol",1197,6.44118884224831
"gpt-6.1-sol",1198,5.18309769970084
"gpt-6.1-sol",1199,5.58139425191468
"gpt-6.1-sol",1200,10.4032738704929
"gpt-6.1-sol",1201,3.66169107743896
"gpt-6.1-sol",1202,4.8091652156133
"gpt-6.1-sol",1203,4.81874785688039
"gpt-6.1-sol",1204,5.12447796271956
"gpt-6.1-sol",1205,6.39686330750751
"gpt-6.1-sol",1206,7.68034449354975
"gpt-6.1-sol",1207,1.9294516950879
"gpt-6.1-sol",1208,25.5415812359073
"gpt-6.1-sol",1209,2.14021155318285
"gpt-6.1-sol",1210,6.68089816721006
"gpt-6.1-sol",1211,4.81756905604554
"gpt-6.1-sol",1212,-0.283092383289986
"gpt-6.1-sol",1213,6.2512000385097
"gpt-6.1-sol",1214,5.77307852856877
"gpt-6.1-sol",1215,7.29699601421177
"gpt-6.1-sol",1216,6.7493024668879
"gpt-6.1-sol",1217,6.2512000385097
"gpt-6.1-sol",1218,5.12447796271957
"gpt-6.1-sol",1219,0.972478285142325
"gpt-6.1-sol",1220,9.86430581803347
"gpt-6.1-sol",1221,4.17716862295765
"gpt-6.1-sol",1222,3.36976449023729
"gpt-6.1-sol",1223,2.93549359807279
"gpt-6.1-sol",1224,1.92945169508789
"gpt-6.1-sol",1225,4.77225982360902
"gpt-6.1-sol",1226,2.9354935980728
"gpt-6.1-sol",1227,5.12447796271956
"gpt-6.1-sol",1228,-0.0317483487820151
"gpt-6.1-sol",1229,2.32902699380242
"gpt-6.1-sol",1230,6.74930246688792
"gpt-6.1-sol",1231,5.84266498355599
"gpt-6.1-sol",1232,4.36767149209229
"gpt-6.1-sol",1233,3.71092394058705
"gpt-6.1-sol",1234,1.30279899837441
"gpt-6.1-sol",1235,3.4425416180449
"gpt-6.1-sol",1236,6.39686330750751
"gpt-6.1-sol",1237,9.88465363994933
"gpt-6.1-sol",1238,24.161356783818
"gpt-6.1-sol",1239,3.3697644902373
"gpt-6.1-sol",1240,7.29699601421178
"gpt-6.1-sol",1241,6.68089816721009
"gpt-6.1-sol",1242,6.25120003850969
"gpt-6.1-sol",1243,5.12447796271955
"gpt-6.1-sol",1244,5.842664983556
"gpt-6.1-sol",1245,9.86430581803347
"gpt-6.1-sol",1246,3.71092394058705
"gpt-6.1-sol",1247,1.01297094543675
"gpt-6.1-sol",1248,4.772259823609
"gpt-6.1-sol",1249,2.53847114594791
"gpt-6.1-sol",1250,3.3697644902373
"gpt-6.1-sol",1251,6.72114500727543
"gpt-6.1-sol",1252,10.4032738704929
"gpt-6.1-sol",1253,1.01297094543676
"gpt-6.1-sol",1254,4.772259823609
"gpt-6.1-sol",1255,3.71092394058707
"gpt-6.1-sol",1256,3.36976449023729
"gpt-6.1-sol",1257,1.30279899837441
"gpt-6.1-sol",1258,6.4411888422483
"gpt-6.1-sol",1259,3.3697644902373
"gpt-6.1-sol",1260,6.25120003850968
"gpt-6.1-sol",1261,3.36358521902869
"gpt-6.1-sol",1262,6.39686330750748
"gpt-6.1-sol",1263,6.39686330750751
"gpt-6.1-sol",1264,7.68034449354974
"gpt-6.1-sol",1265,10.2124075237002
"gpt-6.1-sol",1266,6.74930246688792
"gpt-6.1-sol",1267,2.32902699380241
"gpt-6.1-sol",1268,5.77307852856878
"gpt-6.1-sol",1269,4.17716862295768
"gpt-6.1-sol",1270,0.972478285142339
"gpt-6.1-sol",1271,5.23853603652397
"gpt-6.1-sol",1272,3.36358521902867
"gpt-6.1-sol",1273,0.972478285142326
"gpt-6.1-sol",1274,2.32902699380241
"gpt-6.1-sol",1275,5.84266498355599
"gpt-6.1-sol",1276,5.18309769970087
"gpt-6.1-sol",1277,9.64096804110968
"gpt-6.1-sol",1278,4.60343278588045
"gpt-6.1-sol",1279,9.45718555494221
"gpt-6.1-sol",1280,8.59480689232585
"gpt-6.1-sol",1281,6.13973263955715
"gpt-6.1-sol",1282,1.08475847295089
"gpt-6.1-sol",1283,9.24010877602111
"gpt-6.1-sol",1284,3.36358521902869
"gpt-6.1-sol",1285,2.4076549199435
"gpt-6.1-sol",1286,3.90428218373835
"gpt-6.1-sol",1287,39.6011589820853
"gpt-6.1-sol",1288,5.12447796271957
"gpt-6.1-sol",1289,25.5609597870215
"gpt-6.1-sol",1290,1.08475847295087
"gpt-6.1-sol",1291,0.972478285142324
"gpt-6.1-sol",1292,7.29699601421173
"gpt-6.1-sol",1293,4.80916521561332
"gpt-6.1-sol",1294,6.39686330750751
"gpt-6.1-sol",1295,6.13973263955715
"gpt-6.1-sol",1296,4.80916521561331
"gpt-6.1-sol",1297,7.68034449354977
"gpt-6.1-sol",1298,2.9354935980728
"gpt-6.1-sol",1299,10.4032738704929
"gpt-6.1-sol",1300,2.13836063588367
"gpt-6.1-sol",1301,5.12447796271957
"gpt-6.1-sol",1302,4.81756905604556
"gpt-6.1-sol",1303,10.4032738704929
"gpt-6.1-sol",1304,3.36976449023728
"gpt-6.1-sol",1305,6.74930246688792
"gpt-6.1-sol",1306,5.37747512061557
"gpt-6.1-sol",1307,3.19912282990033
"gpt-6.1-sol",1308,9.64096804110966
"gpt-6.1-sol",1309,7.58935554529427
"gpt-6.1-sol",1310,2.5384711459479
"gpt-6.1-sol",1311,2.37021666654165
"gpt-6.1-sol",1312,3.67035354340492
"gpt-6.1-sol",1313,4.17716862295764
"gpt-6.1-sol",1314,1.24282843593201
"gpt-6.1-sol",1315,2.53847114594791
"gpt-6.1-sol",1316,3.66169107743898
"gpt-6.1-sol",1317,5.53415192399402
"gpt-6.1-sol",1318,4.204216335166
"gpt-6.1-sol",1319,3.71092394058705
"gpt-6.1-sol",1320,5.70741860166004
"gpt-6.1-sol",1321,3.66169107743896
"gpt-6.1-sol",1322,9.33331132399391
"gpt-6.1-sol",1323,4.204216335166
"gpt-6.1-sol",1324,4.36767149209228
"gpt-6.1-sol",1325,4.60343278588046
"gpt-6.1-sol",1326,5.84266498355599
"gpt-6.1-sol",1327,3.90428218373834
"gpt-6.1-sol",1328,9.33331132399393
"gpt-6.1-sol",1329,10.1037348908941
"gpt-6.1-sol",1330,6.72114500727545
"gpt-6.1-sol",1331,4.73307812149529
"gpt-6.1-sol",1332,1.24282843593201
"gpt-6.1-sol",1333,9.45718555494222
"gpt-6.1-sol",1334,10.4032738704929
"gpt-6.1-sol",1335,3.36358521902869
"gpt-6.1-sol",1336,3.661691077439
"gpt-6.1-sol",1337,2.10465492622974
"gpt-6.1-sol",1338,2.40765491994353
"gpt-6.1-sol",1339,6.44118884224835
"gpt-6.1-sol",1340,8.59480689232586
"gpt-6.1-sol",1341,3.36358521902867
"gpt-6.1-sol",1342,2.4584579106356
"gpt-6.1-sol",1343,3.71092394058706
"gpt-6.1-sol",1344,10.9731975797637
"gpt-6.1-sol",1345,3.44254161804489
"gpt-6.1-sol",1346,6.25120003850969
"gpt-6.1-sol",1347,3.36976449023729
"gpt-6.1-sol",1348,5.18309769970083
"gpt-6.1-sol",1349,4.69524569262887
"gpt-6.1-sol",1350,4.81874785688038
"gpt-6.1-sol",1351,9.3333113239939
"gpt-6.1-sol",1352,3.00971676920549
"gpt-6.1-sol",1353,3.71092394058706
"gpt-6.1-sol",1354,7.68034449354974
"gpt-6.1-sol",1355,3.71092394058707
"gpt-6.1-sol",1356,3.86881819341202
"gpt-6.1-sol",1357,4.17716862295766
"gpt-6.1-sol",1358,1.08475847295087
"gpt-6.1-sol",1359,24.8275687110465
"gpt-6.1-sol",1360,4.81874785688039
"gpt-6.1-sol",1361,5.12447796271956
"gpt-6.1-sol",1362,4.80916521561327
"gpt-6.1-sol",1363,3.8788841947768
"gpt-6.1-sol",1364,5.65200959748037
"gpt-6.1-sol",1365,2.1927851314657
"gpt-6.1-sol",1366,3.67035354340492
"gpt-6.1-sol",1367,8.59480689232586
"gpt-6.1-sol",1368,0.837606460553441
"gpt-6.1-sol",1369,3.66169107743897
"gpt-6.1-sol",1370,9.33331132399391
"gpt-6.1-sol",1371,9.86430581803344
"gpt-6.1-sol",1372,4.69524569262889
"gpt-6.1-sol",1373,2.19278513146571
"gpt-6.1-sol",1374,2.5384711459479
"gpt-6.1-sol",1375,9.33331132399389
"gpt-6.1-sol",1376,4.204216335166
"gpt-6.1-sol",1377,3.36358521902867
"gpt-6.1-sol",1378,9.86430581803344
"gpt-6.1-sol",1379,4.80916521561329
"gpt-6.1-sol",1380,5.12447796271957
"gpt-6.1-sol",1381,1.08475847295088
"gpt-6.1-sol",1382,7.95961321771524
"gpt-6.1-sol",1383,5.84266498355599
"gpt-6.1-sol",1384,25.5609597870215
"gpt-6.1-sol",1385,2.10143323330439
"gpt-6.1-sol",1386,4.81756905604555
"gpt-6.1-sol",1387,3.90428218373833
"gpt-6.1-sol",1388,3.44254161804489
"gpt-6.1-sol",1389,2.37021666654165
"gpt-6.1-sol",1390,3.90428218373833
"gpt-6.1-sol",1391,9.64096804110967
"gpt-6.1-sol",1392,5.12447796271954
"gpt-6.1-sol",1393,9.64096804110966
"gpt-6.1-sol",1394,6.39686330750748
"gpt-6.1-sol",1395,7.95961321771521
"gpt-6.1-sol",1396,3.87888419477678
"gpt-6.1-sol",1397,7.29699601421177
"gpt-6.1-sol",1398,4.17716862295765
"gpt-6.1-sol",1399,7.58935554529426
"gpt-6.1-sol",1400,24.161356783818
"gpt-6.1-sol",1401,9.33331132399389
"gpt-6.1-sol",1402,4.17716862295765
"gpt-6.1-sol",1403,10.4032738704929
"gpt-6.1-sol",1404,5.18309769970083
"gpt-6.1-sol",1405,3.3697644902373
"gpt-6.1-sol",1406,7.95961321771524
"gpt-6.1-sol",1407,4.46771284148699
"gpt-6.1-sol",1408,5.84266498355598
"gpt-6.1-sol",1409,39.6011589820852
"gpt-6.1-sol",1410,4.60343278588045
"gpt-6.1-sol",1411,6.74795197329486
"gpt-6.1-sol",1412,3.86881819341202
"gpt-6.1-sol",1413,37.7096212875437
"gpt-6.1-sol",1414,5.84266498355599
"gpt-6.1-sol",1415,9.45718555494223
"gpt-6.1-sol",1416,8.69113307676902
"gpt-6.1-sol",1417,5.12447796271956
"gpt-6.1-sol",1418,9.64096804110966
"gpt-6.1-sol",1419,4.65138282085305
"gpt-6.1-sol",1420,3.66169107743898
"gpt-6.1-sol",1421,0.994899798754459
"gpt-6.1-sol",1422,6.74930246688789
"gpt-6.1-sol",1423,8.93316719435467
"gpt-6.1-sol",1424,6.74930246688792
"gpt-6.1-sol",1425,3.66169107743897
"gpt-6.1-sol",1426,27.0422079120238
"gpt-6.1-sol",1427,6.25120003850968
"gpt-6.1-sol",1428,1.01297094543676
"gpt-6.1-sol",1429,3.90428218373834
"gpt-6.1-sol",1430,5.58139425191468
"gpt-6.1-sol",1431,3.44254161804493
"gpt-6.1-sol",1432,6.12803261601335
"gpt-6.1-sol",1433,3.44254161804489
"gpt-6.1-sol",1434,24.161356783818
"gpt-6.1-sol",1435,2.5384711459479
"gpt-6.1-sol",1436,4.77225982360901
"gpt-6.1-sol",1437,6.44118884224835
"gpt-6.1-sol",1438,5.70741860166006
"gpt-6.1-sol",1439,27.0422079120237
"gpt-6.1-sol",1440,4.65138282085304
"gpt-6.1-sol",1441,4.76854033771036
"gpt-6.1-sol",1442,6.25120003850969
"gpt-6.1-sol",1443,4.76854033771035
"gpt-6.1-sol",1444,3.71092394058706
"gpt-6.1-sol",1445,5.12447796271955
"gpt-6.1-sol",1446,6.72114500727542
"gpt-6.1-sol",1447,4.80916521561331
"gpt-6.1-sol",1448,4.80916521561331
"gpt-6.1-sol",1449,6.13973263955715
"gpt-6.1-sol",1450,6.74930246688792
"gpt-6.1-sol",1451,1.98032162510348
"gpt-6.1-sol",1452,7.29699601421178
"gpt-6.1-sol",1453,2.53847114594791
"gpt-6.1-sol",1454,1.01297094543676
"gpt-6.1-sol",1455,6.4411888422483
"gpt-6.1-sol",1456,7.68034449354975
"gpt-6.1-sol",1457,2.14021155318287
"gpt-6.1-sol",1458,2.13836063588366
"gpt-6.1-sol",1459,10.4032738704929
"gpt-6.1-sol",1460,7.58935554529428
"gpt-6.1-sol",1461,7.68034449354975
"gpt-6.1-sol",1462,0.0250726276919211
"gpt-6.1-sol",1463,5.84266498355599
"gpt-6.1-sol",1464,8.93316719435469
"gpt-6.1-sol",1465,7.95106118677674
"gpt-6.1-sol",1466,5.70741860166006
"gpt-6.1-sol",1467,3.90428218373835
"gpt-6.1-sol",1468,9.64096804110964
"gpt-6.1-sol",1469,6.13973263955715
"gpt-6.1-sol",1470,6.44118884224829
"gpt-6.1-sol",1471,7.95106118677674
"gpt-6.1-sol",1472,7.29699601421178
"gpt-6.1-sol",1473,5.18309769970083
"gpt-6.1-sol",1474,6.25120003850969
"gpt-6.1-sol",1475,4.77225982360902
"gpt-6.1-sol",1476,3.71092394058707
"gpt-6.1-sol",1477,5.23853603652394
"gpt-6.1-sol",1478,0.972478285142338
"gpt-6.1-sol",1479,3.58964928847415
"gpt-6.1-sol",1480,6.13973263955715
"gpt-6.1-sol",1481,4.76854033771036
"gpt-6.1-sol",1482,10.2124075237002
"gpt-6.1-sol",1483,24.8275687110465
"gpt-6.1-sol",1484,4.8091652156133
"gpt-6.1-sol",1485,4.76854033771035
"gpt-6.1-sol",1486,1.9294516950879
"gpt-6.1-sol",1487,10.4032738704929
"gpt-6.1-sol",1488,1.01297094543676
"gpt-6.1-sol",1489,0.994899798754468
"gpt-6.1-sol",1490,6.25120003850969
"gpt-6.1-sol",1491,6.68089816721006
"gpt-6.1-sol",1492,7.68034449354974
"gpt-6.1-sol",1493,1.01297094543676
"gpt-6.1-sol",1494,1.01297094543676
"gpt-6.1-sol",1495,8.59480689232585
"gpt-6.1-sol",1496,4.69524569262887
"gpt-6.1-sol",1497,2.40765491994349
"gpt-6.1-sol",1498,4.36767149209227
"gpt-6.1-sol",1499,1.08475847295088
"gpt-6.1-sol",1500,5.84266498355599
"gpt-6.1-sol",1501,3.17512955336747
"gpt-6.1-sol",1502,5.84266498355598
"gpt-6.1-sol",1503,3.4425416180449
"gpt-6.1-sol",1504,3.8788841947768
"gpt-6.1-sol",1505,5.12447796271957
"gpt-6.1-sol",1506,25.5609597870215
"gpt-6.1-sol",1507,2.14021155318285
"gpt-6.1-sol",1508,6.4411888422483
"gpt-6.1-sol",1509,2.19278513146571
"gpt-6.1-sol",1510,3.36976449023728
"gpt-6.1-sol",1511,6.44118884224831
"gpt-6.1-sol",1512,4.36767149209228
"gpt-6.1-sol",1513,7.95961321771522
"gpt-6.1-sol",1514,7.35303596836577
"gpt-6.1-sol",1515,5.83362160874473
"gpt-6.1-sol",1516,4.77225982360901
"gpt-6.1-sol",1517,9.45718555494223
"gpt-6.1-sol",1518,10.4032738704929
"gpt-6.1-sol",1519,2.88600919063783
"gpt-6.1-sol",1520,4.69524569262887
"gpt-6.1-sol",1521,5.84266498355599
"gpt-6.1-sol",1522,6.13973263955715
"gpt-6.1-sol",1523,10.2124075237002
"gpt-6.1-sol",1524,2.10465492622975
"gpt-6.1-sol",1525,3.71092394058706
"gpt-6.1-sol",1526,3.71092394058707
"gpt-6.1-sol",1527,23.7035470963407
"gpt-6.1-sol",1528,5.77307852856878
"gpt-6.1-sol",1529,6.13973263955716
"gpt-6.1-sol",1530,24.8275687110465
"gpt-6.1-sol",1531,7.95106118677674
"gpt-6.1-sol",1532,6.44118884224835
"gpt-6.1-sol",1533,9.45718555494224
"gpt-6.1-sol",1534,0.0250726276918995
"gpt-6.1-sol",1535,5.12447796271956
"gpt-6.1-sol",1536,24.8300170948015
"gpt-6.1-sol",1537,3.90428218373832
"gpt-6.1-sol",1538,25.5609597870215
"gpt-6.1-sol",1539,1.01297094543675
"gpt-6.1-sol",1540,4.46771284148698
"gpt-6.1-sol",1541,4.60343278588045
"gpt-6.1-sol",1542,6.91328234142363
"gpt-6.1-sol",1543,5.53415192399404
"gpt-6.1-sol",1544,9.88465363994933
"gpt-6.1-sol",1545,4.36767149209226
"gpt-6.1-sol",1546,1.9294516950879
"gpt-6.1-sol",1547,5.84266498355596
"gpt-6.1-sol",1548,6.9132823414236
"gpt-6.1-sol",1549,3.58964928847413
"gpt-6.1-sol",1550,9.88465363994932
"gpt-6.1-sol",1551,6.99919388728516
"gpt-6.1-sol",1552,4.17716862295765
"gpt-6.1-sol",1553,3.07226122745005
"gpt-6.1-sol",1554,6.25120003850969
"gpt-6.1-sol",1555,7.95961321771523
"gpt-6.1-sol",1556,5.12447796271958
"gpt-6.1-sol",1557,5.842664983556
"gpt-6.1-sol",1558,2.37021666654166
"gpt-6.1-sol",1559,7.5893555452943
"gpt-6.1-sol",1560,3.8788841947768
"gpt-6.1-sol",1561,2.19278513146569
"gpt-6.1-sol",1562,7.29699601421177
"gpt-6.1-sol",1563,3.8788841947768
"gpt-6.1-sol",1564,6.13973263955716
"gpt-6.1-sol",1565,4.80916521561332
"gpt-6.1-sol",1566,0.0250726276919368
"gpt-6.1-sol",1567,0.994899798754468
"gpt-6.1-sol",1568,3.90428218373832
"gpt-6.1-sol",1569,4.20421633516599
"gpt-6.1-sol",1570,2.10465492622975
"gpt-6.1-sol",1571,5.58139425191467
"gpt-6.1-sol",1572,2.32902699380243
"gpt-6.1-sol",1573,4.69524569262888
"gpt-6.1-sol",1574,6.25120003850969
"gpt-6.1-sol",1575,6.74930246688794
"gpt-6.1-sol",1576,3.19912282990033
"gpt-6.1-sol",1577,2.5384711459479
"gpt-6.1-sol",1578,1.08475847295088
"gpt-6.1-sol",1579,6.74930246688792
"gpt-6.1-sol",1580,3.71092394058708
"gpt-6.1-sol",1581,10.2124075237002
"gpt-6.1-sol",1582,10.103734890894
"gpt-6.1-sol",1583,3.58964928847414
"gpt-6.1-sol",1584,2.32902699380241
"gpt-6.1-sol",1585,6.7493024668879
"gpt-6.1-sol",1586,6.3968633075075
"gpt-6.1-sol",1587,7.95106118677674
"gpt-6.1-sol",1588,6.44118884224831
"gpt-6.1-sol",1589,5.12447796271956
"gpt-6.1-sol",1590,4.772259823609
"gpt-6.1-sol",1591,3.87888419477679
"gpt-6.1-sol",1592,2.37021666654165
"gpt-6.1-sol",1593,6.99919388728515
"gpt-6.1-sol",1594,5.23853603652393
"gpt-6.1-sol",1595,9.64096804110968
"gpt-6.1-sol",1596,2.53847114594789
"gpt-6.1-sol",1597,9.45718555494223
"gpt-6.1-sol",1598,2.4584579106356
"gpt-6.1-sol",1599,3.87888419477681
"gpt-6.1-sol",1600,2.3290269938024
"gpt-6.1-sol",1601,5.53415192399402
"gpt-6.1-sol",1602,5.84266498355597
"gpt-6.1-sol",1603,3.87888419477678
"gpt-6.1-sol",1604,9.64096804110966
"gpt-6.1-sol",1605,5.60052907671984
"gpt-6.1-sol",1606,2.45845791063559
"gpt-6.1-sol",1607,6.74795197329486
"gpt-6.1-sol",1608,5.12447796271957
"gpt-6.1-sol",1609,3.36358521902868
"gpt-6.1-sol",1610,3.36358521902869
"gpt-6.1-sol",1611,3.19912282990033
"gpt-6.1-sol",1612,5.18309769970084
"gpt-6.1-sol",1613,7.99403037465799
"gpt-6.1-sol",1614,3.71092394058707
"gpt-6.1-sol",1615,4.81756905604555
"gpt-6.1-sol",1616,5.12447796271955
"gpt-6.1-sol",1617,6.44118884224832
"gpt-6.1-sol",1618,5.53415192399401
"gpt-6.1-sol",1619,5.65200959748038
"gpt-6.1-sol",1620,2.5384711459479
"gpt-6.1-sol",1621,4.36767149209226
"gpt-6.1-sol",1622,4.69524569262888
"gpt-6.1-sol",1623,1.3027989983744
"gpt-6.1-sol",1624,6.4411888422483
"gpt-6.1-sol",1625,6.13973263955715
"gpt-6.1-sol",1626,7.9596132177152
"gpt-6.1-sol",1627,4.772259823609
"gpt-6.1-sol",1628,6.68089816721006
"gpt-6.1-sol",1629,5.18309769970087
"gpt-6.1-sol",1630,2.32902699380239
"gpt-6.1-sol",1631,3.71092394058706
"gpt-6.1-sol",1632,3.66169107743899
"gpt-6.1-sol",1633,7.95961321771523
"gpt-6.1-sol",1634,7.95961321771522
"gpt-6.1-sol",1635,5.83362160874472
"gpt-6.1-sol",1636,9.88465363994933
"gpt-6.1-sol",1637,10.9731975797637
"gpt-6.1-sol",1638,0.025072627691899
"gpt-6.1-sol",1639,6.72114500727542
"gpt-6.1-sol",1640,3.66169107743897
"gpt-6.1-sol",1641,24.8300170948015
"gpt-6.1-sol",1642,7.5893555452943
"gpt-6.1-sol",1643,0.972478285142326
"gpt-6.1-sol",1644,9.86430581803346
"gpt-6.1-sol",1645,6.44118884224834
"gpt-6.1-sol",1646,4.76854033771035
"gpt-6.1-sol",1647,2.37021666654165
"gpt-6.1-sol",1648,0.837606460553426
"gpt-6.1-sol",1649,3.87888419477682
"gpt-6.1-sol",1650,9.64096804110967
"gpt-6.1-sol",1651,10.2124075237002
"gpt-6.1-sol",1652,2.19278513146571
"gpt-6.1-sol",1653,2.14021155318285
"gpt-6.1-sol",1654,6.13973263955715
"gpt-6.1-sol",1655,10.4032738704929
"gpt-6.1-sol",1656,-0.0317483487820119
"gpt-6.1-sol",1657,2.37021666654166
"gpt-6.1-sol",1658,3.87888419477679
"gpt-6.1-sol",1659,3.66169107743897
"gpt-6.1-sol",1660,25.5415812359073
"gpt-6.1-sol",1661,6.74930246688792
"gpt-6.1-sol",1662,6.13973263955715
"gpt-6.1-sol",1663,6.13973263955717
"gpt-6.1-sol",1664,3.36976449023732
"gpt-6.1-sol",1665,7.99403037465798
"gpt-6.1-sol",1666,6.9132823414236
"gpt-6.1-sol",1667,3.66169107743899
"gpt-6.1-sol",1668,10.2124075237002
"gpt-6.1-sol",1669,2.14063544371441
"gpt-6.1-sol",1670,0.972478285142324
"gpt-6.1-sol",1671,4.80916521561331
"gpt-6.1-sol",1672,7.68034449354974
"gpt-6.1-sol",1673,8.93316719435469
"gpt-6.1-sol",1674,5.12447796271956
"gpt-6.1-sol",1675,3.58964928847415
"gpt-6.1-sol",1676,6.72114500727542
"gpt-6.1-sol",1677,4.69524569262888
"gpt-6.1-sol",1678,3.90428218373835
"gpt-6.1-sol",1679,6.74795197329486
"gpt-6.1-sol",1680,9.45718555494222
"gpt-6.1-sol",1681,2.32902699380243
"gpt-6.1-sol",1682,2.10465492622974
"gpt-6.1-sol",1683,9.45718555494221
"gpt-6.1-sol",1684,-0.432344489155431
"gpt-6.1-sol",1685,7.29699601421178
"gpt-6.1-sol",1686,5.53415192399402
"gpt-6.1-sol",1687,4.73307812149527
"gpt-6.1-sol",1688,27.0422079120238
"gpt-6.1-sol",1689,6.39686330750752
"gpt-6.1-sol",1690,5.77307852856877
"gpt-6.1-sol",1691,5.65200959748038
"gpt-6.1-sol",1692,2.14021155318285
"gpt-6.1-sol",1693,6.12803261601333
"gpt-6.1-sol",1694,3.6703535434049
"gpt-6.1-sol",1695,4.81756905604556
"gpt-6.1-sol",1696,7.29699601421179
"gpt-6.1-sol",1697,5.12447796271954
"gpt-6.1-sol",1698,6.74930246688791
"gpt-6.1-sol",1699,6.99919388728516
"gpt-6.1-sol",1700,5.77307852856878
"gpt-6.1-sol",1701,8.59480689232585
"gpt-6.1-sol",1702,7.09013804226485
"gpt-6.1-sol",1703,4.204216335166
"gpt-6.1-sol",1704,0.994899798754463
"gpt-6.1-sol",1705,39.6011589820853
"gpt-6.1-sol",1706,1.88702152799597
"gpt-6.1-sol",1707,4.8187478568804
"gpt-6.1-sol",1708,3.4425416180449
"gpt-6.1-sol",1709,3.90428218373832
"gpt-6.1-sol",1710,9.33331132399394
"gpt-6.1-sol",1711,9.86430581803346
"gpt-6.1-sol",1712,3.36358521902869
"gpt-6.1-sol",1713,1.14705245764049
"gpt-6.1-sol",1714,3.71092394058708
"gpt-6.1-sol",1715,6.44118884224831
"gpt-6.1-sol",1716,3.66169107743898
"gpt-6.1-sol",1717,6.9132823414236
"gpt-6.1-sol",1718,7.58935554529428
"gpt-6.1-sol",1719,8.59480689232585
"gpt-6.1-sol",1720,2.32902699380241
"gpt-6.1-sol",1721,4.77225982360901
"gpt-6.1-sol",1722,4.8091652156133
"gpt-6.1-sol",1723,1.30279899837444
"gpt-6.1-sol",1724,9.45718555494222
"gpt-6.1-sol",1725,3.36358521902871
"gpt-6.1-sol",1726,6.74930246688792
"gpt-6.1-sol",1727,9.86430581803344
"gpt-6.1-sol",1728,5.23853603652394
"gpt-6.1-sol",1729,6.74930246688792
"gpt-6.1-sol",1730,5.83362160874471
"gpt-6.1-sol",1731,2.53847114594791
"gpt-6.1-sol",1732,2.37021666654165
"gpt-6.1-sol",1733,2.10465492622973
"gpt-6.1-sol",1734,3.3697644902373
"gpt-6.1-sol",1735,1.0847584729509
"gpt-6.1-sol",1736,5.58139425191466
"gpt-6.1-sol",1737,7.29699601421178
"gpt-6.1-sol",1738,7.58935554529429
"gpt-6.1-sol",1739,5.58139425191468
"gpt-6.1-sol",1740,3.44254161804489
"gpt-6.1-sol",1741,5.77307852856876
"gpt-6.1-sol",1742,39.6011589820852
"gpt-6.1-sol",1743,2.93549359807279
"gpt-6.1-sol",1744,1.3027989983744
"gpt-6.1-sol",1745,10.9731975797637
"gpt-6.1-sol",1746,0.994899798754469
"gpt-6.1-sol",1747,5.84266498355599
"gpt-6.1-sol",1748,0.972478285142324
"gpt-6.1-sol",1749,7.29699601421175
"gpt-6.1-sol",1750,4.69524569262887
"gpt-6.1-sol",1751,6.4411888422483
"gpt-6.1-sol",1752,5.77307852856877
"gpt-6.1-sol",1753,3.90428218373833
"gpt-6.1-sol",1754,3.8788841947768
"gpt-6.1-sol",1755,7.95961321771523
"gpt-6.1-sol",1756,5.65200959748038
"gpt-6.1-sol",1757,2.19278513146571
"gpt-6.1-sol",1758,9.45718555494222
"gpt-6.1-sol",1759,5.84266498355599
"gpt-6.1-sol",1760,6.25120003850969
"gpt-6.1-sol",1761,5.77307852856879
"gpt-6.1-sol",1762,5.23853603652397
"gpt-6.1-sol",1763,4.69524569262887
"gpt-6.1-sol",1764,5.12447796271956
"gpt-6.1-sol",1765,6.13973263955715
"gpt-6.1-sol",1766,5.53415192399402
"gpt-6.1-sol",1767,6.25120003850969
"gpt-6.1-sol",1768,8.69113307676902
"gpt-6.1-sol",1769,23.7035470963407
"gpt-6.1-sol",1770,0.972478285142325
"gpt-6.1-sol",1771,5.12447796271958
"gpt-6.1-sol",1772,4.80916521561333
"gpt-6.1-sol",1773,3.36976449023728
"gpt-6.1-sol",1774,7.99403037465799
"gpt-6.1-sol",1775,1.24282843593202
"gpt-6.1-sol",1776,8.21268933492908
"gpt-6.1-sol",1777,5.12447796271957
"gpt-6.1-sol",1778,2.53847114594793
"gpt-6.1-sol",1779,4.17716862295767
"gpt-6.1-sol",1780,6.74930246688794
"gpt-6.1-sol",1781,4.204216335166
"gpt-6.1-sol",1782,3.86881819341199
"gpt-6.1-sol",1783,4.69524569262886
"gpt-6.1-sol",1784,6.91328234142362
"gpt-6.1-sol",1785,3.3697644902373
"gpt-6.1-sol",1786,4.76854033771037
"gpt-6.1-sol",1787,6.25120003850968
"gpt-6.1-sol",1788,5.53415192399402
"gpt-6.1-sol",1789,6.25120003850966
"gpt-6.1-sol",1790,6.44118884224835
"gpt-6.1-sol",1791,5.12447796271955
"gpt-6.1-sol",1792,3.90428218373834
"gpt-6.1-sol",1793,2.14021155318287
"gpt-6.1-sol",1794,3.86881819341199
"gpt-6.1-sol",1795,2.19278513146572
"gpt-6.1-sol",1796,1.08475847295086
"gpt-6.1-sol",1797,28.6204369940707
"gpt-6.1-sol",1798,3.36976449023731
"gpt-6.1-sol",1799,10.9731975797637
"gpt-6.1-sol",1800,8.59480689232585
"gpt-6.1-sol",1801,4.71875099516848
"gpt-6.1-sol",1802,6.13973263955716
"gpt-6.1-sol",1803,3.44254161804489
"gpt-6.1-sol",1804,6.99919388728516
"gpt-6.1-sol",1805,2.10143323330441
"gpt-6.1-sol",1806,2.32902699380242
"gpt-6.1-sol",1807,5.70741860166005
"gpt-6.1-sol",1808,5.84266498355599
"gpt-6.1-sol",1809,7.58935554529427
"gpt-6.1-sol",1810,4.76854033771035
"gpt-6.1-sol",1811,-0.432344489155409
"gpt-6.1-sol",1812,3.19912282990034
"gpt-6.1-sol",1813,39.6011589820854
"gpt-6.1-sol",1814,24.8300170948015
"gpt-6.1-sol",1815,9.64096804110966
"gpt-6.1-sol",1816,6.91328234142361
"gpt-6.1-sol",1817,3.58964928847415
"gpt-6.1-sol",1818,3.19912282990034
"gpt-6.1-sol",1819,2.53847114594789
"gpt-6.1-sol",1820,3.44254161804487
"gpt-6.1-sol",1821,4.69524569262887
"gpt-6.1-sol",1822,6.68089816721006
"gpt-6.1-sol",1823,1.24282843593203
"gpt-6.1-sol",1824,5.77307852856876
"gpt-6.1-sol",1825,7.95961321771523
"gpt-6.1-sol",1826,7.58935554529429
"gpt-6.1-sol",1827,1.24282843593202
"gpt-6.1-sol",1828,7.58935554529429
"gpt-6.1-sol",1829,3.90428218373834
"gpt-6.1-sol",1830,6.25120003850969
"gpt-6.1-sol",1831,25.5609597870215
"gpt-6.1-sol",1832,2.14021155318286
"gpt-6.1-sol",1833,9.86430581803345
"gpt-6.1-sol",1834,8.93316719435469
"gpt-6.1-sol",1835,1.92945169508789
"gpt-6.1-sol",1836,3.86881819341202
"gpt-6.1-sol",1837,1.08475847295088
"gpt-6.1-sol",1838,2.37021666654165
"gpt-6.1-sol",1839,24.161356783818
"gpt-6.1-sol",1840,7.95961321771522
"gpt-6.1-sol",1841,4.81756905604555
"gpt-6.1-sol",1842,7.58935554529429
"gpt-6.1-sol",1843,4.81756905604555
"gpt-6.1-sol",1844,4.69524569262887
"gpt-6.1-sol",1845,37.7096212875437
"gpt-6.1-sol",1846,1.24282843593201
"gpt-6.1-sol",1847,7.58935554529427
"gpt-6.1-sol",1848,1.98032162510346
"gpt-6.1-sol",1849,3.86881819341201
"gpt-6.1-sol",1850,3.661691077439
"gpt-6.1-sol",1851,5.58139425191468
"gpt-6.1-sol",1852,6.25120003850968
"gpt-6.1-sol",1853,5.12447796271956
"gpt-6.1-sol",1854,5.18309769970083
"gpt-6.1-sol",1855,7.58935554529428
"gpt-6.1-sol",1856,4.60343278588046
"gpt-6.1-sol",1857,6.99919388728516
"gpt-6.1-sol",1858,39.6011589820852
"gpt-6.1-sol",1859,4.76854033771035
"gpt-6.1-sol",1860,9.64096804110968
"gpt-6.1-sol",1861,5.53415192399401
"gpt-6.1-sol",1862,3.36976449023732
"gpt-6.1-sol",1863,7.95106118677674
"gpt-6.1-sol",1864,0.994899798754459
"gpt-6.1-sol",1865,5.60052907671984
"gpt-6.1-sol",1866,3.87888419477681
"gpt-6.1-sol",1867,6.74930246688794
"gpt-6.1-sol",1868,4.60343278588046
"gpt-6.1-sol",1869,7.68034449354975
"gpt-6.1-sol",1870,5.12447796271957
"gpt-6.1-sol",1871,5.58139425191468
"gpt-6.1-sol",1872,2.53847114594789
"gpt-6.1-sol",1873,0.175768677094835
"gpt-6.1-sol",1874,2.19278513146572
"gpt-6.1-sol",1875,7.5893555452943
"gpt-6.1-sol",1876,24.8275687110465
"gpt-6.1-sol",1877,4.69524569262889
"gpt-6.1-sol",1878,37.7096212875436
"gpt-6.1-sol",1879,9.33331132399394
"gpt-6.1-sol",1880,3.4425416180449
"gpt-6.1-sol",1881,8.93316719435468
"gpt-6.1-sol",1882,9.64096804110966
"gpt-6.1-sol",1883,4.69524569262887
"gpt-6.1-sol",1884,7.99403037465798
"gpt-6.1-sol",1885,0.972478285142339
"gpt-6.1-sol",1886,0.97247828514232
"gpt-6.1-sol",1887,5.65200959748036
"gpt-6.1-sol",1888,7.58935554529429
"gpt-6.1-sol",1889,-0.0317483487820119
"gpt-6.1-sol",1890,6.7211450072754
"gpt-6.1-sol",1891,3.67035354340491
"gpt-6.1-sol",1892,3.36358521902869
"gpt-6.1-sol",1893,3.66169107743897
"gpt-6.1-sol",1894,4.81756905604556
"gpt-6.1-sol",1895,1.9294516950879
"gpt-6.1-sol",1896,5.58139425191468
"gpt-6.1-sol",1897,5.53415192399401
"gpt-6.1-sol",1898,9.64096804110966
"gpt-6.1-sol",1899,4.46771284148698
"gpt-6.1-sol",1900,10.2124075237002
"gpt-6.1-sol",1901,7.95961321771525
"gpt-6.1-sol",1902,7.58935554529428
"gpt-6.1-sol",1903,7.29699601421175
"gpt-6.1-sol",1904,5.65200959748037
"gpt-6.1-sol",1905,3.36358521902869
"gpt-6.1-sol",1906,5.37747512061557
"gpt-6.1-sol",1907,4.46771284148698
"gpt-6.1-sol",1908,0.0250726276919126
"gpt-6.1-sol",1909,5.77307852856878
"gpt-6.1-sol",1910,10.4032738704929
"gpt-6.1-sol",1911,3.3697644902373
"gpt-6.1-sol",1912,10.9731975797637
"gpt-6.1-sol",1913,6.25120003850969
"gpt-6.1-sol",1914,9.86430581803346
"gpt-6.1-sol",1915,6.25120003850969
"gpt-6.1-sol",1916,5.65200959748037
"gpt-6.1-sol",1917,7.29699601421175
"gpt-6.1-sol",1918,10.4032738704929
"gpt-6.1-sol",1919,2.4076549199435
"gpt-6.1-sol",1920,1.88702152799598
"gpt-6.1-sol",1921,1.08475847295089
"gpt-6.1-sol",1922,0.994899798754466
"gpt-6.1-sol",1923,2.14021155318285
"gpt-6.1-sol",1924,25.5415812359073
"gpt-6.1-sol",1925,9.64096804110965
"gpt-6.1-sol",1926,6.2512000385097
"gpt-6.1-sol",1927,6.44118884224832
"gpt-6.1-sol",1928,8.9331671943547
"gpt-6.1-sol",1929,6.12803261601335
"gpt-6.1-sol",1930,1.08475847295087
"gpt-6.1-sol",1931,6.44118884224831
"gpt-6.1-sol",1932,7.58935554529429
"gpt-6.1-sol",1933,6.91328234142362
"gpt-6.1-sol",1934,1.08475847295087
"gpt-6.1-sol",1935,2.13836063588365
"gpt-6.1-sol",1936,2.19278513146572
"gpt-6.1-sol",1937,6.39686330750751
"gpt-6.1-sol",1938,3.87888419477682
"gpt-6.1-sol",1939,5.12447796271957
"gpt-6.1-sol",1940,2.5384711459479
"gpt-6.1-sol",1941,4.65138282085302
"gpt-6.1-sol",1942,3.66169107743898
"gpt-6.1-sol",1943,5.84266498355599
"gpt-6.1-sol",1944,1.08475847295088
"gpt-6.1-sol",1945,5.18309769970083
"gpt-6.1-sol",1946,1.9294516950879
"gpt-6.1-sol",1947,0.972478285142339
"gpt-6.1-sol",1948,3.44254161804493
"gpt-6.1-sol",1949,6.25120003850969
"gpt-6.1-sol",1950,3.66169107743899
"gpt-6.1-sol",1951,6.72114500727541
"gpt-6.1-sol",1952,1.24282843593199
"gpt-6.1-sol",1953,-0.277524346116998
"gpt-6.1-sol",1954,5.12447796271954
"gpt-6.1-sol",1955,5.6005290767198
"gpt-6.1-sol",1956,3.66169107743897
"gpt-6.1-sol",1957,3.86881819341202
"gpt-6.1-sol",1958,3.71092394058708
"gpt-6.1-sol",1959,6.13973263955715
"gpt-6.1-sol",1960,6.72114500727544
"gpt-6.1-sol",1961,3.71092394058706
"gpt-6.1-sol",1962,10.4032738704929
"gpt-6.1-sol",1963,3.58964928847415
"gpt-6.1-sol",1964,4.17716862295765
"gpt-6.1-sol",1965,6.3968633075075
"gpt-6.1-sol",1966,6.74930246688792
"gpt-6.1-sol",1967,1.3027989983744
"gpt-6.1-sol",1968,10.9731975797637
"gpt-6.1-sol",1969,6.39686330750753
"gpt-6.1-sol",1970,3.36358521902869
"gpt-6.1-sol",1971,3.36358521902869
"gpt-6.1-sol",1972,5.77307852856878
"gpt-6.1-sol",1973,3.36358521902869
"gpt-6.1-sol",1974,2.5384711459479
"gpt-6.1-sol",1975,4.36767149209228
"gpt-6.1-sol",1976,6.13973263955715
"gpt-6.1-sol",1977,27.0422079120237
"gpt-6.1-sol",1978,3.87888419477678
"gpt-6.1-sol",1979,7.29699601421174
"gpt-6.1-sol",1980,7.95961321771522
"gpt-6.1-sol",1981,7.9596132177152
"gpt-6.1-sol",1982,2.5384711459479
"gpt-6.1-sol",1983,9.88465363994938
"gpt-6.1-sol",1984,7.35303596836579
"gpt-6.1-sol",1985,9.64096804110966
"gpt-6.1-sol",1986,5.58139425191465
"gpt-6.1-sol",1987,2.13836063588367
"gpt-6.1-sol",1988,4.8091652156133
"gpt-6.1-sol",1989,2.32902699380241
"gpt-6.1-sol",1990,2.10465492622974
"gpt-6.1-sol",1991,4.81756905604554
"gpt-6.1-sol",1992,2.53847114594792
"gpt-6.1-sol",1993,5.84266498355601
"gpt-6.1-sol",1994,4.36767149209226
"gpt-6.1-sol",1995,5.18309769970083
"gpt-6.1-sol",1996,0.025072627691951
"gpt-6.1-sol",1997,0.175768677094828
"gpt-6.1-sol",1998,3.90428218373836
"gpt-6.1-sol",1999,2.53847114594793
"gpt-6.1-sol",2000,6.25120003850968
"gpt-6.1-sol",2001,3.19912282990033
"gpt-6.1-sol",2002,5.84266498355599
"gpt-6.1-sol",2003,4.60343278588045
"gpt-6.1-sol",2004,7.95961321771525
"gpt-6.1-sol",2005,4.80916521561326
"gpt-6.1-sol",2006,2.32902699380241
"gpt-6.1-sol",2007,27.0422079120238
"gpt-6.1-sol",2008,4.60343278588046
"gpt-6.1-sol",2009,3.17512955336747
"gpt-6.1-sol",2010,3.9042821837383
"gpt-6.1-sol",2011,9.45718555494221
"gpt-6.1-sol",2012,9.88465363994933
"gpt-6.1-sol",2013,10.2124075237002
"gpt-6.1-sol",2014,6.91328234142361
"gpt-6.1-sol",2015,3.58964928847415
"gpt-6.1-sol",2016,24.161356783818
"gpt-6.1-sol",2017,4.36767149209226
"gpt-6.1-sol",2018,6.44118884224833
"gpt-6.1-sol",2019,4.8091652156133
"gpt-6.1-sol",2020,7.68034449354974
"gpt-6.1-sol",2021,10.4032738704928
"gpt-6.1-sol",2022,23.7035470963407
"gpt-6.1-sol",2023,1.98032162510348
"gpt-6.1-sol",2024,9.3333113239939
"gpt-6.1-sol",2025,5.65200959748038
"gpt-6.1-sol",2026,4.80916521561333
"gpt-6.1-sol",2027,6.44118884224829
"gpt-6.1-sol",2028,6.25120003850969
"gpt-6.1-sol",2029,5.53415192399402
"gpt-6.1-sol",2030,7.95961321771524
"gpt-6.1-sol",2031,7.58935554529428
"gpt-6.1-sol",2032,6.13973263955716
"gpt-6.1-sol",2033,3.87888419477678
"gpt-6.1-sol",2034,5.58139425191466
"gpt-6.1-sol",2035,3.36358521902869
"gpt-6.1-sol",2036,6.25120003850969
"gpt-6.1-sol",2037,8.93316719435468
"gpt-6.1-sol",2038,7.29699601421179
"gpt-6.1-sol",2039,2.32902699380242
"gpt-6.1-sol",2040,6.9132823414236
"gpt-6.1-sol",2041,9.64096804110967
"gpt-6.1-sol",2042,4.60343278588046
"gpt-6.1-sol",2043,9.64096804110967
"gpt-6.1-sol",2044,25.5609597870215
"gpt-6.1-sol",2045,5.65200959748036
"gpt-6.1-sol",2046,4.80916521561331
"gpt-6.1-sol",2047,5.60052907671984
"gpt-6.1-sol",2048,1.01297094543675
"gpt-6.1-sol",2049,3.19912282990034
"gpt-6.1-sol",2050,5.84266498355599
"gpt-6.1-sol",2051,2.53847114594789
"gpt-6.1-sol",2052,0.972478285142323
"gpt-6.1-sol",2053,7.58935554529428
"gpt-6.1-sol",2054,5.84266498355599
"gpt-6.1-sol",2055,3.36976449023729
"gpt-6.1-sol",2056,4.60343278588046
"gpt-6.1-sol",2057,6.74930246688792
"gpt-6.1-sol",2058,4.20421633516601
"gpt-6.1-sol",2059,7.29699601421176
"gpt-6.1-sol",2060,6.4411888422483
"gpt-6.1-sol",2061,5.12447796271957
"gpt-6.1-sol",2062,3.17512955336746
"gpt-6.1-sol",2063,5.58139425191467
"gpt-6.1-sol",2064,5.65200959748038
"gpt-6.1-sol",2065,2.32902699380241
"gpt-6.1-sol",2066,6.25120003850969
"gpt-6.1-sol",2067,3.66169107743897
"gpt-6.1-sol",2068,7.68034449354977
"gpt-6.1-sol",2069,8.59480689232586
"gpt-6.1-sol",2070,7.29699601421176
"gpt-6.1-sol",2071,7.29699601421174
"gpt-6.1-sol",2072,2.4076549199435
"gpt-6.1-sol",2073,27.0422079120237
"gpt-6.1-sol",2074,3.36358521902869
"gpt-6.1-sol",2075,8.59480689232585
"gpt-6.1-sol",2076,27.0422079120238
"gpt-6.1-sol",2077,6.74930246688791
"gpt-6.1-sol",2078,2.37021666654165
"gpt-6.1-sol",2079,6.74930246688792
"gpt-6.1-sol",2080,7.58935554529429
"gpt-6.1-sol",2081,7.95961321771522
"gpt-6.1-sol",2082,7.68034449354974
"gpt-6.1-sol",2083,7.58935554529428
"gpt-6.1-sol",2084,2.5384711459479
"gpt-6.1-sol",2085,6.74795197329486
"gpt-6.1-sol",2086,6.68089816721006
"gpt-6.1-sol",2087,5.70741860166004
"gpt-6.1-sol",2088,3.87888419477679
"gpt-6.1-sol",2089,4.60343278588045
"gpt-6.1-sol",2090,24.8300170948015
"gpt-6.1-sol",2091,9.86430581803345
"gpt-6.1-sol",2092,6.68089816721007
"gpt-6.1-sol",2093,1.01297094543676
"gpt-6.1-sol",2094,6.25120003850968
"gpt-6.1-sol",2095,3.66169107743899
"gpt-6.1-sol",2096,6.3968633075075
"gpt-6.1-sol",2097,7.99403037465798
"gpt-6.1-sol",2098,4.69524569262887
"gpt-6.1-sol",2099,6.25120003850969
"gpt-6.1-sol",2100,4.8091652156133
"gpt-6.1-sol",2101,2.93549359807278
"gpt-6.1-sol",2102,9.64096804110967
"gpt-6.1-sol",2103,7.29699601421176
"gpt-6.1-sol",2104,24.161356783818
"gpt-6.1-sol",2105,9.64096804110968
"gpt-6.1-sol",2106,8.59480689232585
"gpt-6.1-sol",2107,2.37021666654166
"gpt-6.1-sol",2108,7.58935554529428
"gpt-6.1-sol",2109,9.88465363994933
"gpt-6.1-sol",2110,2.53847114594789
"gpt-6.1-sol",2111,9.64096804110966
"gpt-6.1-sol",2112,-0.305870704330333
"gpt-6.1-sol",2113,6.44118884224832
"gpt-6.1-sol",2114,5.23853603652394
"gpt-6.1-sol",2115,7.95961321771524
"gpt-6.1-sol",2116,5.12447796271957
"gpt-6.1-sol",2117,5.58139425191465
"gpt-6.1-sol",2118,9.86430581803344
"gpt-6.1-sol",2119,8.59480689232585
"gpt-6.1-sol",2120,9.3333113239939
"gpt-6.1-sol",2121,28.6204369940707
"gpt-6.1-sol",2122,6.13973263955716
"gpt-6.1-sol",2123,9.86430581803346
"gpt-6.1-sol",2124,4.81756905604555
"gpt-6.1-sol",2125,4.69524569262888
"gpt-6.1-sol",2126,4.69524569262886
"gpt-6.1-sol",2127,7.29699601421176
"gpt-6.1-sol",2128,1.98032162510349
"gpt-6.1-sol",2129,0.175768677094828
"gpt-6.1-sol",2130,2.53847114594789
"gpt-6.1-sol",2131,6.99919388728518
"gpt-6.1-sol",2132,3.90428218373836
"gpt-6.1-sol",2133,2.40765491994352
"gpt-6.1-sol",2134,3.36358521902869
"gpt-6.1-sol",2135,4.80916521561329
"gpt-6.1-sol",2136,6.68089816721005
"gpt-6.1-sol",2137,3.3697644902373
"gpt-6.1-sol",2138,3.66169107743896
"gpt-6.1-sol",2139,6.13973263955716
"gpt-6.1-sol",2140,2.13836063588366
"gpt-6.1-sol",2141,5.70741860166006
"gpt-6.1-sol",2142,2.13836063588367
"gpt-6.1-sol",2143,6.25120003850969
"gpt-6.1-sol",2144,10.2124075237002
"gpt-6.1-sol",2145,1.98032162510348
"gpt-6.1-sol",2146,5.70741860166007
"gpt-6.1-sol",2147,6.13973263955715
"gpt-6.1-sol",2148,6.68089816721006
"gpt-6.1-sol",2149,2.53847114594789
"gpt-6.1-sol",2150,7.58935554529428
"gpt-6.1-sol",2151,6.25120003850969
"gpt-6.1-sol",2152,2.1927851314657
"gpt-6.1-sol",2153,7.95961321771522
"gpt-6.1-sol",2154,6.7493024668879
"gpt-6.1-sol",2155,5.12447796271956
"gpt-6.1-sol",2156,6.25120003850969
"gpt-6.1-sol",2157,2.37021666654165
"gpt-6.1-sol",2158,5.84266498355599
"gpt-6.1-sol",2159,3.71092394058706
"gpt-6.1-sol",2160,2.19278513146571
"gpt-6.1-sol",2161,6.72114500727541
"gpt-6.1-sol",2162,3.36358521902869
"gpt-6.1-sol",2163,4.17716862295765
"gpt-6.1-sol",2164,4.60343278588046
"gpt-6.1-sol",2165,3.71092394058707
"gpt-6.1-sol",2166,4.80916521561329
"gpt-6.1-sol",2167,5.12447796271958
"gpt-6.1-sol",2168,9.64096804110968
"gpt-6.1-sol",2169,4.48812639927288
"gpt-6.1-sol",2170,24.1613567838181
"gpt-6.1-sol",2171,4.69524569262887
"gpt-6.1-sol",2172,4.20421633516601
"gpt-6.1-sol",2173,24.8275687110465
"gpt-6.1-sol",2174,2.45845791063559
"gpt-6.1-sol",2175,2.53847114594789
"gpt-6.1-sol",2176,1.08475847295087
"gpt-6.1-sol",2177,5.12447796271956
"gpt-6.1-sol",2178,10.9731975797637
"gpt-6.1-sol",2179,3.36976449023731
"gpt-6.1-sol",2180,1.98032162510348
"gpt-6.1-sol",2181,3.36358521902868
"gpt-6.1-sol",2182,9.24010877602111
"gpt-6.1-sol",2183,6.13973263955716
"gpt-6.1-sol",2184,5.84266498355599
"gpt-6.1-sol",2185,3.44254161804489
"gpt-6.1-sol",2186,2.32902699380241
"gpt-6.1-sol",2187,2.14063544371441
"gpt-6.1-sol",2188,5.77307852856877
"gpt-6.1-sol",2189,5.58139425191465
"gpt-6.1-sol",2190,2.10465492622974
"gpt-6.1-sol",2191,7.29699601421176
"gpt-6.1-sol",2192,6.4411888422483
"gpt-6.1-sol",2193,4.65138282085304
"gpt-6.1-sol",2194,5.23853603652395
"gpt-6.1-sol",2195,1.30279899837441
"gpt-6.1-sol",2196,24.8275687110465
"gpt-6.1-sol",2197,3.36358521902867
"gpt-6.1-sol",2198,3.86881819341203
"gpt-6.1-sol",2199,9.64096804110967
"gpt-6.1-sol",2200,3.90428218373832
"gpt-6.1-sol",2201,4.36767149209227
"gpt-6.1-sol",2202,3.36358521902869
"gpt-6.1-sol",2203,25.5609597870215
"gpt-6.1-sol",2204,3.36976449023729
"gpt-6.1-sol",2205,2.32902699380242
"gpt-6.1-sol",2206,9.88465363994935
"gpt-6.1-sol",2207,5.60052907671981
"gpt-6.1-sol",2208,4.60343278588045
"gpt-6.1-sol",2209,5.58139425191466
"gpt-6.1-sol",2210,5.18309769970083
"gpt-6.1-sol",2211,9.45718555494222
"gpt-6.1-sol",2212,0.837606460553441
"gpt-6.1-sol",2213,7.95106118677674
"gpt-6.1-sol",2214,10.2124075237002
"gpt-6.1-sol",2215,7.58935554529429
"gpt-6.1-sol",2216,3.58964928847415
"gpt-6.1-sol",2217,0.972478285142324
"gpt-6.1-sol",2218,10.9731975797637
"gpt-6.1-sol",2219,2.14021155318284
"gpt-6.1-sol",2220,1.30279899837442
"gpt-6.1-sol",2221,7.29699601421176
"gpt-6.1-sol",2222,8.93316719435469
"gpt-6.1-sol",2223,3.66169107743899
"gpt-6.1-sol",2224,7.95961321771522
"gpt-6.1-sol",2225,2.10465492622974
"gpt-6.1-sol",2226,3.58964928847415
"gpt-6.1-sol",2227,0.0250726276919069
"gpt-6.1-sol",2228,5.12447796271957
"gpt-6.1-sol",2229,5.18309769970083
"gpt-6.1-sol",2230,5.12447796271955
"gpt-6.1-sol",2231,6.72114500727543
"gpt-6.1-sol",2232,10.9731975797637
"gpt-6.1-sol",2233,5.65200959748037
"gpt-6.1-sol",2234,1.98032162510348
"gpt-6.1-sol",2235,4.76854033771035
"gpt-6.1-sol",2236,9.88465363994934
"gpt-6.1-sol",2237,2.19278513146571
"gpt-6.1-sol",2238,3.66169107743899
"gpt-6.1-sol",2239,9.45718555494223
"gpt-6.1-sol",2240,2.14021155318285
"gpt-6.1-sol",2241,10.4032738704929
"gpt-6.1-sol",2242,1.30279899837444
"gpt-6.1-sol",2243,9.45718555494221
"gpt-6.1-sol",2244,6.74930246688792
"gpt-6.1-sol",2245,2.53847114594789
"gpt-6.1-sol",2246,7.29699601421175
"gpt-6.1-sol",2247,4.60343278588046
"gpt-6.1-sol",2248,5.84266498355599
"gpt-6.1-sol",2249,3.90428218373834
"gpt-6.1-sol",2250,2.19278513146571
"gpt-6.1-sol",2251,4.77225982360901
"gpt-6.1-sol",2252,4.81756905604554
"gpt-6.1-sol",2253,3.71092394058705
"gpt-6.1-sol",2254,9.86430581803343
"gpt-6.1-sol",2255,24.8300170948015
"gpt-6.1-sol",2256,4.73307812149528
"gpt-6.1-sol",2257,5.70741860166005
"gpt-6.1-sol",2258,4.20421633516601
"gpt-6.1-sol",2259,3.66169107743898
"gpt-6.1-sol",2260,39.6011589820853
"gpt-6.1-sol",2261,7.95961321771521
"gpt-6.1-sol",2262,6.13973263955717
"gpt-6.1-sol",2263,7.68034449354974
"gpt-6.1-sol",2264,7.09013804226486
"gpt-6.1-sol",2265,9.86430581803346
"gpt-6.1-sol",2266,2.10465492622973
"gpt-6.1-sol",2267,3.86881819341205
"gpt-6.1-sol",2268,10.4032738704929
"gpt-6.1-sol",2269,2.32902699380244
"gpt-6.1-sol",2270,28.6204369940708
"gpt-6.1-sol",2271,2.40765491994349
"gpt-6.1-sol",2272,4.80916521561331
"gpt-6.1-sol",2273,4.77225982360901
"gpt-6.1-sol",2274,5.12447796271956
"gpt-6.1-sol",2275,25.5609597870215
"gpt-6.1-sol",2276,6.44118884224832
"gpt-6.1-sol",2277,6.25120003850969
"gpt-6.1-sol",2278,52.9990076803244
"gpt-6.1-sol",2279,6.74930246688792
"gpt-6.1-sol",2280,3.01877911157106
"gpt-6.1-sol",2281,3.3697644902373
"gpt-6.1-sol",2282,37.7096212875437
"gpt-6.1-sol",2283,1.08475847295086
"gpt-6.1-sol",2284,4.80916521561329
"gpt-6.1-sol",2285,5.12447796271956
"gpt-6.1-sol",2286,8.93316719435468
"gpt-6.1-sol",2287,5.58139425191468
"gpt-6.1-sol",2288,1.92945169508789
"gpt-6.1-sol",2289,3.87888419477678
"gpt-6.1-sol",2290,2.32902699380243
"gpt-6.1-sol",2291,3.87888419477681
"gpt-6.1-sol",2292,6.25120003850968
"gpt-6.1-sol",2293,6.13973263955717
"gpt-6.1-sol",2294,8.9331671943547
"gpt-6.1-sol",2295,10.2124075237002
"gpt-6.1-sol",2296,7.95961321771521
"gpt-6.1-sol",2297,9.64096804110965
"gpt-6.1-sol",2298,3.71092394058706
"gpt-6.1-sol",2299,3.71092394058706
"gpt-6.1-sol",2300,1.24282843593197
"gpt-6.1-sol",2301,5.58139425191466
"gpt-6.1-sol",2302,2.9215178130812
"gpt-6.1-sol",2303,4.46771284148698
"gpt-6.1-sol",2304,6.74930246688794
"gpt-6.1-sol",2305,6.13973263955716
"gpt-6.1-sol",2306,3.86881819341202
"gpt-6.1-sol",2307,9.45718555494222
"gpt-6.1-sol",2308,6.44118884224835
"gpt-6.1-sol",2309,2.4076549199435
"gpt-6.1-sol",2310,-0.0317483487820074
"gpt-6.1-sol",2311,1.30279899837442
"gpt-6.1-sol",2312,4.204216335166
"gpt-6.1-sol",2313,2.32902699380242
"gpt-6.1-sol",2314,9.64096804110967
"gpt-6.1-sol",2315,3.66169107743898
"gpt-6.1-sol",2316,5.12447796271954
"gpt-6.1-sol",2317,5.83362160874471
"gpt-6.1-sol",2318,5.23853603652394
"gpt-6.1-sol",2319,4.69524569262887
"gpt-6.1-sol",2320,3.90428218373835
"gpt-6.1-sol",2321,5.23853603652393
"gpt-6.1-sol",2322,4.60343278588046
"gpt-6.1-sol",2323,24.161356783818
"gpt-6.1-sol",2324,4.36767149209226
"gpt-6.1-sol",2325,1.88702152799598
"gpt-6.1-sol",2326,6.4411888422483
"gpt-6.1-sol",2327,3.71092394058706
"gpt-6.1-sol",2328,1.24282843593203
"gpt-6.1-sol",2329,6.7211450072754
"gpt-6.1-sol",2330,4.76854033771034
"gpt-6.1-sol",2331,4.60343278588045
"gpt-6.1-sol",2332,5.84266498355599
"gpt-6.1-sol",2333,9.86430581803345
"gpt-6.1-sol",2334,9.88465363994935
"gpt-6.1-sol",2335,2.53847114594789
"gpt-6.1-sol",2336,5.12447796271957
"gpt-6.1-sol",2337,4.76854033771036
"gpt-6.1-sol",2338,7.58935554529429
"gpt-6.1-sol",2339,3.36976449023728
"gpt-6.1-sol",2340,4.73307812149528
"gpt-6.1-sol",2341,3.90428218373829
"gpt-6.1-sol",2342,6.13973263955716
"gpt-6.1-sol",2343,3.87888419477681
"gpt-6.1-sol",2344,6.25120003850968
"gpt-6.1-sol",2345,2.14021155318284
"gpt-6.1-sol",2346,3.90428218373835
"gpt-6.1-sol",2347,10.9731975797637
"gpt-6.1-sol",2348,5.12447796271956
"gpt-6.1-sol",2349,3.71092394058706
"gpt-6.1-sol",2350,5.18309769970081
"gpt-6.1-sol",2351,2.19278513146571
"gpt-6.1-sol",2352,0.0250726276919069
"gpt-6.1-sol",2353,3.90428218373835
"gpt-6.1-sol",2354,3.90428218373836
"gpt-6.1-sol",2355,3.36976449023729
"gpt-6.1-sol",2356,6.68089816721005
"gpt-6.1-sol",2357,4.60343278588045
"gpt-6.1-sol",2358,1.08475847295086
"gpt-6.1-sol",2359,6.68089816721009
"gpt-6.1-sol",2360,3.17512955336746
"gpt-6.1-sol",2361,9.33331132399388
"gpt-6.1-sol",2362,3.87888419477678
"gpt-6.1-sol",2363,8.9331671943547
"gpt-6.1-sol",2364,6.3968633075075
"gpt-6.1-sol",2365,2.19278513146571
"gpt-6.1-sol",2366,3.19912282990033
"gpt-6.1-sol",2367,3.36358521902869
"gpt-6.1-sol",2368,28.6204369940708
"gpt-6.1-sol",2369,3.44254161804489
"gpt-6.1-sol",2370,3.58964928847414
"gpt-6.1-sol",2371,4.20421633516599
"gpt-6.1-sol",2372,10.9731975797637
"gpt-6.1-sol",2373,3.58964928847415
"gpt-6.1-sol",2374,4.8091652156133
"gpt-6.1-sol",2375,5.12447796271957
"gpt-6.1-sol",2376,3.90428218373835
"gpt-6.1-sol",2377,4.81756905604555
"gpt-6.1-sol",2378,7.68034449354975
"gpt-6.1-sol",2379,24.8300170948015
"gpt-6.1-sol",2380,3.87888419477679
"gpt-6.1-sol",2381,5.58139425191466
"gpt-6.1-sol",2382,3.71092394058706
"gpt-6.1-sol",2383,7.68034449354974
"gpt-6.1-sol",2384,3.36358521902866
"gpt-6.1-sol",2385,7.68034449354973
"gpt-6.1-sol",2386,5.84266498355599
"gpt-6.1-sol",2387,9.33331132399389
"gpt-6.1-sol",2388,24.161356783818
"gpt-6.1-sol",2389,7.29699601421176
"gpt-6.1-sol",2390,3.67035354340492
"gpt-6.1-sol",2391,3.66169107743897
"gpt-6.1-sol",2392,7.95961321771522
"gpt-6.1-sol",2393,2.19278513146571
"gpt-6.1-sol",2394,4.48812639927288
"gpt-6.1-sol",2395,27.0422079120238
"gpt-6.1-sol",2396,3.58964928847415
"gpt-6.1-sol",2397,4.80916521561331
"gpt-6.1-sol",2398,3.66169107743899
"gpt-6.1-sol",2399,3.44254161804489
"gpt-6.1-sol",2400,0.972478285142322
"gpt-6.1-sol",2401,4.36767149209227
"gpt-6.1-sol",2402,5.18309769970081
"gpt-6.1-sol",2403,3.44254161804489
"gpt-6.1-sol",2404,2.37021666654165
"gpt-6.1-sol",2405,10.4032738704929
"gpt-6.1-sol",2406,53.6294082784801
"gpt-6.1-sol",2407,4.17716862295768
"gpt-6.1-sol",2408,3.36358521902867
"gpt-6.1-sol",2409,4.76854033771037
"gpt-6.1-sol",2410,4.60343278588046
"gpt-6.1-sol",2411,7.95106118677673
"gpt-6.1-sol",2412,6.7211450072754
"gpt-6.1-sol",2413,4.65138282085305
"gpt-6.1-sol",2414,2.40765491994349
"gpt-6.1-sol",2415,3.44254161804489
"gpt-6.1-sol",2416,6.91328234142361
"gpt-6.1-sol",2417,2.14021155318285
"gpt-6.1-sol",2418,4.69524569262888
"gpt-6.1-sol",2419,9.64096804110968
"gpt-6.1-sol",2420,27.0422079120238
"gpt-6.1-sol",2421,2.88600919063783
"gpt-6.1-sol",2422,27.0422079120238
"gpt-6.1-sol",2423,7.68034449354974
"gpt-6.1-sol",2424,7.58935554529429
"gpt-6.1-sol",2425,3.17512955336746
"gpt-6.1-sol",2426,3.90428218373836
"gpt-6.1-sol",2427,1.01297094543676
"gpt-6.1-sol",2428,5.58139425191465
"gpt-6.1-sol",2429,3.8788841947768
"gpt-6.1-sol",2430,6.4411888422483
"gpt-6.1-sol",2431,3.58964928847415
"gpt-6.1-sol",2432,1.01297094543675
"gpt-6.1-sol",2433,3.17512955336745
"gpt-6.1-sol",2434,6.7493024668879
"gpt-6.1-sol",2435,3.36976449023728
"gpt-6.1-sol",2436,6.68089816721007
"gpt-6.1-sol",2437,5.65200959748038
"gpt-6.1-sol",2438,2.40765491994349
"gpt-6.1-sol",2439,0.994899798754466
"gpt-6.1-sol",2440,3.36358521902867
"gpt-6.1-sol",2441,5.53415192399402
"gpt-6.1-sol",2442,3.90428218373829
"gpt-6.1-sol",2443,2.14021155318285
"gpt-6.1-sol",2444,3.71092394058704
"gpt-6.1-sol",2445,5.12447796271958
"gpt-6.1-sol",2446,6.13973263955715
"gpt-6.1-sol",2447,7.95961321771522
"gpt-6.1-sol",2448,5.84266498355599
"gpt-6.1-sol",2449,7.3530359683658
"gpt-6.1-sol",2450,3.3697644902373
"gpt-6.1-sol",2451,2.92151781308123
"gpt-6.1-sol",2452,3.3697644902373
"gpt-6.1-sol",2453,8.69113307676902
"gpt-6.1-sol",2454,4.77225982360901
"gpt-6.1-sol",2455,37.7096212875436
"gpt-6.1-sol",2456,6.13973263955717
"gpt-6.1-sol",2457,7.95106118677673
"gpt-6.1-sol",2458,3.17512955336744
"gpt-6.1-sol",2459,2.40765491994349
"gpt-6.1-sol",2460,7.68034449354974
"gpt-6.1-sol",2461,6.74930246688793
"gpt-6.1-sol",2462,5.65200959748037
"gpt-6.1-sol",2463,5.84266498355601
"gpt-6.1-sol",2464,5.58139425191465
"gpt-6.1-sol",2465,7.95106118677674
"gpt-6.1-sol",2466,9.64096804110967
"gpt-6.1-sol",2467,6.25120003850969
"gpt-6.1-sol",2468,3.19912282990033
"gpt-6.1-sol",2469,9.86430581803346
"gpt-6.1-sol",2470,5.12447796271957
"gpt-6.1-sol",2471,6.12803261601333
"gpt-6.1-sol",2472,1.0847584729509
"gpt-6.1-sol",2473,6.44118884224835
"gpt-6.1-sol",2474,4.80916521561331
"gpt-6.1-sol",2475,6.3968633075075
"gpt-6.1-sol",2476,5.12447796271954
"gpt-6.1-sol",2477,4.81756905604554
"gpt-6.1-sol",2478,4.60343278588045
"gpt-6.1-sol",2479,7.29699601421175
"gpt-6.1-sol",2480,3.17512955336747
"gpt-6.1-sol",2481,2.1927851314657
"gpt-6.1-sol",2482,7.29699601421175
"gpt-6.1-sol",2483,8.93316719435468
"gpt-6.1-sol",2484,3.3697644902373
"gpt-6.1-sol",2485,9.45718555494223
"gpt-6.1-sol",2486,10.4032738704929
"gpt-6.1-sol",2487,6.74930246688791
"gpt-6.1-sol",2488,4.46771284148698
"gpt-6.1-sol",2489,8.9331671943547
"gpt-6.1-sol",2490,0.175768677094827
"gpt-6.1-sol",2491,8.59480689232586
"gpt-6.1-sol",2492,5.84266498355598
"gpt-6.1-sol",2493,5.53415192399402
"gpt-6.1-sol",2494,2.32902699380243
"gpt-6.1-sol",2495,2.53847114594791
"gpt-6.1-sol",2496,9.88465363994933
"gpt-6.1-sol",2497,5.77307852856876
"gpt-6.1-sol",2498,6.7211450072754
"gpt-6.1-sol",2499,4.69524569262888
"gpt-6.1-sol",2500,4.69524569262889
"gpt-6.1-sol",2501,2.40765491994349
"gpt-6.1-sol",2502,4.204216335166
"gpt-6.1-sol",2503,6.2512000385097
"gpt-6.1-sol",2504,7.68034449354975
"gpt-6.1-sol",2505,5.83362160874471
"gpt-6.1-sol",2506,2.37021666654165
"gpt-6.1-sol",2507,3.36358521902867
"gpt-6.1-sol",2508,1.14705245764048
"gpt-6.1-sol",2509,8.93316719435468
"gpt-6.1-sol",2510,2.32902699380242
"gpt-6.1-sol",2511,2.32902699380243
"gpt-6.1-sol",2512,3.90428218373834
"gpt-6.1-sol",2513,3.71092394058707
"gpt-6.1-sol",2514,7.58935554529427
"gpt-6.1-sol",2515,6.72114500727544
"gpt-6.1-sol",2516,9.64096804110966
"gpt-6.1-sol",2517,1.24282843593201
"gpt-6.1-sol",2518,4.73307812149528
"gpt-6.1-sol",2519,5.53415192399402
"gpt-6.1-sol",2520,39.6011589820853
"gpt-6.1-sol",2521,10.2124075237002
"gpt-6.1-sol",2522,5.12447796271956
"gpt-6.1-sol",2523,3.36976449023729
"gpt-6.1-sol",2524,5.65200959748036
"gpt-6.1-sol",2525,4.36767149209227
"gpt-6.1-sol",2526,3.90428218373835
"gpt-6.1-sol",2527,2.10143323330439
"gpt-6.1-sol",2528,7.68034449354976
"gpt-6.1-sol",2529,3.99405250289417
"gpt-6.1-sol",2530,-0.432344489155409
"gpt-6.1-sol",2531,1.08475847295087
"gpt-6.1-sol",2532,10.4032738704929
"gpt-6.1-sol",2533,0.994899798754459
"gpt-6.1-sol",2534,7.58935554529427
"gpt-6.1-sol",2535,1.24282843593201
"gpt-6.1-sol",2536,24.8275687110465
"gpt-6.1-sol",2537,3.67035354340492
"gpt-6.1-sol",2538,24.8275687110465
"gpt-6.1-sol",2539,2.14021155318285
"gpt-6.1-sol",2540,3.86881819341203
"gpt-6.1-sol",2541,10.2124075237002
"gpt-6.1-sol",2542,2.32902699380243
"gpt-6.1-sol",2543,3.71092394058706
"gpt-6.1-sol",2544,5.84266498355599
"gpt-6.1-sol",2545,3.86881819341201
"gpt-6.1-sol",2546,3.36358521902867
"gpt-6.1-sol",2547,7.95961321771524
"gpt-6.1-sol",2548,3.17512955336747
"gpt-6.1-sol",2549,6.74930246688791
"gpt-6.1-sol",2550,2.1927851314657
"gpt-6.1-sol",2551,6.99919388728516
"gpt-6.1-sol",2552,9.45718555494224
"gpt-6.1-sol",2553,2.40765491994354
"gpt-6.1-sol",2554,7.58935554529428
"gpt-6.1-sol",2555,2.19278513146571
"gpt-6.1-sol",2556,3.66169107743897
"gpt-6.1-sol",2557,7.29699601421175
"gpt-6.1-sol",2558,2.4584579106356
"gpt-6.1-sol",2559,6.7211450072754
"gpt-6.1-sol",2560,2.40765491994353
"gpt-6.1-sol",2561,1.92945169508789
"gpt-6.1-sol",2562,5.18309769970081
"gpt-6.1-sol",2563,3.868818193412
"gpt-6.1-sol",2564,9.24010877602111
"gpt-6.1-sol",2565,12.4548702400582
"gpt-6.1-sol",2566,-0.283092383290007
"gpt-6.1-sol",2567,7.95106118677674
"gpt-6.1-sol",2568,5.77307852856877
"gpt-6.1-sol",2569,5.84266498355599
"gpt-6.1-sol",2570,4.60343278588046
"gpt-6.1-sol",2571,2.40765491994351
"gpt-6.1-sol",2572,4.65138282085304
"gpt-6.1-sol",2573,10.4032738704929
"gpt-6.1-sol",2574,5.83362160874474
"gpt-6.1-sol",2575,6.13973263955716
"gpt-6.1-sol",2576,7.29699601421177
"gpt-6.1-sol",2577,5.18309769970084
"gpt-6.1-sol",2578,23.7035470963407
"gpt-6.1-sol",2579,0.175768677094842
"gpt-6.1-sol",2580,5.18309769970083
"gpt-6.1-sol",2581,5.12447796271956
"gpt-6.1-sol",2582,-0.0317483487820058
"gpt-6.1-sol",2583,1.98032162510348
"gpt-6.1-sol",2584,5.12447796271958
"gpt-6.1-sol",2585,5.70741860166006
"gpt-6.1-sol",2586,9.45718555494224
"gpt-6.1-sol",2587,6.44118884224831
"gpt-6.1-sol",2588,4.204216335166
"gpt-6.1-sol",2589,5.12447796271958
"gpt-6.1-sol",2590,4.76854033771035
"gpt-6.1-sol",2591,7.68034449354975
"gpt-6.1-sol",2592,4.36767149209225
"gpt-6.1-sol",2593,3.90428218373834
"gpt-6.1-sol",2594,2.53847114594791
"gpt-6.1-sol",2595,3.99405250289418
"gpt-6.1-sol",2596,5.53415192399402
"gpt-6.1-sol",2597,7.35303596836579
"gpt-6.1-sol",2598,9.64096804110967
"gpt-6.1-sol",2599,9.64096804110966
"gpt-6.1-sol",2600,4.36767149209226
"gpt-6.1-sol",2601,10.2124075237002
"gpt-6.1-sol",2602,6.13973263955716
"gpt-6.1-sol",2603,5.18309769970081
"gpt-6.1-sol",2604,5.12447796271958
"gpt-6.1-sol",2605,9.88465363994933
"gpt-6.1-sol",2606,6.25120003850967
"gpt-6.1-sol",2607,7.68034449354975
"gpt-6.1-sol",2608,7.95961321771525
"gpt-6.1-sol",2609,5.18309769970082
"gpt-6.1-sol",2610,9.64096804110966
"gpt-6.1-sol",2611,12.374262861846
"gpt-6.1-sol",2612,2.32902699380241
"gpt-6.1-sol",2613,2.32902699380241
"gpt-6.1-sol",2614,0.0250726276919439
"gpt-6.1-sol",2615,2.37021666654166
"gpt-6.1-sol",2616,2.1927851314657
"gpt-6.1-sol",2617,5.58139425191466
"gpt-6.1-sol",2618,2.53847114594793
"gpt-6.1-sol",2619,5.12447796271956
"gpt-6.1-sol",2620,5.84266498355599
"gpt-6.1-sol",2621,5.53415192399402
"gpt-6.1-sol",2622,7.5893555452943
"gpt-6.1-sol",2623,3.66169107743897
"gpt-6.1-sol",2624,3.36358521902869
"gpt-6.1-sol",2625,3.66169107743897
"gpt-6.1-sol",2626,5.60052907671981
"gpt-6.1-sol",2627,7.29699601421176
"gpt-6.1-sol",2628,6.74930246688792
"gpt-6.1-sol",2629,2.53847114594793
"gpt-6.1-sol",2630,9.86430581803348
"gpt-6.1-sol",2631,4.76854033771036
"gpt-6.1-sol",2632,4.60343278588045
"gpt-6.1-sol",2633,3.01877911157106
"gpt-6.1-sol",2634,53.6294082784801
"gpt-6.1-sol",2635,7.58935554529428
"gpt-6.1-sol",2636,6.25120003850969
"gpt-6.1-sol",2637,6.13973263955716
"gpt-6.1-sol",2638,3.9042821837383
"gpt-6.1-sol",2639,4.77225982360901
"gpt-6.1-sol",2640,7.68034449354975
"gpt-6.1-sol",2641,3.90428218373829
"gpt-6.1-sol",2642,7.29699601421174
"gpt-6.1-sol",2643,8.59480689232585
"gpt-6.1-sol",2644,3.90428218373835
"gpt-6.1-sol",2645,3.71092394058706
"gpt-6.1-sol",2646,25.5609597870215
"gpt-6.1-sol",2647,5.58139425191468
"gpt-6.1-sol",2648,5.65200959748036
"gpt-6.1-sol",2649,4.8091652156133
"gpt-6.1-sol",2650,7.29699601421179
"gpt-6.1-sol",2651,8.93316719435468
"gpt-6.1-sol",2652,0.97247828514232
"gpt-6.1-sol",2653,5.77307852856876
"gpt-6.1-sol",2654,39.6011589820853
"gpt-6.1-sol",2655,3.01877911157106
"gpt-6.1-sol",2656,4.8091652156133
"gpt-6.1-sol",2657,7.29699601421177
"gpt-6.1-sol",2658,4.60343278588046
"gpt-6.1-sol",2659,6.68089816721007
"gpt-6.1-sol",2660,3.58964928847415
"gpt-6.1-sol",2661,6.4411888422483
"gpt-6.1-sol",2662,9.45718555494223
"gpt-6.1-sol",2663,5.12447796271954
"gpt-6.1-sol",2664,9.86430581803343
"gpt-6.1-sol",2665,0.972478285142325
"gpt-6.1-sol",2666,4.77225982360901
"gpt-6.1-sol",2667,3.66169107743899
"gpt-6.1-sol",2668,3.3697644902373
"gpt-6.1-sol",2669,6.25120003850969
"gpt-6.1-sol",2670,3.71092394058706
"gpt-6.1-sol",2671,3.8788841947768
"gpt-6.1-sol",2672,0.972478285142317
"gpt-6.1-sol",2673,4.65138282085302
"gpt-6.1-sol",2674,2.32902699380241
"gpt-6.1-sol",2675,6.13973263955716
"gpt-6.1-sol",2676,2.13836063588367
"gpt-6.1-sol",2677,2.14021155318284
"gpt-6.1-sol",2678,2.40765491994351
"gpt-6.1-sol",2679,6.13973263955715
"gpt-6.1-sol",2680,24.8275687110465
"gpt-6.1-sol",2681,6.2512000385097
"gpt-6.1-sol",2682,5.60052907671984
"gpt-6.1-sol",2683,3.87888419477678
"gpt-6.1-sol",2684,7.29699601421177
"gpt-6.1-sol",2685,9.24010877602111
"gpt-6.1-sol",2686,2.14021155318286
"gpt-6.1-sol",2687,24.8300170948015
"gpt-6.1-sol",2688,2.40765491994351
"gpt-6.1-sol",2689,3.71092394058706
"gpt-6.1-sol",2690,9.45718555494222
"gpt-6.1-sol",2691,24.8275687110465
"gpt-6.1-sol",2692,6.99919388728516
"gpt-6.1-sol",2693,5.84266498355597
"gpt-6.1-sol",2694,4.204216335166
"gpt-6.1-sol",2695,10.4032738704929
"gpt-6.1-sol",2696,3.36358521902867
"gpt-6.1-sol",2697,4.69524569262888
"gpt-6.1-sol",2698,6.99919388728516
"gpt-6.1-sol",2699,6.44118884224835
"gpt-6.1-sol",2700,4.8091652156133
"gpt-6.1-sol",2701,28.6204369940708
"gpt-6.1-sol",2702,2.32902699380239
"gpt-6.1-sol",2703,5.12447796271956
"gpt-6.1-sol",2704,4.204216335166
"gpt-6.1-sol",2705,0.0250726276919368
"gpt-6.1-sol",2706,2.1927851314657
"gpt-6.1-sol",2707,5.77307852856877
"gpt-6.1-sol",2708,9.86430581803344
"gpt-6.1-sol",2709,2.1406354437144
"gpt-6.1-sol",2710,2.5384711459479
"gpt-6.1-sol",2711,10.1037348908941
"gpt-6.1-sol",2712,4.81756905604555
"gpt-6.1-sol",2713,5.83362160874473
"gpt-6.1-sol",2714,3.36358521902868
"gpt-6.1-sol",2715,7.95961321771522
"gpt-6.1-sol",2716,4.69524569262888
"gpt-6.1-sol",2717,5.12447796271958
"gpt-6.1-sol",2718,2.10465492622975
"gpt-6.1-sol",2719,7.09013804226486
"gpt-6.1-sol",2720,4.65138282085304
"gpt-6.1-sol",2721,6.13973263955714
"gpt-6.1-sol",2722,3.66169107743898
"gpt-6.1-sol",2723,3.90428218373835
"gpt-6.1-sol",2724,3.87888419477678
"gpt-6.1-sol",2725,5.70741860166005
"gpt-6.1-sol",2726,1.92945169508789
"gpt-6.1-sol",2727,4.73307812149529
"gpt-6.1-sol",2728,24.8300170948015
"gpt-6.1-sol",2729,6.13973263955715
"gpt-6.1-sol",2730,9.88465363994935
"gpt-6.1-sol",2731,1.9294516950879
"gpt-6.1-sol",2732,4.65138282085305
"gpt-6.1-sol",2733,5.12447796271956
"gpt-6.1-sol",2734,6.13973263955717
"gpt-6.1-sol",2735,0.0250726276919118
"gpt-6.1-sol",2736,10.4032738704929
"gpt-6.1-sol",2737,4.76854033771034
"gpt-6.1-sol",2738,2.14063544371441
"gpt-6.1-sol",2739,5.12447796271954
"gpt-6.1-sol",2740,7.29699601421173
"gpt-6.1-sol",2741,5.77307852856878
"gpt-6.1-sol",2742,2.53847114594791
"gpt-6.1-sol",2743,7.29699601421176
"gpt-6.1-sol",2744,3.36358521902869
"gpt-6.1-sol",2745,5.12447796271958
"gpt-6.1-sol",2746,3.87888419477678
"gpt-6.1-sol",2747,2.53847114594792
"gpt-6.1-sol",2748,4.65138282085304
"gpt-6.1-sol",2749,6.4411888422483
"gpt-6.1-sol",2750,6.13973263955714
"gpt-6.1-sol",2751,6.74930246688791
"gpt-6.1-sol",2752,-0.277524346117015
"gpt-6.1-sol",2753,9.45718555494222
"gpt-6.1-sol",2754,3.90428218373835
"gpt-6.1-sol",2755,5.12447796271956
"gpt-6.1-sol",2756,4.76854033771038
"gpt-6.1-sol",2757,10.2124075237002
"gpt-6.1-sol",2758,3.4425416180449
"gpt-6.1-sol",2759,2.32902699380239
"gpt-6.1-sol",2760,6.7211450072754
"gpt-6.1-sol",2761,6.25120003850969
"gpt-6.1-sol",2762,53.4060099968595
"gpt-6.1-sol",2763,3.86881819341203
"gpt-6.1-sol",2764,4.73307812149528
"gpt-6.1-sol",2765,4.69524569262888
"gpt-6.1-sol",2766,5.12447796271958
"gpt-6.1-sol",2767,3.66169107743899
"gpt-6.1-sol",2768,2.40765491994352
"gpt-6.1-sol",2769,2.4076549199435
"gpt-6.1-sol",2770,2.32902699380244
"gpt-6.1-sol",2771,4.77225982360901
"gpt-6.1-sol",2772,8.93316719435469
"gpt-6.1-sol",2773,3.71092394058707
"gpt-6.1-sol",2774,3.36358521902867
"gpt-6.1-sol",2775,0.837606460553424
"gpt-6.1-sol",2776,10.9731975797637
"gpt-6.1-sol",2777,5.84266498355599
"gpt-6.1-sol",2778,6.7211450072754
"gpt-6.1-sol",2779,0.837606460553416
"gpt-6.1-sol",2780,4.65138282085305
"gpt-6.1-sol",2781,3.86881819341203
"gpt-6.1-sol",2782,5.70741860166005
"gpt-6.1-sol",2783,3.71092394058706
"gpt-6.1-sol",2784,6.7493024668879
"gpt-6.1-sol",2785,6.44118884224832
"gpt-6.1-sol",2786,4.77225982360901
"gpt-6.1-sol",2787,3.90428218373836
"gpt-6.1-sol",2788,2.14021155318285
"gpt-6.1-sol",2789,10.4032738704929
"gpt-6.1-sol",2790,9.45718555494223
"gpt-6.1-sol",2791,4.76854033771035
"gpt-6.1-sol",2792,7.29699601421173
"gpt-6.1-sol",2793,7.58935554529427
"gpt-6.1-sol",2794,5.84266498355598
"gpt-6.1-sol",2795,4.80916521561328
"gpt-6.1-sol",2796,4.60343278588045
"gpt-6.1-sol",2797,3.86881819341204
"gpt-6.1-sol",2798,24.161356783818
"gpt-6.1-sol",2799,1.01297094543674
"gpt-6.1-sol",2800,7.95106118677674
"gpt-6.1-sol",2801,2.32902699380242
"gpt-6.1-sol",2802,5.18309769970082
"gpt-6.1-sol",2803,1.98032162510348
"gpt-6.1-sol",2804,1.01297094543676
"gpt-6.1-sol",2805,3.67035354340491
"gpt-6.1-sol",2806,5.65200959748038
"gpt-6.1-sol",2807,3.58964928847415
"gpt-6.1-sol",2808,4.80916521561329
"gpt-6.1-sol",2809,6.91328234142362
"gpt-6.1-sol",2810,9.86430581803345
"gpt-6.1-sol",2811,5.18309769970087
"gpt-6.1-sol",2812,6.44118884224834
"gpt-6.1-sol",2813,27.0422079120238
"gpt-6.1-sol",2814,3.36976449023729
"gpt-6.1-sol",2815,6.12803261601334
"gpt-6.1-sol",2816,10.4032738704929
"gpt-6.1-sol",2817,2.93549359807279
"gpt-6.1-sol",2818,4.36767149209229
"gpt-6.1-sol",2819,5.18309769970083
"gpt-6.1-sol",2820,2.32902699380241
"gpt-6.1-sol",2821,2.92151781308123
"gpt-6.1-sol",2822,5.84266498355599
"gpt-6.1-sol",2823,4.81756905604554
"gpt-6.1-sol",2824,4.69524569262887
"gpt-6.1-sol",2825,5.8336216087447
"gpt-6.1-sol",2826,5.58139425191467
"gpt-6.1-sol",2827,27.0422079120238
"gpt-6.1-sol",2828,3.90428218373834
"gpt-6.1-sol",2829,5.6005290767198
"gpt-6.1-sol",2830,10.9731975797636
"gpt-6.1-sol",2831,2.5384711459479
"gpt-6.1-sol",2832,3.17512955336745
"gpt-6.1-sol",2833,6.44118884224831
"gpt-6.1-sol",2834,3.36976449023729
"gpt-6.1-sol",2835,7.29699601421173
"gpt-6.1-sol",2836,5.58139425191468
"gpt-6.1-sol",2837,2.40765491994353
"gpt-6.1-sol",2838,3.90428218373835
"gpt-6.1-sol",2839,4.36767149209227
"gpt-6.1-sol",2840,28.6204369940708
"gpt-6.1-sol",2841,9.86430581803345
"gpt-6.1-sol",2842,1.24282843593199
"gpt-6.1-sol",2843,2.45845791063561
"gpt-6.1-sol",2844,6.25120003850968
"gpt-6.1-sol",2845,3.66169107743898
"gpt-6.1-sol",2846,-1.20038133521126
"gpt-6.1-sol",2847,2.13836063588367
"gpt-6.1-sol",2848,6.44118884224834
"gpt-6.1-sol",2849,3.19912282990033
"gpt-6.1-sol",2850,7.29699601421176
"gpt-6.1-sol",2851,3.36976449023731
"gpt-6.1-sol",2852,5.53415192399402
"gpt-6.1-sol",2853,12.4548702400581
"gpt-6.1-sol",2854,37.7096212875436
"gpt-6.1-sol",2855,6.3968633075075
"gpt-6.1-sol",2856,5.70741860166004
"gpt-6.1-sol",2857,5.60052907671981
"gpt-6.1-sol",2858,3.01877911157106
"gpt-6.1-sol",2859,2.3290269938024
"gpt-6.1-sol",2860,3.87888419477678
"gpt-6.1-sol",2861,1.9294516950879
"gpt-6.1-sol",2862,6.44118884224835
"gpt-6.1-sol",2863,5.12447796271957
"gpt-6.1-sol",2864,1.242828435932
"gpt-6.1-sol",2865,8.59480689232585
"gpt-6.1-sol",2866,4.81756905604555
"gpt-6.1-sol",2867,1.24282843593202
"gpt-6.1-sol",2868,6.4411888422483
"gpt-6.1-sol",2869,5.58139425191466
"gpt-6.1-sol",2870,2.53847114594791
"gpt-6.1-sol",2871,10.4032738704929
"gpt-6.1-sol",2872,2.40765491994351
"gpt-6.1-sol",2873,2.13836063588367
"gpt-6.1-sol",2874,1.08475847295086
"gpt-6.1-sol",2875,9.45718555494223
"gpt-6.1-sol",2876,6.99919388728516
"gpt-6.1-sol",2877,2.13836063588369
"gpt-6.1-sol",2878,2.14021155318285
"gpt-6.1-sol",2879,5.83362160874472
"gpt-6.1-sol",2880,4.69524569262887
"gpt-6.1-sol",2881,37.7096212875436
"gpt-6.1-sol",2882,0.972478285142322
"gpt-6.1-sol",2883,9.64096804110968
"gpt-6.1-sol",2884,3.71092394058705
"gpt-6.1-sol",2885,6.9132823414236
"gpt-6.1-sol",2886,2.4076549199435
"gpt-6.1-sol",2887,6.4411888422483
"gpt-6.1-sol",2888,2.37021666654164
"gpt-6.1-sol",2889,9.33331132399389
"gpt-6.1-sol",2890,2.14063544371441
"gpt-6.1-sol",2891,4.69524569262888
"gpt-6.1-sol",2892,24.8300170948015
"gpt-6.1-sol",2893,6.25120003850969
"gpt-6.1-sol",2894,4.60343278588045
"gpt-6.1-sol",2895,37.7096212875436
"gpt-6.1-sol",2896,5.12447796271955
"gpt-6.1-sol",2897,24.8275687110465
"gpt-6.1-sol",2898,5.12447796271955
"gpt-6.1-sol",2899,3.36358521902867
"gpt-6.1-sol",2900,8.69113307676902
"gpt-6.1-sol",2901,7.29699601421177
"gpt-6.1-sol",2902,1.30279899837442
"gpt-6.1-sol",2903,4.8091652156133
"gpt-6.1-sol",2904,3.868818193412
"gpt-6.1-sol",2905,3.36976449023731
"gpt-6.1-sol",2906,8.93316719435468
"gpt-6.1-sol",2907,2.10143323330439
"gpt-6.1-sol",2908,2.37021666654165
"gpt-6.1-sol",2909,6.13973263955714
"gpt-6.1-sol",2910,-0.432344489155393
"gpt-6.1-sol",2911,2.53847114594789
"gpt-6.1-sol",2912,27.0422079120238
"gpt-6.1-sol",2913,7.95106118677675
"gpt-6.1-sol",2914,7.95961321771521
"gpt-6.1-sol",2915,6.74795197329486
"gpt-6.1-sol",2916,3.90428218373833
"gpt-6.1-sol",2917,7.29699601421173
"gpt-6.1-sol",2918,2.40765491994351
"gpt-6.1-sol",2919,3.8788841947768
"gpt-6.1-sol",2920,5.84266498355598
"gpt-6.1-sol",2921,12.3742628618459
"gpt-6.1-sol",2922,5.12447796271957
"gpt-6.1-sol",2923,9.88465363994934
"gpt-6.1-sol",2924,4.81756905604555
"gpt-6.1-sol",2925,4.76854033771036
"gpt-6.1-sol",2926,3.8788841947768
"gpt-6.1-sol",2927,9.64096804110966
"gpt-6.1-sol",2928,3.36976449023729
"gpt-6.1-sol",2929,3.36976449023728
"gpt-6.1-sol",2930,5.84266498355599
"gpt-6.1-sol",2931,7.99403037465799
"gpt-6.1-sol",2932,4.17716862295767
"gpt-6.1-sol",2933,1.08475847295088
"gpt-6.1-sol",2934,3.71092394058706
"gpt-6.1-sol",2935,1.30279899837443
"gpt-6.1-sol",2936,5.53415192399401
"gpt-6.1-sol",2937,9.88465363994937
"gpt-6.1-sol",2938,5.83362160874472
"gpt-6.1-sol",2939,4.65138282085305
"gpt-6.1-sol",2940,3.58964928847413
"gpt-6.1-sol",2941,5.58139425191465
"gpt-6.1-sol",2942,24.8275687110465
"gpt-6.1-sol",2943,3.58964928847415
"gpt-6.1-sol",2944,4.46771284148698
"gpt-6.1-sol",2945,7.29699601421177
"gpt-6.1-sol",2946,0.994899798754455
"gpt-6.1-sol",2947,5.12447796271957
"gpt-6.1-sol",2948,9.88465363994933
"gpt-6.1-sol",2949,53.6294082784801
"gpt-6.1-sol",2950,4.8091652156133
"gpt-6.1-sol",2951,3.71092394058706
"gpt-6.1-sol",2952,56.4929887916155
"gpt-6.1-sol",2953,1.0847584729509
"gpt-6.1-sol",2954,3.36358521902868
"gpt-6.1-sol",2955,5.6005290767198
"gpt-6.1-sol",2956,4.77225982360901
"gpt-6.1-sol",2957,3.66169107743899
"gpt-6.1-sol",2958,4.81756905604554
"gpt-6.1-sol",2959,10.2124075237002
"gpt-6.1-sol",2960,3.67035354340492
"gpt-6.1-sol",2961,4.65138282085304
"gpt-6.1-sol",2962,3.36976449023731
"gpt-6.1-sol",2963,24.8275687110465
"gpt-6.1-sol",2964,2.13836063588367
"gpt-6.1-sol",2965,6.74930246688791
"gpt-6.1-sol",2966,1.01297094543678
"gpt-6.1-sol",2967,9.64096804110966
"gpt-6.1-sol",2968,6.25120003850969
"gpt-6.1-sol",2969,6.91328234142361
"gpt-6.1-sol",2970,24.8275687110465
"gpt-6.1-sol",2971,5.84266498355599
"gpt-6.1-sol",2972,2.5384711459479
"gpt-6.1-sol",2973,24.8300170948015
"gpt-6.1-sol",2974,6.25120003850968
"gpt-6.1-sol",2975,1.08475847295088
"gpt-6.1-sol",2976,1.98032162510348
"gpt-6.1-sol",2977,10.9731975797637
"gpt-6.1-sol",2978,4.8091652156133
"gpt-6.1-sol",2979,5.65200959748038
"gpt-6.1-sol",2980,7.95961321771523
"gpt-6.1-sol",2981,6.9132823414236
"gpt-6.1-sol",2982,2.1927851314657
"gpt-6.1-sol",2983,12.4548702400581
"gpt-6.1-sol",2984,0.994899798754468
"gpt-6.1-sol",2985,6.44118884224831
"gpt-6.1-sol",2986,5.12447796271956
"gpt-6.1-sol",2987,1.92945169508789
"gpt-6.1-sol",2988,9.88465363994932
"gpt-6.1-sol",2989,4.8091652156133
"gpt-6.1-sol",2990,4.65138282085304
"gpt-6.1-sol",2991,1.98032162510346
"gpt-6.1-sol",2992,9.88465363994936
"gpt-6.1-sol",2993,2.14063544371439
"gpt-6.1-sol",2994,6.39686330750749
"gpt-6.1-sol",2995,1.30279899837442
"gpt-6.1-sol",2996,7.95961321771522
"gpt-6.1-sol",2997,6.44118884224831
"gpt-6.1-sol",2998,4.60343278588046
"gpt-6.1-sol",2999,6.9132823414236
"gpt-6.1-sol",3000,6.9132823414236
"gpt-6.1-sol",3001,5.842664983556
"gpt-6.1-sol",3002,6.72114500727542
"gpt-6.1-sol",3003,6.74930246688792
"gpt-6.1-sol",3004,3.66169107743898
"gpt-6.1-sol",3005,3.661691077439
"gpt-6.1-sol",3006,4.76854033771038
"gpt-6.1-sol",3007,3.66169107743898
"gpt-6.1-sol",3008,5.84266498355597
"gpt-6.1-sol",3009,5.84266498355599
"gpt-6.1-sol",3010,5.84266498355601
"gpt-6.1-sol",3011,9.45718555494221
"gpt-6.1-sol",3012,0.0250726276919137
"gpt-6.1-sol",3013,4.60343278588045
"gpt-6.1-sol",3014,9.86430581803347
"gpt-6.1-sol",3015,4.76854033771036
"gpt-6.1-sol",3016,3.90428218373834
"gpt-6.1-sol",3017,3.71092394058707
"gpt-6.1-sol",3018,24.161356783818
"gpt-6.1-sol",3019,2.10465492622974
"gpt-6.1-sol",3020,24.161356783818
"gpt-6.1-sol",3021,3.71092394058705
"gpt-6.1-sol",3022,2.92151781308121
"gpt-6.1-sol",3023,6.72114500727544
"gpt-6.1-sol",3024,6.25120003850969
"gpt-6.1-sol",3025,6.9132823414236
"gpt-6.1-sol",3026,1.08475847295087
"gpt-6.1-sol",3027,3.90428218373831
"gpt-6.1-sol",3028,3.661691077439
"gpt-6.1-sol",3029,2.53847114594791
"gpt-6.1-sol",3030,5.37747512061557
"gpt-6.1-sol",3031,5.12447796271956
"gpt-6.1-sol",3032,3.71092394058705
"gpt-6.1-sol",3033,4.69524569262888
"gpt-6.1-sol",3034,3.87888419477679
"gpt-6.1-sol",3035,4.80916521561331
"gpt-6.1-sol",3036,8.69113307676905
"gpt-6.1-sol",3037,2.37021666654164
"gpt-6.1-sol",3038,1.9294516950879
"gpt-6.1-sol",3039,6.72114500727542
"gpt-6.1-sol",3040,3.66169107743899
"gpt-6.1-sol",3041,9.88465363994936
"gpt-6.1-sol",3042,9.33331132399394
"gpt-6.1-sol",3043,6.25120003850969
"gpt-6.1-sol",3044,6.91328234142361
"gpt-6.1-sol",3045,5.84266498355599
"gpt-6.1-sol",3046,4.76854033771036
"gpt-6.1-sol",3047,3.36358521902867
"gpt-6.1-sol",3048,3.99405250289416
"gpt-6.1-sol",3049,4.80916521561331
"gpt-6.1-sol",3050,6.25120003850969
"gpt-6.1-sol",3051,5.12447796271955
"gpt-6.1-sol",3052,1.98032162510346
"gpt-6.1-sol",3053,6.99919388728514
"gpt-6.1-sol",3054,5.65200959748037
"gpt-6.1-sol",3055,2.32902699380242
"gpt-6.1-sol",3056,3.66169107743899
"gpt-6.1-sol",3057,1.24282843593199
"gpt-6.1-sol",3058,3.66169107743897
"gpt-6.1-sol",3059,1.01297094543674
"gpt-6.1-sol",3060,7.29699601421176
"gpt-6.1-sol",3061,3.87888419477679
"gpt-6.1-sol",3062,6.44118884224829
"gpt-6.1-sol",3063,6.44118884224829
"gpt-6.1-sol",3064,2.4584579106356
"gpt-6.1-sol",3065,2.88600919063783
"gpt-6.1-sol",3066,9.3333113239939
"gpt-6.1-sol",3067,1.08475847295088
"gpt-6.1-sol",3068,1.01297094543678
"gpt-6.1-sol",3069,3.8788841947768
"gpt-6.1-sol",3070,25.5609597870215
"gpt-6.1-sol",3071,2.40765491994351
"gpt-6.1-sol",3072,3.44254161804489
"gpt-6.1-sol",3073,1.92945169508788
"gpt-6.1-sol",3074,1.01297094543676
"gpt-6.1-sol",3075,2.88600919063783
"gpt-6.1-sol",3076,9.88465363994934
"gpt-6.1-sol",3077,3.36976449023727
"gpt-6.1-sol",3078,2.13836063588367
"gpt-6.1-sol",3079,1.98032162510348
"gpt-6.1-sol",3080,10.4032738704929
"gpt-6.1-sol",3081,3.36358521902869
"gpt-6.1-sol",3082,24.8300170948015
"gpt-6.1-sol",3083,6.25120003850969
"gpt-6.1-sol",3084,2.53847114594792
"gpt-6.1-sol",3085,6.3968633075075
"gpt-6.1-sol",3086,8.21268933492907
"gpt-6.1-sol",3087,6.13973263955715
"gpt-6.1-sol",3088,4.36767149209227
"gpt-6.1-sol",3089,4.36767149209226
"gpt-6.1-sol",3090,3.17512955336747
"gpt-6.1-sol",3091,4.65138282085304
"gpt-6.1-sol",3092,4.71875099516848
"gpt-6.1-sol",3093,4.65138282085304
"gpt-6.1-sol",3094,5.842664983556
"gpt-6.1-sol",3095,3.67035354340491
"gpt-6.1-sol",3096,2.14021155318286
"gpt-6.1-sol",3097,2.14021155318287
"gpt-6.1-sol",3098,7.58935554529428
"gpt-6.1-sol",3099,2.1014332333044
"gpt-6.1-sol",3100,5.12447796271957
"gpt-6.1-sol",3101,5.84266498355599
"gpt-6.1-sol",3102,3.19912282990033
"gpt-6.1-sol",3103,0.994899798754463
"gpt-6.1-sol",3104,9.64096804110967
"gpt-6.1-sol",3105,10.9731975797637
"gpt-6.1-sol",3106,2.10143323330441
"gpt-6.1-sol",3107,4.17716862295768
"gpt-6.1-sol",3108,6.13973263955716
"gpt-6.1-sol",3109,0.972478285142321
"gpt-6.1-sol",3110,2.3290269938024
"gpt-6.1-sol",3111,7.29699601421177
"gpt-6.1-sol",3112,52.9990076803244
"gpt-6.1-sol",3113,1.98032162510347
"gpt-6.1-sol",3114,3.36976449023731
"gpt-6.1-sol",3115,10.4032738704929
"gpt-6.1-sol",3116,7.95961321771524
"gpt-6.1-sol",3117,3.17512955336746
"gpt-6.1-sol",3118,5.84266498355598
"gpt-6.1-sol",3119,2.5384711459479
"gpt-6.1-sol",3120,2.92151781308123
"gpt-6.1-sol",3121,2.14021155318285
"gpt-6.1-sol",3122,28.6204369940708
"gpt-6.1-sol",3123,6.99919388728514
"gpt-6.1-sol",3124,5.84266498355599
"gpt-6.1-sol",3125,4.48812639927288
"gpt-6.1-sol",3126,3.36358521902867
"gpt-6.1-sol",3127,5.12447796271957
"gpt-6.1-sol",3128,3.36358521902869
"gpt-6.1-sol",3129,3.36976449023731
"gpt-6.1-sol",3130,3.71092394058706
"gpt-6.1-sol",3131,6.99919388728516
"gpt-6.1-sol",3132,27.0422079120238
"gpt-6.1-sol",3133,9.45718555494223
"gpt-6.1-sol",3134,5.70741860166006
"gpt-6.1-sol",3135,6.7493024668879
"gpt-6.1-sol",3136,7.68034449354974
"gpt-6.1-sol",3137,2.1927851314657
"gpt-6.1-sol",3138,3.36358521902869
"gpt-6.1-sol",3139,52.9990076803245
"gpt-6.1-sol",3140,7.29699601421178
"gpt-6.1-sol",3141,4.81756905604556
"gpt-6.1-sol",3142,7.68034449354975
"gpt-6.1-sol",3143,6.7493024668879
"gpt-6.1-sol",3144,6.13973263955716
"gpt-6.1-sol",3145,4.65138282085304
"gpt-6.1-sol",3146,25.5609597870215
"gpt-6.1-sol",3147,3.44254161804489
"gpt-6.1-sol",3148,5.12447796271956
"gpt-6.1-sol",3149,3.19912282990033
"gpt-6.1-sol",3150,4.204216335166
"gpt-6.1-sol",3151,3.17512955336747
"gpt-6.1-sol",3152,2.19278513146571
"gpt-6.1-sol",3153,4.69524569262887
"gpt-6.1-sol",3154,5.60052907671981
"gpt-6.1-sol",3155,7.58935554529428
"gpt-6.1-sol",3156,4.81756905604555
"gpt-6.1-sol",3157,7.95961321771523
"gpt-6.1-sol",3158,24.8300170948015
"gpt-6.1-sol",3159,6.44118884224833
"gpt-6.1-sol",3160,5.83362160874471
"gpt-6.1-sol",3161,9.86430581803346
"gpt-6.1-sol",3162,5.23853603652393
"gpt-6.1-sol",3163,3.87888419477679
"gpt-6.1-sol",3164,2.32902699380241
"gpt-6.1-sol",3165,7.95961321771524
"gpt-6.1-sol",3166,5.12447796271957
"gpt-6.1-sol",3167,1.9294516950879
"gpt-6.1-sol",3168,1.14705245764048
"gpt-6.1-sol",3169,24.8300170948015
"gpt-6.1-sol",3170,7.29699601421171
"gpt-6.1-sol",3171,5.84266498355599
"gpt-6.1-sol",3172,1.14705245764048
"gpt-6.1-sol",3173,7.29699601421176
"gpt-6.1-sol",3174,4.17716862295767
"gpt-6.1-sol",3175,5.58139425191467
"gpt-6.1-sol",3176,5.84266498355598
"gpt-6.1-sol",3177,2.10465492622974
"gpt-6.1-sol",3178,10.9731975797637
"gpt-6.1-sol",3179,2.14021155318285
"gpt-6.1-sol",3180,4.77225982360901
"gpt-6.1-sol",3181,2.93549359807279
"gpt-6.1-sol",3182,8.93316719435469
"gpt-6.1-sol",3183,3.66169107743899
"gpt-6.1-sol",3184,37.7096212875436
"gpt-6.1-sol",3185,1.24282843593199
"gpt-6.1-sol",3186,25.5609597870215
"gpt-6.1-sol",3187,5.65200959748038
"gpt-6.1-sol",3188,37.7096212875437
"gpt-6.1-sol",3189,7.58935554529428
"gpt-6.1-sol",3190,2.4076549199435
"gpt-6.1-sol",3191,3.66169107743897
"gpt-6.1-sol",3192,6.44118884224831
"gpt-6.1-sol",3193,5.12447796271956
"gpt-6.1-sol",3194,4.46771284148698
"gpt-6.1-sol",3195,-0.305870704330341
"gpt-6.1-sol",3196,4.20421633516599
"gpt-6.1-sol",3197,1.92945169508789
"gpt-6.1-sol",3198,4.76854033771035
"gpt-6.1-sol",3199,4.69524569262887
"gpt-6.1-sol",3200,0.972478285142322
"gpt-6.1-sol",3201,2.10465492622974
"gpt-6.1-sol",3202,23.7035470963407
"gpt-6.1-sol",3203,5.12447796271957
"gpt-6.1-sol",3204,7.58935554529428
"gpt-6.1-sol",3205,5.77307852856877
"gpt-6.1-sol",3206,4.77225982360902
"gpt-6.1-sol",3207,3.90428218373833
"gpt-6.1-sol",3208,7.29699601421175
"gpt-6.1-sol",3209,7.29699601421178
"gpt-6.1-sol",3210,6.3968633075075
"gpt-6.1-sol",3211,6.74930246688794
"gpt-6.1-sol",3212,6.44118884224831
"gpt-6.1-sol",3213,0.994899798754469
"gpt-6.1-sol",3214,39.6011589820853
"gpt-6.1-sol",3215,5.60052907671981
"gpt-6.1-sol",3216,5.70741860166004
"gpt-6.1-sol",3217,5.77307852856877
"gpt-6.1-sol",3218,2.5384711459479
"gpt-6.1-sol",3219,3.36976449023731
"gpt-6.1-sol",3220,7.58935554529427
"gpt-6.1-sol",3221,9.86430581803344
"gpt-6.1-sol",3222,4.76854033771035
"gpt-6.1-sol",3223,5.53415192399401
"gpt-6.1-sol",3224,4.80916521561329
"gpt-6.1-sol",3225,9.45718555494223
"gpt-6.1-sol",3226,2.37021666654165
"gpt-6.1-sol",3227,4.69524569262888
"gpt-6.1-sol",3228,7.58935554529429
"gpt-6.1-sol",3229,27.0422079120238
"gpt-6.1-sol",3230,4.69524569262889
"gpt-6.1-sol",3231,24.161356783818
"gpt-6.1-sol",3232,1.98032162510348
"gpt-6.1-sol",3233,6.3968633075075
"gpt-6.1-sol",3234,7.58935554529429
"gpt-6.1-sol",3235,10.9731975797637
"gpt-6.1-sol",3236,4.76854033771034
"gpt-6.1-sol",3237,6.74930246688792
"gpt-6.1-sol",3238,1.98032162510348
"gpt-6.1-sol",3239,5.65200959748037
"gpt-6.1-sol",3240,4.204216335166
"gpt-6.1-sol",3241,3.90428218373831
"gpt-6.1-sol",3242,2.40765491994353
"gpt-6.1-sol",3243,3.71092394058707
"gpt-6.1-sol",3244,6.4411888422483
"gpt-6.1-sol",3245,1.9294516950879
"gpt-6.1-sol",3246,6.13973263955716
"gpt-6.1-sol",3247,3.90428218373836
"gpt-6.1-sol",3248,3.36358521902868
"gpt-6.1-sol",3249,9.64096804110968
"gpt-6.1-sol",3250,25.5415812359073
"gpt-6.1-sol",3251,5.23853603652393
"gpt-6.1-sol",3252,3.90428218373836
"gpt-6.1-sol",3253,4.69524569262888
"gpt-6.1-sol",3254,5.12447796271956
"gpt-6.1-sol",3255,5.12447796271955
"gpt-6.1-sol",3256,3.44254161804489
"gpt-6.1-sol",3257,4.36767149209228
"gpt-6.1-sol",3258,4.80916521561331
"gpt-6.1-sol",3259,3.66169107743898
"gpt-6.1-sol",3260,7.29699601421176
"gpt-6.1-sol",3261,7.68034449354975
"gpt-6.1-sol",3262,9.64096804110965
"gpt-6.1-sol",3263,3.86881819341202
"gpt-6.1-sol",3264,9.86430581803344
"gpt-6.1-sol",3265,9.88465363994933
"gpt-6.1-sol",3266,5.12447796271955
"gpt-6.1-sol",3267,3.36358521902869
"gpt-6.1-sol",3268,6.74930246688794
"gpt-6.1-sol",3269,28.6204369940708
"gpt-6.1-sol",3270,5.18309769970083
"gpt-6.1-sol",3271,3.67035354340492
"gpt-6.1-sol",3272,6.74930246688791
"gpt-6.1-sol",3273,6.25120003850969
"gpt-6.1-sol",3274,24.1613567838181
"gpt-6.1-sol",3275,5.12447796271955
"gpt-6.1-sol",3276,3.8788841947768
"gpt-6.1-sol",3277,5.77307852856877
"gpt-6.1-sol",3278,6.3968633075075
"gpt-6.1-sol",3279,6.74930246688789
"gpt-6.1-sol",3280,5.12447796271958
"gpt-6.1-sol",3281,6.74795197329486
"gpt-6.1-sol",3282,4.36767149209227
"gpt-6.1-sol",3283,9.33331132399394
"gpt-6.1-sol",3284,3.86881819341204
"gpt-6.1-sol",3285,7.58935554529428
"gpt-6.1-sol",3286,7.29699601421178
"gpt-6.1-sol",3287,5.84266498355599
"gpt-6.1-sol",3288,6.13973263955716
"gpt-6.1-sol",3289,24.1613567838181
"gpt-6.1-sol",3290,5.65200959748037
"gpt-6.1-sol",3291,1.9294516950879
"gpt-6.1-sol",3292,1.08475847295088
"gpt-6.1-sol",3293,1.01297094543678
"gpt-6.1-sol",3294,9.64096804110966
"gpt-6.1-sol",3295,8.59480689232585
"gpt-6.1-sol",3296,6.72114500727543
"gpt-6.1-sol",3297,2.32902699380242
"gpt-6.1-sol",3298,2.32902699380242
"gpt-6.1-sol",3299,1.01297094543675
"gpt-6.1-sol",3300,2.14021155318285
"gpt-6.1-sol",3301,8.59480689232585
"gpt-6.1-sol",3302,9.86430581803345
"gpt-6.1-sol",3303,9.64096804110967
"gpt-6.1-sol",3304,10.9731975797637
"gpt-6.1-sol",3305,6.13973263955715
"gpt-6.1-sol",3306,5.53415192399402
"gpt-6.1-sol",3307,4.73307812149529
"gpt-6.1-sol",3308,5.83362160874474
"gpt-6.1-sol",3309,4.204216335166
"gpt-6.1-sol",3310,5.12447796271957
"gpt-6.1-sol",3311,9.24010877602111
"gpt-6.1-sol",3312,4.80916521561333
"gpt-6.1-sol",3313,9.86430581803348
"gpt-6.1-sol",3314,4.65138282085304
"gpt-6.1-sol",3315,2.10143323330439
"gpt-6.1-sol",3316,3.90428218373834
"gpt-6.1-sol",3317,3.90428218373834
"gpt-6.1-sol",3318,5.12447796271956
"gpt-6.1-sol",3319,4.81874785688039
"gpt-6.1-sol",3320,5.37747512061556
"gpt-6.1-sol",3321,2.13836063588366
"gpt-6.1-sol",3322,7.68034449354975
"gpt-6.1-sol",3323,3.19912282990034
"gpt-6.1-sol",3324,2.32902699380242
"gpt-6.1-sol",3325,3.36976449023731
"gpt-6.1-sol",3326,1.30279899837442
"gpt-6.1-sol",3327,0.994899798754458
"gpt-6.1-sol",3328,6.72114500727545
"gpt-6.1-sol",3329,6.25120003850969
"gpt-6.1-sol",3330,2.53847114594791
"gpt-6.1-sol",3331,1.24282843593203
"gpt-6.1-sol",3332,8.93316719435469
"gpt-6.1-sol",3333,4.60343278588045
"gpt-6.1-sol",3334,2.19278513146571
"gpt-6.1-sol",3335,3.66169107743898
"gpt-6.1-sol",3336,3.71092394058706
"gpt-6.1-sol",3337,4.8091652156133
"gpt-6.1-sol",3338,4.8091652156133
"gpt-6.1-sol",3339,2.4584579106356
"gpt-6.1-sol",3340,2.53847114594789
"gpt-6.1-sol",3341,7.58935554529427
"gpt-6.1-sol",3342,4.8091652156133
"gpt-6.1-sol",3343,2.5384711459479
"gpt-6.1-sol",3344,3.86881819341203
"gpt-6.1-sol",3345,3.36358521902869
"gpt-6.1-sol",3346,7.58935554529429
"gpt-6.1-sol",3347,2.32902699380243
"gpt-6.1-sol",3348,5.70741860166006
"gpt-6.1-sol",3349,2.32902699380241
"gpt-6.1-sol",3350,5.83362160874472
"gpt-6.1-sol",3351,3.66169107743898
"gpt-6.1-sol",3352,1.01297094543676
"gpt-6.1-sol",3353,8.59480689232585
"gpt-6.1-sol",3354,4.204216335166
"gpt-6.1-sol",3355,37.7096212875437
"gpt-6.1-sol",3356,3.19912282990034
"gpt-6.1-sol",3357,0.994899798754455
"gpt-6.1-sol",3358,3.90428218373833
"gpt-6.1-sol",3359,3.71092394058707
"gpt-6.1-sol",3360,4.81756905604554
"gpt-6.1-sol",3361,3.8788841947768
"gpt-6.1-sol",3362,6.25120003850968
"gpt-6.1-sol",3363,3.36358521902867
"gpt-6.1-sol",3364,53.4510205470135
"gpt-6.1-sol",3365,7.99403037465799
"gpt-6.1-sol",3366,12.3742628618459
"gpt-6.1-sol",3367,3.44254161804493
"gpt-6.1-sol",3368,10.9731975797637
"gpt-6.1-sol",3369,3.90428218373835
"gpt-6.1-sol",3370,3.36976449023729
"gpt-6.1-sol",3371,3.58964928847415
"gpt-6.1-sol",3372,6.99919388728516
"gpt-6.1-sol",3373,5.83362160874474
"gpt-6.1-sol",3374,1.98032162510348
"gpt-6.1-sol",3375,6.39686330750752
"gpt-6.1-sol",3376,37.7096212875437
"gpt-6.1-sol",3377,3.90428218373832
"gpt-6.1-sol",3378,9.86430581803344
"gpt-6.1-sol",3379,3.90428218373832
"gpt-6.1-sol",3380,4.81756905604556
"gpt-6.1-sol",3381,0.837606460553416
"gpt-6.1-sol",3382,9.64096804110966
"gpt-6.1-sol",3383,5.84266498355599
"gpt-6.1-sol",3384,5.70741860166004
"gpt-6.1-sol",3385,25.5415812359072
"gpt-6.1-sol",3386,3.8788841947768
"gpt-6.1-sol",3387,3.58964928847415
"gpt-6.1-sol",3388,4.65138282085301
"gpt-6.1-sol",3389,7.29699601421176
"gpt-6.1-sol",3390,6.68089816721007
"gpt-6.1-sol",3391,2.53847114594792
"gpt-6.1-sol",3392,27.0422079120238
"gpt-6.1-sol",3393,6.13973263955716
"gpt-6.1-sol",3394,1.01297094543678
"gpt-6.1-sol",3395,7.68034449354974
"gpt-6.1-sol",3396,4.81756905604555
"gpt-6.1-sol",3397,9.64096804110967
"gpt-6.1-sol",3398,6.44118884224831
"gpt-6.1-sol",3399,7.58935554529429
"gpt-6.1-sol",3400,2.19278513146569
"gpt-6.1-sol",3401,7.58935554529426
"gpt-6.1-sol",3402,4.77225982360901
"gpt-6.1-sol",3403,5.53415192399402
"gpt-6.1-sol",3404,3.36358521902869
"gpt-6.1-sol",3405,3.66169107743896
"gpt-6.1-sol",3406,2.88600919063784
"gpt-6.1-sol",3407,7.58935554529431
"gpt-6.1-sol",3408,2.13836063588367
"gpt-6.1-sol",3409,24.8300170948015
"gpt-6.1-sol",3410,7.99403037465799
"gpt-6.1-sol",3411,7.95961321771524
"gpt-6.1-sol",3412,2.10465492622974
"gpt-6.1-sol",3413,25.5415812359073
"gpt-6.1-sol",3414,3.36976449023729
"gpt-6.1-sol",3415,5.58139425191466
"gpt-6.1-sol",3416,3.6703535434049
"gpt-6.1-sol",3417,9.64096804110966
"gpt-6.1-sol",3418,7.29699601421175
"gpt-6.1-sol",3419,7.29699601421178
"gpt-6.1-sol",3420,7.29699601421176
"gpt-6.1-sol",3421,2.37021666654165
"gpt-6.1-sol",3422,1.92945169508789
"gpt-6.1-sol",3423,1.98032162510346
"gpt-6.1-sol",3424,6.13973263955715
"gpt-6.1-sol",3425,4.69524569262888
"gpt-6.1-sol",3426,7.95961321771521
"gpt-6.1-sol",3427,3.86881819341203
"gpt-6.1-sol",3428,7.68034449354975
"gpt-6.1-sol",3429,53.4060099968595
"gpt-6.1-sol",3430,7.95961321771522
"gpt-6.1-sol",3431,6.25120003850969
"gpt-6.1-sol",3432,5.60052907671981
"gpt-6.1-sol",3433,5.65200959748037
"gpt-6.1-sol",3434,4.69524569262887
"gpt-6.1-sol",3435,0.175768677094826
"gpt-6.1-sol",3436,2.19278513146571
"gpt-6.1-sol",3437,2.53847114594788
"gpt-6.1-sol",3438,3.36358521902868
"gpt-6.1-sol",3439,5.58139425191467
"gpt-6.1-sol",3440,6.39686330750751
"gpt-6.1-sol",3441,0.972478285142319
"gpt-6.1-sol",3442,4.69524569262888
"gpt-6.1-sol",3443,3.36976449023729
"gpt-6.1-sol",3444,3.36358521902869
"gpt-6.1-sol",3445,3.44254161804489
"gpt-6.1-sol",3446,3.36358521902869
"gpt-6.1-sol",3447,7.95961321771522
"gpt-6.1-sol",3448,2.5384711459479
"gpt-6.1-sol",3449,6.13973263955715
"gpt-6.1-sol",3450,4.77225982360901
"gpt-6.1-sol",3451,5.84266498355599
"gpt-6.1-sol",3452,5.12447796271957
"gpt-6.1-sol",3453,3.71092394058706
"gpt-6.1-sol",3454,6.74930246688794
"gpt-6.1-sol",3455,24.161356783818
"gpt-6.1-sol",3456,6.74930246688792
"gpt-6.1-sol",3457,1.92945169508789
"gpt-6.1-sol",3458,7.29699601421174
"gpt-6.1-sol",3459,3.3697644902373
"gpt-6.1-sol",3460,6.72114500727543
"gpt-6.1-sol",3461,3.90428218373833
"gpt-6.1-sol",3462,6.13973263955716
"gpt-6.1-sol",3463,4.60343278588045
"gpt-6.1-sol",3464,4.73307812149529
"gpt-6.1-sol",3465,3.99405250289416
"gpt-6.1-sol",3466,6.25120003850969
"gpt-6.1-sol",3467,5.77307852856878
"gpt-6.1-sol",3468,9.88465363994933
"gpt-6.1-sol",3469,4.65138282085302
"gpt-6.1-sol",3470,4.46771284148698
"gpt-6.1-sol",3471,4.76854033771034
"gpt-6.1-sol",3472,6.13973263955716
"gpt-6.1-sol",3473,3.87888419477678
"gpt-6.1-sol",3474,4.77225982360902
"gpt-6.1-sol",3475,6.99919388728516
"gpt-6.1-sol",3476,24.1613567838181
"gpt-6.1-sol",3477,6.25120003850969
"gpt-6.1-sol",3478,2.37021666654165
"gpt-6.1-sol",3479,8.59480689232586
"gpt-6.1-sol",3480,-0.432344489155431
"gpt-6.1-sol",3481,7.99403037465799
"gpt-6.1-sol",3482,4.81756905604554
"gpt-6.1-sol",3483,2.13836063588367
"gpt-6.1-sol",3484,6.74930246688792
"gpt-6.1-sol",3485,10.4032738704929
"gpt-6.1-sol",3486,7.58935554529427
"gpt-6.1-sol",3487,5.58139425191466
"gpt-6.1-sol",3488,2.14021155318284
"gpt-6.1-sol",3489,6.68089816721006
"gpt-6.1-sol",3490,2.32902699380241
"gpt-6.1-sol",3491,3.71092394058706
"gpt-6.1-sol",3492,2.19278513146571
"gpt-6.1-sol",3493,3.36976449023729
"gpt-6.1-sol",3494,6.25120003850969
"gpt-6.1-sol",3495,25.5609597870216
"gpt-6.1-sol",3496,6.44118884224833
"gpt-6.1-sol",3497,5.58139425191465
"gpt-6.1-sol",3498,3.36976449023728
"gpt-6.1-sol",3499,2.40765491994351
"gpt-6.1-sol",3500,2.10143323330439
"gpt-6.1-sol",3501,5.60052907671981
"gpt-6.1-sol",3502,3.66169107743898
"gpt-6.1-sol",3503,1.98032162510348
"gpt-6.1-sol",3504,5.23853603652395
"gpt-6.1-sol",3505,9.88465363994938
"gpt-6.1-sol",3506,5.12447796271956
"gpt-6.1-sol",3507,7.99403037465799
"gpt-6.1-sol",3508,7.58935554529428
"gpt-6.1-sol",3509,6.25120003850969
"gpt-6.1-sol",3510,5.58139425191466
"gpt-6.1-sol",3511,7.58935554529428
"gpt-6.1-sol",3512,1.9803216251035
"gpt-6.1-sol",3513,0.994899798754456
"gpt-6.1-sol",3514,2.45845791063556
"gpt-6.1-sol",3515,3.86881819341202
"gpt-6.1-sol",3516,9.64096804110966
"gpt-6.1-sol",3517,2.37021666654166
"gpt-6.1-sol",3518,9.45718555494223
"gpt-6.1-sol",3519,6.2512000385097
"gpt-6.1-sol",3520,39.6011589820852
"gpt-6.1-sol",3521,5.84266498355596
"gpt-6.1-sol",3522,7.95106118677674
"gpt-6.1-sol",3523,5.65200959748038
"gpt-6.1-sol",3524,5.12447796271957
"gpt-6.1-sol",3525,10.9731975797637
"gpt-6.1-sol",3526,4.69524569262886
"gpt-6.1-sol",3527,3.36976449023729
"gpt-6.1-sol",3528,8.59480689232585
"gpt-6.1-sol",3529,4.71875099516848
"gpt-6.1-sol",3530,6.44118884224831
"gpt-6.1-sol",3531,3.66169107743897
"gpt-6.1-sol",3532,1.98032162510346
"gpt-6.1-sol",3533,2.3290269938024
"gpt-6.1-sol",3534,4.81756905604554
"gpt-6.1-sol",3535,5.58139425191468
"gpt-6.1-sol",3536,4.60343278588046
"gpt-6.1-sol",3537,2.45845791063561
"gpt-6.1-sol",3538,4.204216335166
"gpt-6.1-sol",3539,7.29699601421177
"gpt-6.1-sol",3540,2.32902699380238
"gpt-6.1-sol",3541,4.46771284148699
"gpt-6.1-sol",3542,3.71092394058708
"gpt-6.1-sol",3543,3.67035354340493
"gpt-6.1-sol",3544,4.77225982360901
"gpt-6.1-sol",3545,9.45718555494221
"gpt-6.1-sol",3546,25.5609597870216
"gpt-6.1-sol",3547,3.71092394058706
"gpt-6.1-sol",3548,3.58964928847415
"gpt-6.1-sol",3549,7.29699601421176
"gpt-6.1-sol",3550,3.36976449023728
"gpt-6.1-sol",3551,1.3027989983744
"gpt-6.1-sol",3552,2.19278513146571
"gpt-6.1-sol",3553,7.58935554529429
"gpt-6.1-sol",3554,9.3333113239939
"gpt-6.1-sol",3555,3.90428218373831
"gpt-6.1-sol",3556,0.972478285142326
"gpt-6.1-sol",3557,5.65200959748038
"gpt-6.1-sol",3558,3.66169107743899
"gpt-6.1-sol",3559,28.6204369940708
"gpt-6.1-sol",3560,3.67035354340493
"gpt-6.1-sol",3561,0.994899798754466
"gpt-6.1-sol",3562,5.65200959748036
"gpt-6.1-sol",3563,3.67035354340492
"gpt-6.1-sol",3564,4.81756905604554
"gpt-6.1-sol",3565,6.13973263955716
"gpt-6.1-sol",3566,3.8788841947768
"gpt-6.1-sol",3567,3.19912282990033
"gpt-6.1-sol",3568,5.77307852856878
"gpt-6.1-sol",3569,0.837606460553416
"gpt-6.1-sol",3570,6.13973263955715
"gpt-6.1-sol",3571,5.70741860166006
"gpt-6.1-sol",3572,3.71092394058707
"gpt-6.1-sol",3573,6.74930246688792
"gpt-6.1-sol",3574,5.58139425191466
"gpt-6.1-sol",3575,3.36358521902867
"gpt-6.1-sol",3576,10.2124075237002
"gpt-6.1-sol",3577,6.25120003850968
"gpt-6.1-sol",3578,2.32902699380243
"gpt-6.1-sol",3579,9.45718555494221
"gpt-6.1-sol",3580,2.3290269938024
"gpt-6.1-sol",3581,2.32902699380241
"gpt-6.1-sol",3582,3.19912282990033
"gpt-6.1-sol",3583,5.12447796271958
"gpt-6.1-sol",3584,6.4411888422483
"gpt-6.1-sol",3585,9.64096804110966
"gpt-6.1-sol",3586,4.76854033771036
"gpt-6.1-sol",3587,3.58964928847413
"gpt-6.1-sol",3588,0.972478285142325
"gpt-6.1-sol",3589,3.71092394058706
"gpt-6.1-sol",3590,4.60343278588045
"gpt-6.1-sol",3591,3.86881819341202
"gpt-6.1-sol",3592,4.8091652156133
"gpt-6.1-sol",3593,7.95961321771522
"gpt-6.1-sol",3594,4.60343278588045
"gpt-6.1-sol",3595,-0.0317483487820151
"gpt-6.1-sol",3596,6.9132823414236
"gpt-6.1-sol",3597,3.66169107743898
"gpt-6.1-sol",3598,3.36358521902869
"gpt-6.1-sol",3599,9.64096804110966
"gpt-6.1-sol",3600,5.12447796271956
"gpt-6.1-sol",3601,5.70741860166005
"gpt-6.1-sol",3602,0.972478285142323
"gpt-6.1-sol",3603,2.19278513146571
"gpt-6.1-sol",3604,6.44118884224831
"gpt-6.1-sol",3605,5.18309769970083
"gpt-6.1-sol",3606,4.46771284148698
"gpt-6.1-sol",3607,5.12447796271956
"gpt-6.1-sol",3608,2.10465492622974
"gpt-6.1-sol",3609,3.58964928847415
"gpt-6.1-sol",3610,1.98032162510347
"gpt-6.1-sol",3611,4.77225982360904
"gpt-6.1-sol",3612,9.88465363994934
"gpt-6.1-sol",3613,1.14705245764048
"gpt-6.1-sol",3614,1.30279899837442
"gpt-6.1-sol",3615,9.88465363994934
"gpt-6.1-sol",3616,4.81756905604556
"gpt-6.1-sol",3617,9.64096804110965
"gpt-6.1-sol",3618,5.84266498355597
"gpt-6.1-sol",3619,3.17512955336745
"gpt-6.1-sol",3620,9.88465363994934
"gpt-6.1-sol",3621,3.17512955336746
"gpt-6.1-sol",3622,6.74930246688791
"gpt-6.1-sol",3623,10.2124075237002
"gpt-6.1-sol",3624,3.99405250289418
"gpt-6.1-sol",3625,5.23853603652394
"gpt-6.1-sol",3626,1.3027989983744
"gpt-6.1-sol",3627,6.74930246688789
"gpt-6.1-sol",3628,3.19912282990033
"gpt-6.1-sol",3629,5.53415192399402
"gpt-6.1-sol",3630,3.36358521902868
"gpt-6.1-sol",3631,6.25120003850969
"gpt-6.1-sol",3632,5.12447796271957
"gpt-6.1-sol",3633,12.374262861846
"gpt-6.1-sol",3634,7.29699601421175
"gpt-6.1-sol",3635,3.67035354340492
"gpt-6.1-sol",3636,10.9731975797637
"gpt-6.1-sol",3637,3.44254161804489
"gpt-6.1-sol",3638,0.972478285142338
"gpt-6.1-sol",3639,7.95961321771523
"gpt-6.1-sol",3640,4.36767149209227
"gpt-6.1-sol",3641,2.10143323330439
"gpt-6.1-sol",3642,4.80916521561331
"gpt-6.1-sol",3643,2.14021155318284
"gpt-6.1-sol",3644,7.95961321771522
"gpt-6.1-sol",3645,3.87888419477679
"gpt-6.1-sol",3646,37.7096212875437
"gpt-6.1-sol",3647,6.13973263955715
"gpt-6.1-sol",3648,4.76854033771036
"gpt-6.1-sol",3649,6.44118884224834
"gpt-6.1-sol",3650,6.25120003850969
"gpt-6.1-sol",3651,3.3697644902373
"gpt-6.1-sol",3652,3.71092394058705
"gpt-6.1-sol",3653,2.10143323330439
"gpt-6.1-sol",3654,6.7493024668879
"gpt-6.1-sol",3655,2.32902699380243
"gpt-6.1-sol",3656,9.86430581803344
"gpt-6.1-sol",3657,7.58935554529428
"gpt-6.1-sol",3658,3.67035354340492
"gpt-6.1-sol",3659,5.12447796271956
"gpt-6.1-sol",3660,2.19278513146571
"gpt-6.1-sol",3661,-0.283092383290004
"gpt-6.1-sol",3662,10.2124075237002
"gpt-6.1-sol",3663,5.84266498355599
"gpt-6.1-sol",3664,5.12447796271958
"gpt-6.1-sol",3665,1.98032162510346
"gpt-6.1-sol",3666,4.46771284148698
"gpt-6.1-sol",3667,3.17512955336747
"gpt-6.1-sol",3668,10.4032738704929
"gpt-6.1-sol",3669,7.95961321771521
"gpt-6.1-sol",3670,3.71092394058706
"gpt-6.1-sol",3671,3.8788841947768
"gpt-6.1-sol",3672,6.74930246688792
"gpt-6.1-sol",3673,6.13973263955714
"gpt-6.1-sol",3674,3.36358521902867
"gpt-6.1-sol",3675,6.25120003850969
"gpt-6.1-sol",3676,25.5415812359073
"gpt-6.1-sol",3677,4.48812639927287
"gpt-6.1-sol",3678,5.70741860166005
"gpt-6.1-sol",3679,7.29699601421177
"gpt-6.1-sol",3680,6.99919388728516
"gpt-6.1-sol",3681,5.65200959748037
"gpt-6.1-sol",3682,9.86430581803345
"gpt-6.1-sol",3683,4.17716862295767
"gpt-6.1-sol",3684,4.81756905604555
"gpt-6.1-sol",3685,5.83362160874471
"gpt-6.1-sol",3686,-0.305870704330333
"gpt-6.1-sol",3687,9.45718555494223
"gpt-6.1-sol",3688,6.13973263955715
"gpt-6.1-sol",3689,1.14705245764049
"gpt-6.1-sol",3690,4.76854033771035
"gpt-6.1-sol",3691,6.3968633075075
"gpt-6.1-sol",3692,3.90428218373836
"gpt-6.1-sol",3693,2.32902699380239
"gpt-6.1-sol",3694,6.13973263955717
"gpt-6.1-sol",3695,2.40765491994349
"gpt-6.1-sol",3696,5.12447796271956
"gpt-6.1-sol",3697,4.69524569262888
"gpt-6.1-sol",3698,3.36358521902869
"gpt-6.1-sol",3699,4.81756905604556
"gpt-6.1-sol",3700,3.66169107743897
"gpt-6.1-sol",3701,5.12447796271958
"gpt-6.1-sol",3702,6.44118884224832
"gpt-6.1-sol",3703,27.0422079120238
"gpt-6.1-sol",3704,7.99403037465798
"gpt-6.1-sol",3705,3.90428218373835
"gpt-6.1-sol",3706,6.13973263955717
"gpt-6.1-sol",3707,4.65138282085304
"gpt-6.1-sol",3708,4.69524569262888
"gpt-6.1-sol",3709,6.4411888422483
"gpt-6.1-sol",3710,9.88465363994932
"gpt-6.1-sol",3711,9.86430581803345
"gpt-6.1-sol",3712,5.65200959748039
"gpt-6.1-sol",3713,1.01297094543676
"gpt-6.1-sol",3714,5.84266498355597
"gpt-6.1-sol",3715,2.45845791063559
"gpt-6.1-sol",3716,6.25120003850969
"gpt-6.1-sol",3717,3.66169107743896
"gpt-6.1-sol",3718,4.46771284148699
"gpt-6.1-sol",3719,6.91328234142362
"gpt-6.1-sol",3720,7.29699601421178
"gpt-6.1-sol",3721,4.36767149209227
"gpt-6.1-sol",3722,9.64096804110966
"gpt-6.1-sol",3723,3.71092394058705
"gpt-6.1-sol",3724,28.6204369940708
"gpt-6.1-sol",3725,-0.432344489155393
"gpt-6.1-sol",3726,4.69524569262888
"gpt-6.1-sol",3727,6.13973263955715
"gpt-6.1-sol",3728,5.60052907671981
"gpt-6.1-sol",3729,4.65138282085304
"gpt-6.1-sol",3730,3.19912282990034
"gpt-6.1-sol",3731,10.4032738704929
"gpt-6.1-sol",3732,3.19912282990034
"gpt-6.1-sol",3733,7.58935554529426
"gpt-6.1-sol",3734,2.37021666654165
"gpt-6.1-sol",3735,6.91328234142361
"gpt-6.1-sol",3736,3.36976449023729
"gpt-6.1-sol",3737,5.12447796271957
"gpt-6.1-sol",3738,6.44118884224835
"gpt-6.1-sol",3739,0.994899798754468
"gpt-6.1-sol",3740,5.23853603652394
"gpt-6.1-sol",3741,3.66169107743898
"gpt-6.1-sol",3742,2.53847114594789
"gpt-6.1-sol",3743,3.90428218373832
"gpt-6.1-sol",3744,3.86881819341203
"gpt-6.1-sol",3745,24.8275687110465
"gpt-6.1-sol",3746,2.32902699380242
"gpt-6.1-sol",3747,5.12447796271958
"gpt-6.1-sol",3748,2.1927851314657
"gpt-6.1-sol",3749,2.1927851314657
"gpt-6.1-sol",3750,2.10465492622974
"gpt-6.1-sol",3751,5.84266498355597
"gpt-6.1-sol",3752,9.88465363994933
"gpt-6.1-sol",3753,10.2124075237002
"gpt-6.1-sol",3754,3.99405250289417
"gpt-6.1-sol",3755,12.4548702400581
"gpt-6.1-sol",3756,4.36767149209227
"gpt-6.1-sol",3757,5.84266498355599
"gpt-6.1-sol",3758,5.60052907671981
"gpt-6.1-sol",3759,4.80916521561331
"gpt-6.1-sol",3760,3.87888419477679
"gpt-6.1-sol",3761,5.70741860166005
"gpt-6.1-sol",3762,1.98032162510348
"gpt-6.1-sol",3763,3.8788841947768
"gpt-6.1-sol",3764,3.87888419477681
"gpt-6.1-sol",3765,3.36358521902869
"gpt-6.1-sol",3766,5.12447796271958
"gpt-6.1-sol",3767,4.69524569262887
"gpt-6.1-sol",3768,6.25120003850969
"gpt-6.1-sol",3769,3.86881819341205
"gpt-6.1-sol",3770,5.12447796271956
"gpt-6.1-sol",3771,24.8300170948015
"gpt-6.1-sol",3772,4.204216335166
"gpt-6.1-sol",3773,3.71092394058705
"gpt-6.1-sol",3774,4.8091652156133
"gpt-6.1-sol",3775,6.13973263955716
"gpt-6.1-sol",3776,5.65200959748036
"gpt-6.1-sol",3777,6.68089816721009
"gpt-6.1-sol",3778,2.5384711459479
"gpt-6.1-sol",3779,5.58139425191465
"gpt-6.1-sol",3780,2.92151781308121
"gpt-6.1-sol",3781,4.77225982360901
"gpt-6.1-sol",3782,2.37021666654166
"gpt-6.1-sol",3783,6.74930246688792
"gpt-6.1-sol",3784,6.13973263955716
"gpt-6.1-sol",3785,3.71092394058707
"gpt-6.1-sol",3786,10.9731975797637
"gpt-6.1-sol",3787,2.40765491994349
"gpt-6.1-sol",3788,6.44118884224832
"gpt-6.1-sol",3789,4.69524569262888
"gpt-6.1-sol",3790,6.72114500727542
"gpt-6.1-sol",3791,6.44118884224834
"gpt-6.1-sol",3792,5.12447796271957
"gpt-6.1-sol",3793,10.4032738704929
"gpt-6.1-sol",3794,3.8788841947768
"gpt-6.1-sol",3795,12.3742628618459
"gpt-6.1-sol",3796,4.73307812149529
"gpt-6.1-sol",3797,3.36976449023728
"gpt-6.1-sol",3798,2.88600919063783
"gpt-6.1-sol",3799,3.86881819341202
"gpt-6.1-sol",3800,9.3333113239939
"gpt-6.1-sol",3801,5.58139425191468
"gpt-6.1-sol",3802,8.69113307676902
"gpt-6.1-sol",3803,9.88465363994937
"gpt-6.1-sol",3804,0.994899798754459
"gpt-6.1-sol",3805,8.59480689232586
"gpt-6.1-sol",3806,3.44254161804489
"gpt-6.1-sol",3807,2.37021666654166
"gpt-6.1-sol",3808,5.60052907671984
"gpt-6.1-sol",3809,6.13973263955716
"gpt-6.1-sol",3810,3.87888419477681
"gpt-6.1-sol",3811,4.8091652156133
"gpt-6.1-sol",3812,3.90428218373833
"gpt-6.1-sol",3813,1.01297094543674
"gpt-6.1-sol",3814,1.92945169508789
"gpt-6.1-sol",3815,10.9731975797637
"gpt-6.1-sol",3816,24.8275687110465
"gpt-6.1-sol",3817,3.9042821837383
"gpt-6.1-sol",3818,7.95961321771523
"gpt-6.1-sol",3819,3.67035354340491
"gpt-6.1-sol",3820,3.17512955336745
"gpt-6.1-sol",3821,0.837606460553424
"gpt-6.1-sol",3822,7.95961321771525
"gpt-6.1-sol",3823,6.68089816721009
"gpt-6.1-sol",3824,6.44118884224833
"gpt-6.1-sol",3825,5.12447796271955
"gpt-6.1-sol",3826,4.69524569262888
"gpt-6.1-sol",3827,5.18309769970083
"gpt-6.1-sol",3828,3.8788841947768
"gpt-6.1-sol",3829,3.36358521902869
"gpt-6.1-sol",3830,7.95961321771522
"gpt-6.1-sol",3831,4.17716862295765
"gpt-6.1-sol",3832,5.12447796271957
"gpt-6.1-sol",3833,7.29699601421171
"gpt-6.1-sol",3834,2.1927851314657
"gpt-6.1-sol",3835,9.88465363994937
"gpt-6.1-sol",3836,3.58964928847415
"gpt-6.1-sol",3837,1.30279899837442
"gpt-6.1-sol",3838,10.2124075237002
"gpt-6.1-sol",3839,4.772259823609
"gpt-6.1-sol",3840,2.40765491994354
"gpt-6.1-sol",3841,9.33331132399391
"gpt-6.1-sol",3842,3.67035354340493
"gpt-6.1-sol",3843,2.19278513146571
"gpt-6.1-sol",3844,4.69524569262888
"gpt-6.1-sol",3845,5.53415192399402
"gpt-6.1-sol",3846,4.60343278588045
"gpt-6.1-sol",3847,4.80916521561327
"gpt-6.1-sol",3848,7.58935554529426
"gpt-6.1-sol",3849,6.9132823414236
"gpt-6.1-sol",3850,6.99919388728514
"gpt-6.1-sol",3851,4.8187478568804
"gpt-6.1-sol",3852,2.19278513146571
"gpt-6.1-sol",3853,1.08475847295088
"gpt-6.1-sol",3854,5.58139425191468
"gpt-6.1-sol",3855,6.44118884224829
"gpt-6.1-sol",3856,4.76854033771036
"gpt-6.1-sol",3857,7.29699601421174
"gpt-6.1-sol",3858,25.5609597870215
"gpt-6.1-sol",3859,9.33331132399389
"gpt-6.1-sol",3860,2.53847114594789
"gpt-6.1-sol",3861,7.95961321771523
"gpt-6.1-sol",3862,2.4076549199435
"gpt-6.1-sol",3863,9.45718555494222
"gpt-6.1-sol",3864,2.5384711459479
"gpt-6.1-sol",3865,6.13973263955715
"gpt-6.1-sol",3866,6.99919388728516
"gpt-6.1-sol",3867,27.0422079120238
"gpt-6.1-sol",3868,6.99919388728516
"gpt-6.1-sol",3869,9.88465363994938
"gpt-6.1-sol",3870,12.4548702400581
"gpt-6.1-sol",3871,4.65138282085304
"gpt-6.1-sol",3872,6.3968633075075
"gpt-6.1-sol",3873,1.98032162510347
"gpt-6.1-sol",3874,25.5415812359073
"gpt-6.1-sol",3875,5.12447796271955
"gpt-6.1-sol",3876,8.59480689232586
"gpt-6.1-sol",3877,5.58139425191465
"gpt-6.1-sol",3878,6.3968633075075
"gpt-6.1-sol",3879,5.12447796271957
"gpt-6.1-sol",3880,5.84266498355599
"gpt-6.1-sol",3881,4.69524569262887
"gpt-6.1-sol",3882,4.76854033771035
"gpt-6.1-sol",3883,6.39686330750751
"gpt-6.1-sol",3884,10.9731975797637
"gpt-6.1-sol",3885,4.80916521561327
"gpt-6.1-sol",3886,5.53415192399402
"gpt-6.1-sol",3887,5.53415192399402
"gpt-6.1-sol",3888,8.9331671943547
"gpt-6.1-sol",3889,5.70741860166005
"gpt-6.1-sol",3890,9.45718555494223
"gpt-6.1-sol",3891,4.8091652156133
"gpt-6.1-sol",3892,3.86881819341202
"gpt-6.1-sol",3893,9.45718555494222
"gpt-6.1-sol",3894,7.95961321771523
"gpt-6.1-sol",3895,3.86881819341202
"gpt-6.1-sol",3896,5.37747512061557
"gpt-6.1-sol",3897,7.58935554529428
"gpt-6.1-sol",3898,7.68034449354974
"gpt-6.1-sol",3899,5.18309769970083
"gpt-6.1-sol",3900,1.92945169508789
"gpt-6.1-sol",3901,7.95961321771521
"gpt-6.1-sol",3902,5.58139425191467
"gpt-6.1-sol",3903,7.58935554529428
"gpt-6.1-sol",3904,0.972478285142322
"gpt-6.1-sol",3905,9.64096804110968
"gpt-6.1-sol",3906,4.76854033771034
"gpt-6.1-sol",3907,2.9354935980728
"gpt-6.1-sol",3908,5.6005290767198
"gpt-6.1-sol",3909,9.64096804110967
"gpt-6.1-sol",3910,6.4411888422483
"gpt-6.1-sol",3911,5.58139425191465
"gpt-6.1-sol",3912,3.71092394058706
"gpt-6.1-sol",3913,9.86430581803344
"gpt-6.1-sol",3914,3.90428218373836
"gpt-6.1-sol",3915,6.72114500727544
"gpt-6.1-sol",3916,4.8091652156133
"gpt-6.1-sol",3917,9.33331132399394
"gpt-6.1-sol",3918,4.65138282085304
"gpt-6.1-sol",3919,7.29699601421176
"gpt-6.1-sol",3920,4.204216335166
"gpt-6.1-sol",3921,1.3027989983744
"gpt-6.1-sol",3922,4.81756905604554
"gpt-6.1-sol",3923,6.91328234142361
"gpt-6.1-sol",3924,4.17716862295765
"gpt-6.1-sol",3925,3.66169107743898
"gpt-6.1-sol",3926,4.77225982360901
"gpt-6.1-sol",3927,9.33331132399394
"gpt-6.1-sol",3928,7.95961321771522
"gpt-6.1-sol",3929,3.87888419477681
"gpt-6.1-sol",3930,39.6011589820854
"gpt-6.1-sol",3931,6.44118884224831
"gpt-6.1-sol",3932,1.92945169508789
"gpt-6.1-sol",3933,10.2124075237002
"gpt-6.1-sol",3934,7.29699601421178
"gpt-6.1-sol",3935,7.29699601421176
"gpt-6.1-sol",3936,7.29699601421175
"gpt-6.1-sol",3937,2.32902699380241
"gpt-6.1-sol",3938,2.32902699380241
"gpt-6.1-sol",3939,4.76854033771035
"gpt-6.1-sol",3940,4.36767149209227
"gpt-6.1-sol",3941,4.69524569262888
"gpt-6.1-sol",3942,6.25120003850969
"gpt-6.1-sol",3943,5.84266498355599
"gpt-6.1-sol",3944,25.5609597870215
"gpt-6.1-sol",3945,4.65138282085303
"gpt-6.1-sol",3946,9.45718555494223
"gpt-6.1-sol",3947,9.33331132399391
"gpt-6.1-sol",3948,1.01297094543674
"gpt-6.1-sol",3949,6.4411888422483
"gpt-6.1-sol",3950,7.95961321771522
"gpt-6.1-sol",3951,5.12447796271958
"gpt-6.1-sol",3952,5.70741860166007
"gpt-6.1-sol",3953,5.60052907671981
"gpt-6.1-sol",3954,5.12447796271957
"gpt-6.1-sol",3955,2.53847114594793
"gpt-6.1-sol",3956,9.3333113239939
"gpt-6.1-sol",3957,4.60343278588046
"gpt-6.1-sol",3958,2.1927851314657
"gpt-6.1-sol",3959,12.4548702400581
"gpt-6.1-sol",3960,4.80916521561331
"gpt-6.1-sol",3961,9.3333113239939
"gpt-6.1-sol",3962,4.77225982360902
"gpt-6.1-sol",3963,9.64096804110968
"gpt-6.1-sol",3964,5.58139425191465
"gpt-6.1-sol",3965,2.14021155318285
"gpt-6.1-sol",3966,5.58139425191467
"gpt-6.1-sol",3967,9.86430581803347
"gpt-6.1-sol",3968,10.2124075237002
"gpt-6.1-sol",3969,1.14705245764048
"gpt-6.1-sol",3970,5.77307852856879
"gpt-6.1-sol",3971,10.1037348908941
"gpt-6.1-sol",3972,9.86430581803343
"gpt-6.1-sol",3973,4.17716862295766
"gpt-6.1-sol",3974,8.21268933492907
"gpt-6.1-sol",3975,6.99919388728516
"gpt-6.1-sol",3976,6.9132823414236
"gpt-6.1-sol",3977,6.25120003850969
"gpt-6.1-sol",3978,6.44118884224832
"gpt-6.1-sol",3979,5.83362160874471
"gpt-6.1-sol",3980,5.12447796271957
"gpt-6.1-sol",3981,6.12803261601333
"gpt-6.1-sol",3982,9.86430581803344
"gpt-6.1-sol",3983,4.17716862295766
"gpt-6.1-sol",3984,9.86430581803344
"gpt-6.1-sol",3985,9.86430581803346
"gpt-6.1-sol",3986,6.25120003850968
"gpt-6.1-sol",3987,25.5609597870215
"gpt-6.1-sol",3988,5.77307852856878
"gpt-6.1-sol",3989,25.5609597870215
"gpt-6.1-sol",3990,5.65200959748037
"gpt-6.1-sol",3991,6.91328234142363
"gpt-6.1-sol",3992,4.46771284148698
"gpt-6.1-sol",3993,6.74930246688793
"gpt-6.1-sol",3994,6.13973263955717
"gpt-6.1-sol",3995,4.8091652156133
"gpt-6.1-sol",3996,5.12447796271956
"gpt-6.1-sol",3997,7.29699601421174
"gpt-6.1-sol",3998,8.59480689232585
"gpt-6.1-sol",3999,-0.305870704330347
"gpt-6.1-sol",4000,6.3968633075075
"gpt-6.1-sol",4001,24.8300170948015
"gpt-6.1-sol",4002,3.44254161804487
"gpt-6.1-sol",4003,-0.283092383289984
"gpt-6.1-sol",4004,1.01297094543676
"gpt-6.1-sol",4005,2.53847114594793
"gpt-6.1-sol",4006,5.53415192399402
"gpt-6.1-sol",4007,7.29699601421171
"gpt-6.1-sol",4008,23.7035470963407
"gpt-6.1-sol",4009,4.76854033771034
"gpt-6.1-sol",4010,2.4076549199435
"gpt-6.1-sol",4011,5.58139425191467
"gpt-6.1-sol",4012,10.2124075237002
"gpt-6.1-sol",4013,6.13973263955717
"gpt-6.1-sol",4014,3.66169107743898
"gpt-6.1-sol",4015,4.60343278588045
"gpt-6.1-sol",4016,9.45718555494223
"gpt-6.1-sol",4017,-1.20038133521126
"gpt-6.1-sol",4018,3.17512955336747
"gpt-6.1-sol",4019,5.84266498355597
"gpt-6.1-sol",4020,4.69524569262888
"gpt-6.1-sol",4021,5.70741860166006
"gpt-6.1-sol",4022,7.95106118677674
"gpt-6.1-sol",4023,5.58139425191467
"gpt-6.1-sol",4024,2.45845791063561
"gpt-6.1-sol",4025,5.58139425191467
"gpt-6.1-sol",4026,6.13973263955716
"gpt-6.1-sol",4027,2.3290269938024
"gpt-6.1-sol",4028,4.69524569262889
"gpt-6.1-sol",4029,0.994899798754463
"gpt-6.1-sol",4030,5.58139425191467
"gpt-6.1-sol",4031,10.9731975797637
"gpt-6.1-sol",4032,39.6011589820853
"gpt-6.1-sol",4033,6.99919388728516
"gpt-6.1-sol",4034,5.12447796271955
"gpt-6.1-sol",4035,10.9731975797637
"gpt-6.1-sol",4036,4.73307812149527
"gpt-6.1-sol",4037,6.74930246688793
"gpt-6.1-sol",4038,7.95961321771523
"gpt-6.1-sol",4039,6.74930246688793
"gpt-6.1-sol",4040,6.9132823414236
"gpt-6.1-sol",4041,5.77307852856878
"gpt-6.1-sol",4042,7.58935554529428
"gpt-6.1-sol",4043,10.4032738704929
"gpt-6.1-sol",4044,9.64096804110968
"gpt-6.1-sol",4045,9.64096804110966
"gpt-6.1-sol",4046,6.68089816721007
"gpt-6.1-sol",4047,0.0250726276919211
"gpt-6.1-sol",4048,-1.20038133521126
"gpt-6.1-sol",4049,4.60343278588046
"gpt-6.1-sol",4050,4.76854033771036
"gpt-6.1-sol",4051,4.81756905604555
"gpt-6.1-sol",4052,10.9731975797637
"gpt-6.1-sol",4053,3.87888419477681
"gpt-6.1-sol",4054,4.8091652156133
"gpt-6.1-sol",4055,3.3697644902373
"gpt-6.1-sol",4056,4.76854033771034
"gpt-6.1-sol",4057,7.29699601421178
"gpt-6.1-sol",4058,3.66169107743897
"gpt-6.1-sol",4059,6.39686330750748
"gpt-6.1-sol",4060,4.77225982360902
"gpt-6.1-sol",4061,6.99919388728516
"gpt-6.1-sol",4062,3.36358521902869
"gpt-6.1-sol",4063,5.65200959748037
"gpt-6.1-sol",4064,6.25120003850969
"gpt-6.1-sol",4065,3.90428218373831
"gpt-6.1-sol",4066,7.95961321771522
"gpt-6.1-sol",4067,9.86430581803348
"gpt-6.1-sol",4068,25.5609597870215
"gpt-6.1-sol",4069,6.13973263955716
"gpt-6.1-sol",4070,4.81756905604554
"gpt-6.1-sol",4071,4.8091652156133
"gpt-6.1-sol",4072,5.58139425191467
"gpt-6.1-sol",4073,24.8300170948015
"gpt-6.1-sol",4074,3.36976449023729
"gpt-6.1-sol",4075,3.90428218373835
"gpt-6.1-sol",4076,7.95961321771521
"gpt-6.1-sol",4077,0.175768677094835
"gpt-6.1-sol",4078,1.14705245764048
"gpt-6.1-sol",4079,3.7109239405871
"gpt-6.1-sol",4080,2.4076549199435
"gpt-6.1-sol",4081,6.91328234142361
"gpt-6.1-sol",4082,3.19912282990033
"gpt-6.1-sol",4083,5.12447796271956
"gpt-6.1-sol",4084,5.12447796271955
"gpt-6.1-sol",4085,5.12447796271958
"gpt-6.1-sol",4086,4.76854033771036
"gpt-6.1-sol",4087,24.8300170948015
"gpt-6.1-sol",4088,5.12447796271957
"gpt-6.1-sol",4089,0.0250726276918995
"gpt-6.1-sol",4090,7.95961321771521
"gpt-6.1-sol",4091,2.19278513146569
"gpt-6.1-sol",4092,5.53415192399402
"gpt-6.1-sol",4093,8.93316719435469
"gpt-6.1-sol",4094,8.93316719435469
"gpt-6.1-sol",4095,6.7493024668879
"gpt-6.1-sol",4096,3.868818193412
"gpt-6.1-sol",4097,7.58935554529429
"gpt-6.1-sol",4098,6.74930246688791
"gpt-6.1-sol",4099,10.2124075237002
"gpt-6.1-sol",4100,3.36976449023729
"gpt-6.1-sol",4101,1.92945169508789
"gpt-6.1-sol",4102,4.46771284148698
"gpt-6.1-sol",4103,10.2124075237002
"gpt-6.1-sol",4104,5.12447796271955
"gpt-6.1-sol",4105,3.87888419477679
"gpt-6.1-sol",4106,25.5609597870215
"gpt-6.1-sol",4107,4.46771284148698
"gpt-6.1-sol",4108,6.74930246688793
"gpt-6.1-sol",4109,2.53847114594788
"gpt-6.1-sol",4110,1.98032162510348
"gpt-6.1-sol",4111,6.25120003850969
"gpt-6.1-sol",4112,3.19912282990033
"gpt-6.1-sol",4113,2.19278513146572
"gpt-6.1-sol",4114,0.0250726276919118
"gpt-6.1-sol",4115,2.10465492622975
"gpt-6.1-sol",4116,5.84266498355599
"gpt-6.1-sol",4117,3.36358521902869
"gpt-6.1-sol",4118,8.93316719435469
"gpt-6.1-sol",4119,25.5609597870215
"gpt-6.1-sol",4120,5.12447796271956
"gpt-6.1-sol",4121,7.95961321771526
"gpt-6.1-sol",4122,24.161356783818
"gpt-6.1-sol",4123,3.36358521902869
"gpt-6.1-sol",4124,4.77225982360901
"gpt-6.1-sol",4125,9.64096804110968
"gpt-6.1-sol",4126,9.33331132399392
"gpt-6.1-sol",4127,3.58964928847415
"gpt-6.1-sol",4128,2.37021666654165
"gpt-6.1-sol",4129,3.67035354340492
"gpt-6.1-sol",4130,9.45718555494221
"gpt-6.1-sol",4131,3.87888419477678
"gpt-6.1-sol",4132,7.95961321771522
"gpt-6.1-sol",4133,5.12447796271958
"gpt-6.1-sol",4134,5.12447796271956
"gpt-6.1-sol",4135,24.161356783818
"gpt-6.1-sol",4136,3.36358521902869
"gpt-6.1-sol",4137,6.39686330750751
"gpt-6.1-sol",4138,6.72114500727539
"gpt-6.1-sol",4139,6.2512000385097
"gpt-6.1-sol",4140,2.88600919063783
"gpt-6.1-sol",4141,1.01297094543676
"gpt-6.1-sol",4142,1.9294516950879
"gpt-6.1-sol",4143,6.9132823414236
"gpt-6.1-sol",4144,9.33331132399394
"gpt-6.1-sol",4145,2.1927851314657
"gpt-6.1-sol",4146,7.95961321771522
"gpt-6.1-sol",4147,8.69113307676903
"gpt-6.1-sol",4148,4.76854033771035
"gpt-6.1-sol",4149,7.58935554529429
"gpt-6.1-sol",4150,5.84266498355599
"gpt-6.1-sol",4151,6.72114500727543
"gpt-6.1-sol",4152,6.13973263955714
"gpt-6.1-sol",4153,4.73307812149528
"gpt-6.1-sol",4154,8.69113307676905
"gpt-6.1-sol",4155,8.59480689232585
"gpt-6.1-sol",4156,5.12447796271956
"gpt-6.1-sol",4157,5.12447796271954
"gpt-6.1-sol",4158,1.08475847295087
"gpt-6.1-sol",4159,4.17716862295766
"gpt-6.1-sol",4160,27.0422079120238
"gpt-6.1-sol",4161,27.0422079120238
"gpt-6.1-sol",4162,6.3968633075075
"gpt-6.1-sol",4163,2.14021155318285
"gpt-6.1-sol",4164,6.74930246688792
"gpt-6.1-sol",4165,2.53847114594789
"gpt-6.1-sol",4166,0.175768677094847
"gpt-6.1-sol",4167,7.95961321771524
"gpt-6.1-sol",4168,5.65200959748038
"gpt-6.1-sol",4169,5.65200959748038
"gpt-6.1-sol",4170,5.18309769970084
"gpt-6.1-sol",4171,3.17512955336746
"gpt-6.1-sol",4172,2.45845791063557
"gpt-6.1-sol",4173,0.994899798754455
"gpt-6.1-sol",4174,5.58139425191467
"gpt-6.1-sol",4175,5.83362160874471
"gpt-6.1-sol",4176,10.4032738704929
"gpt-6.1-sol",4177,2.10143323330439
"gpt-6.1-sol",4178,2.13836063588366
"gpt-6.1-sol",4179,9.64096804110967
"gpt-6.1-sol",4180,24.161356783818
"gpt-6.1-sol",4181,2.5384711459479
"gpt-6.1-sol",4182,4.65138282085304
"gpt-6.1-sol",4183,0.175768677094827
"gpt-6.1-sol",4184,5.12447796271957
"gpt-6.1-sol",4185,4.69524569262888
"gpt-6.1-sol",4186,24.8300170948015
"gpt-6.1-sol",4187,3.3697644902373
"gpt-6.1-sol",4188,28.6204369940708
"gpt-6.1-sol",4189,2.14021155318288
"gpt-6.1-sol",4190,6.91328234142361
"gpt-6.1-sol",4191,7.5893555452943
"gpt-6.1-sol",4192,3.3697644902373
"gpt-6.1-sol",4193,24.8275687110466
"gpt-6.1-sol",4194,4.204216335166
"gpt-6.1-sol",4195,2.10143323330439
"gpt-6.1-sol",4196,5.70741860166006
"gpt-6.1-sol",4197,39.6011589820852
"gpt-6.1-sol",4198,10.9731975797637
"gpt-6.1-sol",4199,2.37021666654165
"gpt-6.1-sol",4200,5.84266498355598
"gpt-6.1-sol",4201,9.64096804110966
"gpt-6.1-sol",4202,5.58139425191466
"gpt-6.1-sol",4203,7.95961321771522
"gpt-6.1-sol",4204,10.2124075237002
"gpt-6.1-sol",4205,1.14705245764049
"gpt-6.1-sol",4206,5.12447796271956
"gpt-6.1-sol",4207,4.80916521561331
"gpt-6.1-sol",4208,3.99405250289418
"gpt-6.1-sol",4209,5.8336216087447
"gpt-6.1-sol",4210,5.60052907671981
"gpt-6.1-sol",4211,7.95961321771521
"gpt-6.1-sol",4212,0.994899798754456
"gpt-6.1-sol",4213,4.81756905604554
"gpt-6.1-sol",4214,6.7493024668879
"gpt-6.1-sol",4215,4.69524569262889
"gpt-6.1-sol",4216,5.77307852856877
"gpt-6.1-sol",4217,4.69524569262887
"gpt-6.1-sol",4218,27.0422079120237
"gpt-6.1-sol",4219,3.90428218373835
"gpt-6.1-sol",4220,10.1037348908941
"gpt-6.1-sol",4221,2.9354935980728
"gpt-6.1-sol",4222,3.19912282990034
"gpt-6.1-sol",4223,9.45718555494223
"gpt-6.1-sol",4224,6.72114500727542
"gpt-6.1-sol",4225,5.23853603652395
"gpt-6.1-sol",4226,5.58139425191467
"gpt-6.1-sol",4227,2.14021155318287
"gpt-6.1-sol",4228,6.72114500727543
"gpt-6.1-sol",4229,25.5609597870215
"gpt-6.1-sol",4230,1.92945169508788
"gpt-6.1-sol",4231,3.36976449023727
"gpt-6.1-sol",4232,6.25120003850969
"gpt-6.1-sol",4233,3.90428218373835
"gpt-6.1-sol",4234,4.80916521561333
"gpt-6.1-sol",4235,2.32902699380242
"gpt-6.1-sol",4236,5.23853603652394
"gpt-6.1-sol",4237,3.44254161804489
"gpt-6.1-sol",4238,2.10465492622974
"gpt-6.1-sol",4239,0.0250726276919213
"gpt-6.1-sol",4240,4.69524569262888
"gpt-6.1-sol",4241,5.83362160874473
"gpt-6.1-sol",4242,1.24282843593202
"gpt-6.1-sol",4243,0.175768677094822
"gpt-6.1-sol",4244,6.39686330750749
"gpt-6.1-sol",4245,5.18309769970082
"gpt-6.1-sol",4246,3.36358521902869
"gpt-6.1-sol",4247,9.45718555494221
"gpt-6.1-sol",4248,0.994899798754466
"gpt-6.1-sol",4249,0.972478285142321
"gpt-6.1-sol",4250,4.73307812149529
"gpt-6.1-sol",4251,7.95961321771522
"gpt-6.1-sol",4252,3.36976449023729
"gpt-6.1-sol",4253,3.36358521902869
"gpt-6.1-sol",4254,6.13973263955716
"gpt-6.1-sol",4255,9.45718555494222
"gpt-6.1-sol",4256,7.95961321771522
"gpt-6.1-sol",4257,0.972478285142322
"gpt-6.1-sol",4258,1.30279899837442
"gpt-6.1-sol",4259,-0.283092383289986
"gpt-6.1-sol",4260,3.36358521902869
"gpt-6.1-sol",4261,6.74930246688791
"gpt-6.1-sol",4262,8.59480689232586
"gpt-6.1-sol",4263,3.71092394058707
"gpt-6.1-sol",4264,7.29699601421176
"gpt-6.1-sol",4265,3.58964928847413
"gpt-6.1-sol",4266,5.12447796271955
"gpt-6.1-sol",4267,2.5384711459479
"gpt-6.1-sol",4268,3.17512955336745
"gpt-6.1-sol",4269,5.12447796271957
"gpt-6.1-sol",4270,3.36358521902869
"gpt-6.1-sol",4271,2.10143323330439
"gpt-6.1-sol",4272,3.36358521902869
"gpt-6.1-sol",4273,24.8300170948015
"gpt-6.1-sol",4274,5.84266498355597
"gpt-6.1-sol",4275,6.74795197329486
"gpt-6.1-sol",4276,1.08475847295088
"gpt-6.1-sol",4277,5.83362160874471
"gpt-6.1-sol",4278,1.98032162510348
"gpt-6.1-sol",4279,25.5609597870215
"gpt-6.1-sol",4280,3.36976449023729
"gpt-6.1-sol",4281,4.69524569262887
"gpt-6.1-sol",4282,39.6011589820852
"gpt-6.1-sol",4283,7.29699601421174
"gpt-6.1-sol",4284,3.90428218373832
"gpt-6.1-sol",4285,10.4032738704929
"gpt-6.1-sol",4286,6.2512000385097
"gpt-6.1-sol",4287,5.77307852856877
"gpt-6.1-sol",4288,4.69524569262888
"gpt-6.1-sol",4289,4.81756905604555
"gpt-6.1-sol",4290,2.19278513146571
"gpt-6.1-sol",4291,1.92945169508789
"gpt-6.1-sol",4292,2.5384711459479
"gpt-6.1-sol",4293,6.13973263955715
"gpt-6.1-sol",4294,4.17716862295766
"gpt-6.1-sol",4295,5.18309769970083
"gpt-6.1-sol",4296,7.35303596836579
"gpt-6.1-sol",4297,3.86881819341205
"gpt-6.1-sol",4298,8.93316719435469
"gpt-6.1-sol",4299,5.53415192399401
"gpt-6.1-sol",4300,1.14705245764048
"gpt-6.1-sol",4301,5.53415192399402
"gpt-6.1-sol",4302,5.18309769970087
"gpt-6.1-sol",4303,2.53847114594791
"gpt-6.1-sol",4304,6.74795197329486
"gpt-6.1-sol",4305,-0.0317483487820079
"gpt-6.1-sol",4306,7.95961321771524
"gpt-6.1-sol",4307,3.66169107743898
"gpt-6.1-sol",4308,3.36976449023729
"gpt-6.1-sol",4309,5.23853603652394
"gpt-6.1-sol",4310,6.7493024668879
"gpt-6.1-sol",4311,9.64096804110967
"gpt-6.1-sol",4312,10.1037348908941
"gpt-6.1-sol",4313,8.21268933492908
"gpt-6.1-sol",4314,10.2124075237002
"gpt-6.1-sol",4315,9.45718555494222
"gpt-6.1-sol",4316,0.972478285142319
"gpt-6.1-sol",4317,6.4411888422483
"gpt-6.1-sol",4318,3.99405250289416
"gpt-6.1-sol",4319,3.87888419477678
"gpt-6.1-sol",4320,2.32902699380242
"gpt-6.1-sol",4321,6.12803261601333
"gpt-6.1-sol",4322,10.4032738704929
"gpt-6.1-sol",4323,4.80916521561331
"gpt-6.1-sol",4324,3.71092394058707
"gpt-6.1-sol",4325,8.59480689232585
"gpt-6.1-sol",4326,2.32902699380241
"gpt-6.1-sol",4327,2.32902699380241
"gpt-6.1-sol",4328,2.88600919063783
"gpt-6.1-sol",4329,5.12447796271957
"gpt-6.1-sol",4330,10.2124075237002
"gpt-6.1-sol",4331,2.37021666654165
"gpt-6.1-sol",4332,7.29699601421174
"gpt-6.1-sol",4333,3.90428218373834
"gpt-6.1-sol",4334,2.14021155318285
"gpt-6.1-sol",4335,3.87888419477681
"gpt-6.1-sol",4336,5.12447796271957
"gpt-6.1-sol",4337,1.24282843593201
"gpt-6.1-sol",4338,2.19278513146569
"gpt-6.1-sol",4339,7.58935554529428
"gpt-6.1-sol",4340,1.30279899837442
"gpt-6.1-sol",4341,24.8300170948015
"gpt-6.1-sol",4342,3.44254161804489
"gpt-6.1-sol",4343,4.17716862295766
"gpt-6.1-sol",4344,7.58935554529429
"gpt-6.1-sol",4345,7.5893555452943
"gpt-6.1-sol",4346,4.17716862295765
"gpt-6.1-sol",4347,25.5415812359072
"gpt-6.1-sol",4348,2.32902699380242
"gpt-6.1-sol",4349,5.37747512061556
"gpt-6.1-sol",4350,1.01297094543677
"gpt-6.1-sol",4351,2.32902699380241
"gpt-6.1-sol",4352,3.90428218373834
"gpt-6.1-sol",4353,10.2124075237002
"gpt-6.1-sol",4354,6.25120003850969
"gpt-6.1-sol",4355,5.18309769970081
"gpt-6.1-sol",4356,3.71092394058706
"gpt-6.1-sol",4357,9.88465363994933
"gpt-6.1-sol",4358,6.44118884224831
"gpt-6.1-sol",4359,6.74930246688792
"gpt-6.1-sol",4360,2.53847114594789
"gpt-6.1-sol",4361,10.2124075237002
"gpt-6.1-sol",4362,3.8788841947768
"gpt-6.1-sol",4363,4.81756905604554
"gpt-6.1-sol",4364,6.44118884224829
"gpt-6.1-sol",4365,3.90428218373832
"gpt-6.1-sol",4366,9.45718555494221
"gpt-6.1-sol",4367,1.9803216251035
"gpt-6.1-sol",4368,6.39686330750751
"gpt-6.1-sol",4369,5.77307852856876
"gpt-6.1-sol",4370,3.90428218373834
"gpt-6.1-sol",4371,6.25120003850969
"gpt-6.1-sol",4372,4.77225982360904
"gpt-6.1-sol",4373,4.73307812149528
"gpt-6.1-sol",4374,2.14021155318287
"gpt-6.1-sol",4375,7.29699601421178
"gpt-6.1-sol",4376,7.95961321771522
"gpt-6.1-sol",4377,2.32902699380241
"gpt-6.1-sol",4378,2.32902699380243
"gpt-6.1-sol",4379,2.53847114594793
"gpt-6.1-sol",4380,9.88465363994933
"gpt-6.1-sol",4381,10.4032738704929
"gpt-6.1-sol",4382,10.2124075237002
"gpt-6.1-sol",4383,6.72114500727541
"gpt-6.1-sol",4384,2.37021666654164
"gpt-6.1-sol",4385,5.12447796271958
"gpt-6.1-sol",4386,3.36358521902869
"gpt-6.1-sol",4387,1.98032162510347
"gpt-6.1-sol",4388,4.76854033771035
"gpt-6.1-sol",4389,6.13973263955716
"gpt-6.1-sol",4390,3.66169107743897
"gpt-6.1-sol",4391,24.8275687110466
"gpt-6.1-sol",4392,3.71092394058706
"gpt-6.1-sol",4393,4.36767149209225
"gpt-6.1-sol",4394,53.4510205470135
"gpt-6.1-sol",4395,7.58935554529426
"gpt-6.1-sol",4396,4.80916521561327
"gpt-6.1-sol",4397,6.9132823414236
"gpt-6.1-sol",4398,4.73307812149529
"gpt-6.1-sol",4399,6.25120003850969
"gpt-6.1-sol",4400,3.19912282990031
"gpt-6.1-sol",4401,5.18309769970084
"gpt-6.1-sol",4402,1.24282843593202
"gpt-6.1-sol",4403,8.21268933492908
"gpt-6.1-sol",4404,5.70741860166005
"gpt-6.1-sol",4405,5.84266498355598
"gpt-6.1-sol",4406,5.70741860166006
"gpt-6.1-sol",4407,4.76854033771036
"gpt-6.1-sol",4408,5.84266498355599
"gpt-6.1-sol",4409,3.66169107743898
"gpt-6.1-sol",4410,9.88465363994937
"gpt-6.1-sol",4411,4.46771284148699
"gpt-6.1-sol",4412,6.13973263955715
"gpt-6.1-sol",4413,1.88702152799597
"gpt-6.1-sol",4414,27.0422079120238
"gpt-6.1-sol",4415,1.88702152799599
"gpt-6.1-sol",4416,4.17716862295765
"gpt-6.1-sol",4417,3.86881819341204
"gpt-6.1-sol",4418,5.12447796271956
"gpt-6.1-sol",4419,5.12447796271956
"gpt-6.1-sol",4420,3.71092394058707
"gpt-6.1-sol",4421,6.68089816721005
"gpt-6.1-sol",4422,0.97247828514232
"gpt-6.1-sol",4423,7.95106118677673
"gpt-6.1-sol",4424,3.90428218373836
"gpt-6.1-sol",4425,9.33331132399394
"gpt-6.1-sol",4426,3.36358521902867
"gpt-6.1-sol",4427,2.92151781308123
"gpt-6.1-sol",4428,9.86430581803346
"gpt-6.1-sol",4429,9.88465363994934
"gpt-6.1-sol",4430,3.90428218373835
"gpt-6.1-sol",4431,5.23853603652394
"gpt-6.1-sol",4432,24.8275687110465
"gpt-6.1-sol",4433,0.994899798754463
"gpt-6.1-sol",4434,5.58139425191465
"gpt-6.1-sol",4435,1.08475847295088
"gpt-6.1-sol",4436,0.972478285142326
"gpt-6.1-sol",4437,3.71092394058706
"gpt-6.1-sol",4438,10.2124075237002
"gpt-6.1-sol",4439,5.53415192399402
"gpt-6.1-sol",4440,3.58964928847414
"gpt-6.1-sol",4441,2.5384711459479
"gpt-6.1-sol",4442,5.12447796271957
"gpt-6.1-sol",4443,7.68034449354974
"gpt-6.1-sol",4444,3.66169107743899
"gpt-6.1-sol",4445,3.8788841947768
"gpt-6.1-sol",4446,4.46771284148699
"gpt-6.1-sol",4447,0.175768677094828
"gpt-6.1-sol",4448,5.6005290767198
"gpt-6.1-sol",4449,2.37021666654166
"gpt-6.1-sol",4450,9.88465363994934
"gpt-6.1-sol",4451,2.53847114594791
"gpt-6.1-sol",4452,1.88702152799599
"gpt-6.1-sol",4453,9.86430581803345
"gpt-6.1-sol",4454,0.0250726276919211
"gpt-6.1-sol",4455,5.60052907671981
"gpt-6.1-sol",4456,4.81756905604556
"gpt-6.1-sol",4457,24.8300170948015
"gpt-6.1-sol",4458,10.2124075237002
"gpt-6.1-sol",4459,4.77225982360901
"gpt-6.1-sol",4460,4.77225982360901
"gpt-6.1-sol",4461,5.12447796271956
"gpt-6.1-sol",4462,7.29699601421171
"gpt-6.1-sol",4463,3.86881819341203
"gpt-6.1-sol",4464,1.14705245764048
"gpt-6.1-sol",4465,24.8300170948015
"gpt-6.1-sol",4466,25.5609597870215
"gpt-6.1-sol",4467,4.36767149209229
"gpt-6.1-sol",4468,2.19278513146571
"gpt-6.1-sol",4469,2.32902699380239
"gpt-6.1-sol",4470,2.10465492622974
"gpt-6.1-sol",4471,4.69524569262887
"gpt-6.1-sol",4472,9.86430581803344
"gpt-6.1-sol",4473,25.5609597870215
"gpt-6.1-sol",4474,8.59480689232586
"gpt-6.1-sol",4475,6.13973263955716
"gpt-6.1-sol",4476,1.98032162510348
"gpt-6.1-sol",4477,-0.283092383289987
"gpt-6.1-sol",4478,4.17716862295766
"gpt-6.1-sol",4479,5.18309769970083
"gpt-6.1-sol",4480,6.7493024668879
"gpt-6.1-sol",4481,1.24282843593203
"gpt-6.1-sol",4482,2.32902699380243
"gpt-6.1-sol",4483,3.36358521902867
"gpt-6.1-sol",4484,5.12447796271956
"gpt-6.1-sol",4485,5.12447796271956
"gpt-6.1-sol",4486,8.93316719435468
"gpt-6.1-sol",4487,6.68089816721006
"gpt-6.1-sol",4488,24.8300170948015
"gpt-6.1-sol",4489,6.44118884224829
"gpt-6.1-sol",4490,4.69524569262888
"gpt-6.1-sol",4491,7.68034449354975
"gpt-6.1-sol",4492,4.36767149209228
"gpt-6.1-sol",4493,3.71092394058706
"gpt-6.1-sol",4494,3.66169107743898
"gpt-6.1-sol",4495,3.66169107743898
"gpt-6.1-sol",4496,6.7493024668879
"gpt-6.1-sol",4497,6.2512000385097
"gpt-6.1-sol",4498,10.4032738704929
"gpt-6.1-sol",4499,4.69524569262888
"gpt-6.1-sol",4500,9.33331132399394
"gpt-6.1-sol",4501,5.58139425191467
"gpt-6.1-sol",4502,4.69524569262887
"gpt-6.1-sol",4503,5.12447796271956
"gpt-6.1-sol",4504,3.87888419477682
"gpt-6.1-sol",4505,2.10465492622974
"gpt-6.1-sol",4506,10.2124075237002
"gpt-6.1-sol",4507,1.01297094543678
"gpt-6.1-sol",4508,2.32902699380241
"gpt-6.1-sol",4509,6.44118884224831
"gpt-6.1-sol",4510,6.44118884224831
"gpt-6.1-sol",4511,3.87888419477679
"gpt-6.1-sol",4512,24.8275687110465
"gpt-6.1-sol",4513,2.10465492622974
"gpt-6.1-sol",4514,5.12447796271955
"gpt-6.1-sol",4515,1.30279899837443
"gpt-6.1-sol",4516,3.3697644902373
"gpt-6.1-sol",4517,2.37021666654165
"gpt-6.1-sol",4518,2.14021155318285
"gpt-6.1-sol",4519,5.12447796271957
"gpt-6.1-sol",4520,5.58139425191466
"gpt-6.1-sol",4521,5.58139425191466
"gpt-6.1-sol",4522,2.53847114594791
"gpt-6.1-sol",4523,6.25120003850969
"gpt-6.1-sol",4524,0.994899798754464
"gpt-6.1-sol",4525,7.68034449354975
"gpt-6.1-sol",4526,6.74930246688791
"gpt-6.1-sol",4527,2.10465492622974
"gpt-6.1-sol",4528,7.29699601421178
"gpt-6.1-sol",4529,5.84266498355596
"gpt-6.1-sol",4530,7.95961321771522
"gpt-6.1-sol",4531,9.45718555494222
"gpt-6.1-sol",4532,3.36358521902869
"gpt-6.1-sol",4533,2.19278513146569
"gpt-6.1-sol",4534,25.5609597870216
"gpt-6.1-sol",4535,1.98032162510348
"gpt-6.1-sol",4536,5.53415192399402
"gpt-6.1-sol",4537,5.23853603652394
"gpt-6.1-sol",4538,4.36767149209227
"gpt-6.1-sol",4539,2.40765491994354
"gpt-6.1-sol",4540,4.36767149209227
"gpt-6.1-sol",4541,6.13973263955716
"gpt-6.1-sol",4542,3.36976449023732
"gpt-6.1-sol",4543,9.64096804110967
"gpt-6.1-sol",4544,6.91328234142362
"gpt-6.1-sol",4545,4.772259823609
"gpt-6.1-sol",4546,4.65138282085302
"gpt-6.1-sol",4547,10.4032738704929
"gpt-6.1-sol",4548,9.33331132399389
"gpt-6.1-sol",4549,5.12447796271958
"gpt-6.1-sol",4550,6.68089816721006
"gpt-6.1-sol",4551,7.29699601421176
"gpt-6.1-sol",4552,6.25120003850969
"gpt-6.1-sol",4553,10.9731975797637
"gpt-6.1-sol",4554,3.58964928847415
"gpt-6.1-sol",4555,-0.432344489155409
"gpt-6.1-sol",4556,0.0250726276919345
"gpt-6.1-sol",4557,3.36976449023729
"gpt-6.1-sol",4558,8.93316719435469
"gpt-6.1-sol",4559,3.44254161804489
"gpt-6.1-sol",4560,6.12803261601333
"gpt-6.1-sol",4561,2.19278513146571
"gpt-6.1-sol",4562,3.71092394058708
"gpt-6.1-sol",4563,4.69524569262889
"gpt-6.1-sol",4564,6.12803261601333
"gpt-6.1-sol",4565,3.90428218373834
"gpt-6.1-sol",4566,7.29699601421175
"gpt-6.1-sol",4567,6.13973263955716
"gpt-6.1-sol",4568,5.12447796271955
"gpt-6.1-sol",4569,6.99919388728516
"gpt-6.1-sol",4570,5.65200959748036
"gpt-6.1-sol",4571,7.68034449354974
"gpt-6.1-sol",4572,6.25120003850969
"gpt-6.1-sol",4573,3.44254161804489
"gpt-6.1-sol",4574,5.58139425191468
"gpt-6.1-sol",4575,6.13973263955717
"gpt-6.1-sol",4576,3.36358521902869
"gpt-6.1-sol",4577,9.45718555494222
"gpt-6.1-sol",4578,5.12447796271956
"gpt-6.1-sol",4579,9.88465363994934
"gpt-6.1-sol",4580,1.08475847295087
"gpt-6.1-sol",4581,2.10465492622975
"gpt-6.1-sol",4582,4.77225982360901
"gpt-6.1-sol",4583,3.8788841947768
"gpt-6.1-sol",4584,6.99919388728516
"gpt-6.1-sol",4585,2.14021155318286
"gpt-6.1-sol",4586,0.994899798754466
"gpt-6.1-sol",4587,3.58964928847413
"gpt-6.1-sol",4588,7.29699601421178
"gpt-6.1-sol",4589,9.86430581803345
"gpt-6.1-sol",4590,2.53847114594791
"gpt-6.1-sol",4591,3.36976449023727
"gpt-6.1-sol",4592,6.74795197329486
"gpt-6.1-sol",4593,2.10143323330438
"gpt-6.1-sol",4594,7.68034449354975
"gpt-6.1-sol",4595,2.10465492622974
"gpt-6.1-sol",4596,5.58139425191465
"gpt-6.1-sol",4597,5.12447796271956
"gpt-6.1-sol",4598,0.175768677094846
"gpt-6.1-sol",4599,7.58935554529429
"gpt-6.1-sol",4600,2.10143323330441
"gpt-6.1-sol",4601,7.29699601421179
"gpt-6.1-sol",4602,4.20421633516601
"gpt-6.1-sol",4603,3.87888419477678
"gpt-6.1-sol",4604,4.60343278588046
"gpt-6.1-sol",4605,2.9354935980728
"gpt-6.1-sol",4606,2.93549359807279
"gpt-6.1-sol",4607,3.36976449023731
"gpt-6.1-sol",4608,0.994899798754453
"gpt-6.1-sol",4609,2.32902699380241
"gpt-6.1-sol",4610,4.71875099516848
"gpt-6.1-sol",4611,7.29699601421176
"gpt-6.1-sol",4612,7.58935554529429
"gpt-6.1-sol",4613,3.36976449023731
"gpt-6.1-sol",4614,5.18309769970087
"gpt-6.1-sol",4615,5.58139425191468
"gpt-6.1-sol",4616,5.18309769970083
"gpt-6.1-sol",4617,7.29699601421176
"gpt-6.1-sol",4618,5.58139425191468
"gpt-6.1-sol",4619,0.972478285142326
"gpt-6.1-sol",4620,3.90428218373835
"gpt-6.1-sol",4621,10.4032738704929
"gpt-6.1-sol",4622,5.58139425191468
"gpt-6.1-sol",4623,6.25120003850969
"gpt-6.1-sol",4624,2.37021666654166
"gpt-6.1-sol",4625,5.53415192399402
"gpt-6.1-sol",4626,1.14705245764049
"gpt-6.1-sol",4627,5.12447796271958
"gpt-6.1-sol",4628,10.4032738704929
"gpt-6.1-sol",4629,2.32902699380243
"gpt-6.1-sol",4630,6.74795197329486
"gpt-6.1-sol",4631,1.08475847295086
"gpt-6.1-sol",4632,6.72114500727542
"gpt-6.1-sol",4633,7.29699601421178
"gpt-6.1-sol",4634,4.60343278588045
"gpt-6.1-sol",4635,0.994899798754463
"gpt-6.1-sol",4636,6.99919388728515
"gpt-6.1-sol",4637,1.30279899837443
"gpt-6.1-sol",4638,5.84266498355599
"gpt-6.1-sol",4639,6.44118884224831
"gpt-6.1-sol",4640,3.36976449023728
"gpt-6.1-sol",4641,5.65200959748037
"gpt-6.1-sol",4642,7.68034449354975
"gpt-6.1-sol",4643,1.24282843593202
"gpt-6.1-sol",4644,4.204216335166
"gpt-6.1-sol",4645,5.23853603652394
"gpt-6.1-sol",4646,4.80916521561329
"gpt-6.1-sol",4647,0.972478285142325
"gpt-6.1-sol",4648,2.10465492622974
"gpt-6.1-sol",4649,28.6204369940708
"gpt-6.1-sol",4650,4.80916521561331
"gpt-6.1-sol",4651,5.842664983556
"gpt-6.1-sol",4652,2.32902699380243
"gpt-6.1-sol",4653,10.9731975797637
"gpt-6.1-sol",4654,5.58139425191467
"gpt-6.1-sol",4655,28.6204369940707
"gpt-6.1-sol",4656,39.6011589820852
"gpt-6.1-sol",4657,25.5609597870215
"gpt-6.1-sol",4658,4.73307812149527
"gpt-6.1-sol",4659,6.44118884224833
"gpt-6.1-sol",4660,3.86881819341202
"gpt-6.1-sol",4661,3.66169107743898
"gpt-6.1-sol",4662,7.95106118677673
"gpt-6.1-sol",4663,5.18309769970083
"gpt-6.1-sol",4664,3.3697644902373
"gpt-6.1-sol",4665,2.53847114594788
"gpt-6.1-sol",4666,8.21268933492908
"gpt-6.1-sol",4667,7.35303596836579
"gpt-6.1-sol",4668,6.39686330750751
"gpt-6.1-sol",4669,3.01877911157106
"gpt-6.1-sol",4670,2.5384711459479
"gpt-6.1-sol",4671,6.91328234142361
"gpt-6.1-sol",4672,6.12803261601333
"gpt-6.1-sol",4673,6.99919388728515
"gpt-6.1-sol",4674,6.74930246688794
"gpt-6.1-sol",4675,2.32902699380242
"gpt-6.1-sol",4676,4.80916521561332
"gpt-6.1-sol",4677,7.58935554529431
"gpt-6.1-sol",4678,2.32902699380241
"gpt-6.1-sol",4679,3.71092394058706
"gpt-6.1-sol",4680,3.36358521902869
"gpt-6.1-sol",4681,10.9731975797637
"gpt-6.1-sol",4682,4.48812639927287
"gpt-6.1-sol",4683,5.84266498355601
"gpt-6.1-sol",4684,1.30279899837441
"gpt-6.1-sol",4685,3.71092394058709
"gpt-6.1-sol",4686,2.88600919063783
"gpt-6.1-sol",4687,2.32902699380242
"gpt-6.1-sol",4688,7.58935554529427
"gpt-6.1-sol",4689,27.0422079120238
"gpt-6.1-sol",4690,3.36358521902867
"gpt-6.1-sol",4691,3.19912282990034
"gpt-6.1-sol",4692,5.58139425191467
"gpt-6.1-sol",4693,3.87888419477679
"gpt-6.1-sol",4694,6.12803261601332
"gpt-6.1-sol",4695,1.01297094543675
"gpt-6.1-sol",4696,7.95961321771523
"gpt-6.1-sol",4697,7.95961321771521
"gpt-6.1-sol",4698,2.40765491994354
"gpt-6.1-sol",4699,3.58964928847415
"gpt-6.1-sol",4700,10.9731975797637
"gpt-6.1-sol",4701,9.64096804110968
"gpt-6.1-sol",4702,2.10143323330439
"gpt-6.1-sol",4703,6.68089816721008
"gpt-6.1-sol",4704,10.2124075237002
"gpt-6.1-sol",4705,6.7493024668879
"gpt-6.1-sol",4706,3.87888419477678
"gpt-6.1-sol",4707,10.9731975797637
"gpt-6.1-sol",4708,9.88465363994933
"gpt-6.1-sol",4709,2.37021666654165
"gpt-6.1-sol",4710,4.204216335166
"gpt-6.1-sol",4711,2.40765491994349
"gpt-6.1-sol",4712,5.12447796271957
"gpt-6.1-sol",4713,3.90428218373835
"gpt-6.1-sol",4714,3.90428218373831
"gpt-6.1-sol",4715,1.01297094543676
"gpt-6.1-sol",4716,2.53847114594791
"gpt-6.1-sol",4717,4.69524569262887
"gpt-6.1-sol",4718,6.44118884224835
"gpt-6.1-sol",4719,27.0422079120237
"gpt-6.1-sol",4720,6.74930246688793
"gpt-6.1-sol",4721,5.77307852856878
"gpt-6.1-sol",4722,7.95961321771523
"gpt-6.1-sol",4723,1.98032162510349
"gpt-6.1-sol",4724,4.81756905604555
"gpt-6.1-sol",4725,8.93316719435469
"gpt-6.1-sol",4726,4.8091652156133
"gpt-6.1-sol",4727,3.3697644902373
"gpt-6.1-sol",4728,3.90428218373834
"gpt-6.1-sol",4729,4.48812639927288
"gpt-6.1-sol",4730,25.5609597870216
"gpt-6.1-sol",4731,5.65200959748037
"gpt-6.1-sol",4732,5.53415192399402
"gpt-6.1-sol",4733,9.45718555494222
"gpt-6.1-sol",4734,4.46771284148697
"gpt-6.1-sol",4735,6.25120003850969
"gpt-6.1-sol",4736,9.88465363994934
"gpt-6.1-sol",4737,8.59480689232585
"gpt-6.1-sol",4738,0.994899798754459
"gpt-6.1-sol",4739,3.71092394058708
"gpt-6.1-sol",4740,24.8275687110465
"gpt-6.1-sol",4741,10.2124075237002
"gpt-6.1-sol",4742,24.8275687110465
"gpt-6.1-sol",4743,3.58964928847415
"gpt-6.1-sol",4744,10.4032738704929
"gpt-6.1-sol",4745,3.3697644902373
"gpt-6.1-sol",4746,7.95106118677673
"gpt-6.1-sol",4747,37.7096212875436
"gpt-6.1-sol",4748,10.9731975797637
"gpt-6.1-sol",4749,5.12447796271957
"gpt-6.1-sol",4750,4.71875099516848
"gpt-6.1-sol",4751,6.12803261601333
"gpt-6.1-sol",4752,9.33331132399394
"gpt-6.1-sol",4753,3.3697644902373
"gpt-6.1-sol",4754,6.9132823414236
"gpt-6.1-sol",4755,9.86430581803344
"gpt-6.1-sol",4756,9.33331132399391
"gpt-6.1-sol",4757,4.69524569262887
"gpt-6.1-sol",4758,7.95961321771521
"gpt-6.1-sol",4759,3.44254161804489
"gpt-6.1-sol",4760,3.4425416180449
"gpt-6.1-sol",4761,2.13836063588366
"gpt-6.1-sol",4762,7.29699601421178
"gpt-6.1-sol",4763,1.92945169508788
"gpt-6.1-sol",4764,6.25120003850969
"gpt-6.1-sol",4765,3.71092394058707
"gpt-6.1-sol",4766,5.58139425191467
"gpt-6.1-sol",4767,6.25120003850968
"gpt-6.1-sol",4768,6.9132823414236
"gpt-6.1-sol",4769,6.72114500727542
"gpt-6.1-sol",4770,9.86430581803346
"gpt-6.1-sol",4771,3.36358521902868
"gpt-6.1-sol",4772,3.87888419477681
"gpt-6.1-sol",4773,6.39686330750751
"gpt-6.1-sol",4774,1.92945169508789
"gpt-6.1-sol",4775,4.46771284148698
"gpt-6.1-sol",4776,3.90428218373831
"gpt-6.1-sol",4777,9.88465363994934
"gpt-6.1-sol",4778,0.0250726276919345
"gpt-6.1-sol",4779,5.83362160874472
"gpt-6.1-sol",4780,6.13973263955715
"gpt-6.1-sol",4781,5.70741860166005
"gpt-6.1-sol",4782,2.10143323330441
"gpt-6.1-sol",4783,3.86881819341202
"gpt-6.1-sol",4784,2.4076549199435
"gpt-6.1-sol",4785,3.17512955336746
"gpt-6.1-sol",4786,6.72114500727545
"gpt-6.1-sol",4787,2.32902699380242
"gpt-6.1-sol",4788,4.80916521561329
"gpt-6.1-sol",4789,3.86881819341202
"gpt-6.1-sol",4790,6.99919388728516
"gpt-6.1-sol",4791,4.20421633516601
"gpt-6.1-sol",4792,5.60052907671982
"gpt-6.1-sol",4793,2.92151781308123
"gpt-6.1-sol",4794,2.40765491994353
"gpt-6.1-sol",4795,5.58139425191465
"gpt-6.1-sol",4796,6.44118884224835
"gpt-6.1-sol",4797,6.9132823414236
"gpt-6.1-sol",4798,6.44118884224835
"gpt-6.1-sol",4799,2.10143323330441
"gpt-6.1-sol",4800,1.88702152799597
"gpt-6.1-sol",4801,5.12447796271957
"gpt-6.1-sol",4802,4.36767149209227
"gpt-6.1-sol",4803,4.65138282085304
"gpt-6.1-sol",4804,5.84266498355599
"gpt-6.1-sol",4805,3.9042821837383
"gpt-6.1-sol",4806,3.71092394058706
"gpt-6.1-sol",4807,2.32902699380241
"gpt-6.1-sol",4808,7.95106118677675
"gpt-6.1-sol",4809,2.5384711459479
"gpt-6.1-sol",4810,1.14705245764049
"gpt-6.1-sol",4811,39.6011589820852
"gpt-6.1-sol",4812,5.58139425191466
"gpt-6.1-sol",4813,27.0422079120237
"gpt-6.1-sol",4814,5.60052907671984
"gpt-6.1-sol",4815,6.74930246688789
"gpt-6.1-sol",4816,4.36767149209229
"gpt-6.1-sol",4817,7.29699601421176
"gpt-6.1-sol",4818,2.10143323330439
"gpt-6.1-sol",4819,5.65200959748038
"gpt-6.1-sol",4820,6.44118884224834
"gpt-6.1-sol",4821,5.84266498355599
"gpt-6.1-sol",4822,6.13973263955717
"gpt-6.1-sol",4823,1.3027989983744
"gpt-6.1-sol",4824,1.24282843593202
"gpt-6.1-sol",4825,9.64096804110967
"gpt-6.1-sol",4826,2.37021666654165
"gpt-6.1-sol",4827,3.36976449023729
"gpt-6.1-sol",4828,4.46771284148699
"gpt-6.1-sol",4829,6.25120003850968
"gpt-6.1-sol",4830,6.25120003850969
"gpt-6.1-sol",4831,5.77307852856876
"gpt-6.1-sol",4832,10.9731975797637
"gpt-6.1-sol",4833,5.83362160874472
"gpt-6.1-sol",4834,4.772259823609
"gpt-6.1-sol",4835,7.29699601421177
"gpt-6.1-sol",4836,5.12447796271956
"gpt-6.1-sol",4837,4.36767149209226
"gpt-6.1-sol",4838,3.36358521902869
"gpt-6.1-sol",4839,3.17512955336746
"gpt-6.1-sol",4840,3.87888419477681
"gpt-6.1-sol",4841,2.37021666654165
"gpt-6.1-sol",4842,5.84266498355599
"gpt-6.1-sol",4843,8.59480689232585
"gpt-6.1-sol",4844,24.8300170948015
"gpt-6.1-sol",4845,4.17716862295765
"gpt-6.1-sol",4846,6.74930246688791
"gpt-6.1-sol",4847,28.6204369940708
"gpt-6.1-sol",4848,24.8300170948015
"gpt-6.1-sol",4849,8.21268933492908
"gpt-6.1-sol",4850,5.77307852856875
"gpt-6.1-sol",4851,3.58964928847415
"gpt-6.1-sol",4852,3.8788841947768
"gpt-6.1-sol",4853,3.36976449023729
"gpt-6.1-sol",4854,6.68089816721009
"gpt-6.1-sol",4855,5.12447796271957
"gpt-6.1-sol",4856,3.36976449023731
"gpt-6.1-sol",4857,6.91328234142362
"gpt-6.1-sol",4858,5.58139425191468
"gpt-6.1-sol",4859,1.08475847295086
"gpt-6.1-sol",4860,5.58139425191467
"gpt-6.1-sol",4861,6.13973263955716
"gpt-6.1-sol",4862,2.14021155318286
"gpt-6.1-sol",4863,3.36358521902869
"gpt-6.1-sol",4864,5.18309769970082
"gpt-6.1-sol",4865,2.32902699380243
"gpt-6.1-sol",4866,0.175768677094827
"gpt-6.1-sol",4867,-0.0317483487820058
"gpt-6.1-sol",4868,6.74930246688791
"gpt-6.1-sol",4869,6.13973263955716
"gpt-6.1-sol",4870,4.81756905604555
"gpt-6.1-sol",4871,5.53415192399402
"gpt-6.1-sol",4872,6.74930246688794
"gpt-6.1-sol",4873,7.68034449354974
"gpt-6.1-sol",4874,5.77307852856875
"gpt-6.1-sol",4875,3.58964928847415
"gpt-6.1-sol",4876,6.39686330750748
"gpt-6.1-sol",4877,10.9731975797637
"gpt-6.1-sol",4878,7.58935554529428
"gpt-6.1-sol",4879,6.13973263955715
"gpt-6.1-sol",4880,2.53847114594789
"gpt-6.1-sol",4881,8.59480689232586
"gpt-6.1-sol",4882,5.65200959748039
"gpt-6.1-sol",4883,5.58139425191468
"gpt-6.1-sol",4884,5.65200959748036
"gpt-6.1-sol",4885,3.17512955336745
"gpt-6.1-sol",4886,6.99919388728516
"gpt-6.1-sol",4887,2.93549359807281
"gpt-6.1-sol",4888,3.87888419477681
"gpt-6.1-sol",4889,27.0422079120237
"gpt-6.1-sol",4890,3.17512955336748
"gpt-6.1-sol",4891,6.25120003850969
"gpt-6.1-sol",4892,3.90428218373834
"gpt-6.1-sol",4893,4.81756905604554
"gpt-6.1-sol",4894,6.99919388728515
"gpt-6.1-sol",4895,6.3968633075075
"gpt-6.1-sol",4896,4.69524569262889
"gpt-6.1-sol",4897,6.7493024668879
"gpt-6.1-sol",4898,0.0250726276919213
"gpt-6.1-sol",4899,4.65138282085302
"gpt-6.1-sol",4900,4.76854033771036
"gpt-6.1-sol",4901,6.13973263955714
"gpt-6.1-sol",4902,4.81874785688041
"gpt-6.1-sol",4903,5.84266498355599
"gpt-6.1-sol",4904,6.25120003850969
"gpt-6.1-sol",4905,0.0250726276919137
"gpt-6.1-sol",4906,5.12447796271956
"gpt-6.1-sol",4907,5.58139425191465
"gpt-6.1-sol",4908,6.13973263955716
"gpt-6.1-sol",4909,28.6204369940708
"gpt-6.1-sol",4910,5.84266498355599
"gpt-6.1-sol",4911,2.19278513146571
"gpt-6.1-sol",4912,3.86881819341203
"gpt-6.1-sol",4913,6.13973263955715
"gpt-6.1-sol",4914,7.29699601421171
"gpt-6.1-sol",4915,8.93316719435469
"gpt-6.1-sol",4916,3.66169107743898
"gpt-6.1-sol",4917,4.69524569262889
"gpt-6.1-sol",4918,12.374262861846
"gpt-6.1-sol",4919,5.84266498355601
"gpt-6.1-sol",4920,5.12447796271957
"gpt-6.1-sol",4921,2.1014332333044
"gpt-6.1-sol",4922,3.90428218373833
"gpt-6.1-sol",4923,7.68034449354975
"gpt-6.1-sol",4924,6.44118884224831
"gpt-6.1-sol",4925,9.3333113239939
"gpt-6.1-sol",4926,3.36358521902869
"gpt-6.1-sol",4927,3.71092394058707
"gpt-6.1-sol",4928,1.98032162510348
"gpt-6.1-sol",4929,7.68034449354974
"gpt-6.1-sol",4930,6.13973263955715
"gpt-6.1-sol",4931,3.3697644902373
"gpt-6.1-sol",4932,3.67035354340491
"gpt-6.1-sol",4933,4.60343278588046
"gpt-6.1-sol",4934,1.98032162510348
"gpt-6.1-sol",4935,10.4032738704929
"gpt-6.1-sol",4936,2.88600919063785
"gpt-6.1-sol",4937,3.90428218373835
"gpt-6.1-sol",4938,3.66169107743898
"gpt-6.1-sol",4939,4.204216335166
"gpt-6.1-sol",4940,12.3742628618459
"gpt-6.1-sol",4941,6.72114500727543
"gpt-6.1-sol",4942,6.74930246688792
"gpt-6.1-sol",4943,3.71092394058706
"gpt-6.1-sol",4944,4.73307812149528
"gpt-6.1-sol",4945,8.21268933492908
"gpt-6.1-sol",4946,6.68089816721006
"gpt-6.1-sol",4947,5.12447796271958
"gpt-6.1-sol",4948,3.71092394058706
"gpt-6.1-sol",4949,27.0422079120238
"gpt-6.1-sol",4950,4.8187478568804
"gpt-6.1-sol",4951,5.53415192399402
"gpt-6.1-sol",4952,4.17716862295767
"gpt-6.1-sol",4953,3.58964928847415
"gpt-6.1-sol",4954,7.58935554529428
"gpt-6.1-sol",4955,6.25120003850969
"gpt-6.1-sol",4956,7.95961321771521
"gpt-6.1-sol",4957,6.3968633075075
"gpt-6.1-sol",4958,3.66169107743898
"gpt-6.1-sol",4959,6.4411888422483
"gpt-6.1-sol",4960,0.0250726276919069
"gpt-6.1-sol",4961,7.58935554529428
"gpt-6.1-sol",4962,5.84266498355599
"gpt-6.1-sol",4963,4.76854033771034
"gpt-6.1-sol",4964,5.84266498355599
"gpt-6.1-sol",4965,3.90428218373832
"gpt-6.1-sol",4966,7.29699601421177
"gpt-6.1-sol",4967,1.01297094543676
"gpt-6.1-sol",4968,2.37021666654165
"gpt-6.1-sol",4969,4.65138282085304
"gpt-6.1-sol",4970,5.58139425191468
"gpt-6.1-sol",4971,6.91328234142362
"gpt-6.1-sol",4972,6.13973263955716
"gpt-6.1-sol",4973,5.12447796271956
"gpt-6.1-sol",4974,2.13836063588366
"gpt-6.1-sol",4975,-0.432344489155393
"gpt-6.1-sol",4976,4.81756905604554
"gpt-6.1-sol",4977,6.74795197329486
"gpt-6.1-sol",4978,9.88465363994936
"gpt-6.1-sol",4979,3.44254161804489
"gpt-6.1-sol",4980,3.87888419477679
"gpt-6.1-sol",4981,5.70741860166004
"gpt-6.1-sol",4982,3.87888419477679
"gpt-6.1-sol",4983,4.81756905604554
"gpt-6.1-sol",4984,4.6952456926289
"gpt-6.1-sol",4985,3.19912282990033
"gpt-6.1-sol",4986,7.58935554529428
"gpt-6.1-sol",4987,9.45718555494223
"gpt-6.1-sol",4988,4.80916521561331
"gpt-6.1-sol",4989,4.69524569262887
"gpt-6.1-sol",4990,6.9132823414236
"gpt-6.1-sol",4991,5.53415192399402
"gpt-6.1-sol",4992,9.33331132399394
"gpt-6.1-sol",4993,4.36767149209227
"gpt-6.1-sol",4994,5.12447796271959
"gpt-6.1-sol",4995,0.994899798754463
"gpt-6.1-sol",4996,2.40765491994354
"gpt-6.1-sol",4997,6.91328234142362
"gpt-6.1-sol",4998,3.87888419477679
"gpt-6.1-sol",4999,0.0250726276919089
"gpt-6.1-sol",5000,3.19912282990033
